RxnID,Pathway,fasta_id,smiles,pred_log10[kcat(s^-1)],pred_log10[Km(mM)],pred_log10[kcat/Km(s^-1mM^-1)]
HBCHLR,Butanoate metabolism,A0A2K3E1B3_wild,C[C@H](CC(=O)SCCNC(=O)CCNC(=O)[C@@H](C(C)(C)COP(=O)(O)OP(=O)(O)OC[C@@H]1[C@H]([C@H]([C@@H](O1)N2C=NC3=C(N=CN=C32)N)O)OP(=O)(O)O)O)O,0.942345917,-1.515880942,1.430236578
HBCO_nadp,Butanoate metabolism,A0A2K3D509_wild,CC(=O)CC(=O)SCCNC(=O)CCNC(=O)[C@@H](C(C)(C)COP(=O)(O)OP(=O)(O)OC[C@@H]1[C@H]([C@H]([C@@H](O1)N2C=NC3=C(N=CN=C32)N)O)OP(=O)(O)O)O,-0.40278545,-1.31908381,0.87490195
HBCO_nadp,Butanoate metabolism,A0A2K3D509_wild,[H+],0.385752618,0.394217819,0.171299085
HBCO_nadp,Butanoate metabolism,A0A2K3D509_wild,C1C=CN(C=C1C(=O)N)[C@H]2[C@@H]([C@@H]([C@H](O2)COP(=O)(O)OP(=O)(O)OC[C@@H]3[C@H]([C@H]([C@@H](O3)N4C=NC5=C(N=CN=C54)N)OP(=O)(O)O)O)O)O,-0.203081205,-1.365393639,1.169592142
HBCO_nadp_m,Butanoate metabolism,A0A2K3D509_wild,CC(=O)CC(=O)SCCNC(=O)CCNC(=O)[C@@H](C(C)(C)COP(=O)(O)OP(=O)(O)OC[C@@H]1[C@H]([C@H]([C@@H](O1)N2C=NC3=C(N=CN=C32)N)O)OP(=O)(O)O)O,-0.40278545,-1.31908381,0.87490195
HBCO_nadp_m,Butanoate metabolism,A0A2K3D509_wild,[H+],0.385752618,0.394217819,0.171299085
HBCO_nadp_m,Butanoate metabolism,A0A2K3D509_wild,C1C=CN(C=C1C(=O)N)[C@H]2[C@@H]([C@@H]([C@H](O2)COP(=O)(O)OP(=O)(O)OC[C@@H]3[C@H]([C@H]([C@@H](O3)N4C=NC5=C(N=CN=C54)N)OP(=O)(O)O)O)O)O,-0.203081205,-1.365393639,1.169592142
HBNOm,Butanoate metabolism,A0A2K3DLE1_wild,C[C@H](CC(=O)O)O,0.682606518,0.58207494,0.174093753
HBNOm,Butanoate metabolism,A0A2K3DLE1_wild,C1=CC(=C[N+](=C1)[C@H]2[C@@H]([C@@H]([C@H](O2)COP(=O)([O-])OP(=O)(O)OC[C@@H]3[C@H]([C@H]([C@@H](O3)N4C=NC5=C(N=CN=C54)N)O)O)O)O)C(=O)N,1.344215274,-0.945824444,1.850754738
HBNOx,Butanoate metabolism,A0A2K3DLE1_wild,C[C@H](CC(=O)O)O,0.682606518,0.58207494,0.174093753
HBNOx,Butanoate metabolism,A0A2K3DLE1_wild,C1=CC(=C[N+](=C1)[C@H]2[C@@H]([C@@H]([C@H](O2)COP(=O)([O-])OP(=O)(O)OC[C@@H]3[C@H]([C@H]([C@@H](O3)N4C=NC5=C(N=CN=C54)N)O)O)O)O)C(=O)N,1.344215274,-0.945824444,1.850754738
BNOR,Butanoate metabolism,A8JI07_wild,CCCC=O,0.673934817,-0.01703468,1.047672987
BNOR,Butanoate metabolism,A8JI07_wild,CC(C)(COP(=O)(O)OP(=O)(O)OC[C@@H]1[C@H]([C@H]([C@@H](O1)N2C=NC3=C(N=CN=C32)N)O)OP(=O)(O)O)[C@H](C(=O)NCCC(=O)NCCS)O,0.888476372,-1.578896165,1.792533517
BNOR,Butanoate metabolism,A8JI07_wild,C1=CC(=C[N+](=C1)[C@H]2[C@@H]([C@@H]([C@H](O2)COP(=O)([O-])OP(=O)(O)OC[C@@H]3[C@H]([C@H]([C@@H](O3)N4C=NC5=C(N=CN=C54)N)O)O)O)O)C(=O)N,1.266157389,-0.615958035,1.586044192
BNORh,Butanoate metabolism,A8JI07_wild,CCCC=O,0.673934817,-0.01703468,1.047672987
BNORh,Butanoate metabolism,A8JI07_wild,CC(C)(COP(=O)(O)OP(=O)(O)OC[C@@H]1[C@H]([C@H]([C@@H](O1)N2C=NC3=C(N=CN=C32)N)O)OP(=O)(O)O)[C@H](C(=O)NCCC(=O)NCCS)O,0.888476372,-1.578896165,1.792533517
BNORh,Butanoate metabolism,A8JI07_wild,C1=CC(=C[N+](=C1)[C@H]2[C@@H]([C@@H]([C@H](O2)COP(=O)([O-])OP(=O)(O)OC[C@@H]3[C@H]([C@H]([C@@H](O3)N4C=NC5=C(N=CN=C54)N)O)O)O)O)C(=O)N,1.266157389,-0.615958035,1.586044192
BTS,Butanoate metabolism,A0A2K3DES2_wild,CCCC=O,0.134800375,-0.254061043,0.686407566
BTS,Butanoate metabolism,A0A2K3DES2_wild,[H+],0.753588855,0.204429299,0.554201007
BTS,Butanoate metabolism,A0A2K3DES2_wild,NC(=O)C1=CN([C@@H]2O[C@H](COP(=O)(O)OP(=O)(O)OC[C@H]3O[C@H](n4cnc5c(N)ncnc54)[C@H](O)[C@@H]3O)[C@@H](O)[C@H]2O)C=CC1,0.399637729,-1.676647186,1.806273222
BTS_nadph,Butanoate metabolism,A0A2K3DES2_wild,CCCC=O,0.134800375,-0.254061043,0.686407566
BTS_nadph,Butanoate metabolism,A0A2K3DES2_wild,[H+],0.753588855,0.204429299,0.554201007
BTS_nadph,Butanoate metabolism,A0A2K3DES2_wild,C1C=CN(C=C1C(=O)N)[C@H]2[C@@H]([C@@H]([C@H](O2)COP(=O)(O)OP(=O)(O)OC[C@@H]3[C@H]([C@H]([C@@H](O3)N4C=NC5=C(N=CN=C54)N)OP(=O)(O)O)O)O)O,0.437783092,-1.537958384,1.811609626
SSNOh,Butanoate metabolism,A0A2K3DI27_wild,O,1.864124656,0.094201602,1.242417693
SSNOh,Butanoate metabolism,A0A2K3DI27_wild,C1=CC(=C[N+](=C1)[C@H]2[C@@H]([C@@H]([C@H](O2)COP(=O)([O-])OP(=O)(O)OC[C@@H]3[C@H]([C@H]([C@@H](O3)N4C=NC5=C(N=CN=C54)N)O)O)O)O)C(=O)N,1.190678835,-0.709990501,1.444689035
SSNOh,Butanoate metabolism,A0A2K3DI27_wild,C(CC(=O)O)C=O,0.59580195,-0.310176969,0.728293955
SSNOm,Butanoate metabolism,A0A2K3DI27_wild,O,1.864124656,0.094201602,1.242417693
SSNOm,Butanoate metabolism,A0A2K3DI27_wild,C1=CC(=C[N+](=C1)[C@H]2[C@@H]([C@@H]([C@H](O2)COP(=O)([O-])OP(=O)(O)OC[C@@H]3[C@H]([C@H]([C@@H](O3)N4C=NC5=C(N=CN=C54)N)O)O)O)O)C(=O)N,1.190678835,-0.709990501,1.444689035
SSNOm,Butanoate metabolism,A0A2K3DI27_wild,C(CC(=O)O)C=O,0.59580195,-0.310176969,0.728293955
HBCHLR_REV,Butanoate metabolism,A0A2K3E1B3_wild,C/C=C/C(=O)SCCNC(=O)CCNC(=O)[C@@H](C(C)(C)COP(=O)(O)OP(=O)(O)OC[C@@H]1[C@H]([C@H]([C@@H](O1)N2C=NC3=C(N=CN=C32)N)O)OP(=O)(O)O)O,0.93966043,-1.540048718,1.462773204
HBCHLR_REV,Butanoate metabolism,A0A2K3E1B3_wild,O,1.953624129,-0.032067578,1.153300762
HBCO_nadp_REV,Butanoate metabolism,A0A2K3D509_wild,C[C@@H](CC(=O)SCCNC(=O)CCNC(=O)[C@@H](C(C)(C)COP(=O)(O)OP(=O)(O)OC[C@@H]1[C@H]([C@H]([C@@H](O1)N2C=NC3=C(N=CN=C32)N)O)OP(=O)(O)O)O)O,-0.37530762,-1.339964032,0.874279976
HBCO_nadp_REV,Butanoate metabolism,A0A2K3D509_wild,C1=CC(=C[N+](=C1)[C@H]2[C@@H]([C@@H]([C@H](O2)COP(=O)([O-])OP(=O)([O-])OC[C@@H]3[C@H]([C@H]([C@@H](O3)N4C=NC5=C(N=CN=C54)N)OP(=O)([O-])[O-])O)O)O)C(=O)N,-0.184709296,-0.755290508,0.665432036
HBCO_nadp_m_REV,Butanoate metabolism,A0A2K3D509_wild,C[C@@H](CC(=O)SCCNC(=O)CCNC(=O)[C@@H](C(C)(C)COP(=O)(O)OP(=O)(O)OC[C@@H]1[C@H]([C@H]([C@@H](O1)N2C=NC3=C(N=CN=C32)N)O)OP(=O)(O)O)O)O,-0.37530762,-1.339964032,0.874279976
HBCO_nadp_m_REV,Butanoate metabolism,A0A2K3D509_wild,C1=CC(=C[N+](=C1)[C@H]2[C@@H]([C@@H]([C@H](O2)COP(=O)([O-])OP(=O)([O-])OC[C@@H]3[C@H]([C@H]([C@@H](O3)N4C=NC5=C(N=CN=C54)N)OP(=O)([O-])[O-])O)O)O)C(=O)N,-0.184709296,-0.755290508,0.665432036
HBNOm_REV,Butanoate metabolism,A0A2K3DLE1_wild,CC(=O)CC(=O)[O-],0.995477676,-0.234739929,0.870289922
HBNOm_REV,Butanoate metabolism,A0A2K3DLE1_wild,[H+],1.549498439,0.184560552,1.038332701
HBNOm_REV,Butanoate metabolism,A0A2K3DLE1_wild,NC(=O)C1=CN([C@@H]2O[C@H](COP(=O)(O)OP(=O)(O)OC[C@H]3O[C@H](n4cnc5c(N)ncnc54)[C@H](O)[C@@H]3O)[C@@H](O)[C@H]2O)C=CC1,1.043307066,-1.876407027,2.230449438
HBNOx_REV,Butanoate metabolism,A0A2K3DLE1_wild,CC(=O)CC(=O)[O-],0.995477676,-0.234739929,0.870289922
HBNOx_REV,Butanoate metabolism,A0A2K3DLE1_wild,[H+],1.549498439,0.184560552,1.038332701
HBNOx_REV,Butanoate metabolism,A0A2K3DLE1_wild,NC(=O)C1=CN([C@@H]2O[C@H](COP(=O)(O)OP(=O)(O)OC[C@H]3O[C@H](n4cnc5c(N)ncnc54)[C@H](O)[C@@H]3O)[C@@H](O)[C@H]2O)C=CC1,1.043307066,-1.876407027,2.230449438
arm_HBCHL,Butanoate metabolism,A0A2K3CS97_wild,C[C@@H](CC(=O)SCCNC(=O)CCNC(=O)[C@@H](C(C)(C)COP(=O)(O)OP(=O)(O)OC[C@@H]1[C@H]([C@H]([C@@H](O1)N2C=NC3=C(N=CN=C32)N)O)OP(=O)(O)O)O)O,1.296200752,-2.026735783,2.691430569
arm_HBCHL,Butanoate metabolism,A0A2K3E1B3_wild,C[C@@H](CC(=O)SCCNC(=O)CCNC(=O)[C@@H](C(C)(C)COP(=O)(O)OP(=O)(O)OC[C@@H]1[C@H]([C@H]([C@@H](O1)N2C=NC3=C(N=CN=C32)N)O)OP(=O)(O)O)O)O,0.944182694,-1.518491983,1.432573557
arm_HBCHLm,Butanoate metabolism,A0A2K3CS97_wild,C[C@@H](CC(=O)SCCNC(=O)CCNC(=O)[C@@H](C(C)(C)COP(=O)(O)OP(=O)(O)OC[C@@H]1[C@H]([C@H]([C@@H](O1)N2C=NC3=C(N=CN=C32)N)O)OP(=O)(O)O)O)O,1.296200752,-2.026735783,2.691430569
arm_HBCHLm,Butanoate metabolism,A0A2K3DC00_wild,C[C@@H](CC(=O)SCCNC(=O)CCNC(=O)[C@@H](C(C)(C)COP(=O)(O)OP(=O)(O)OC[C@@H]1[C@H]([C@H]([C@@H](O1)N2C=NC3=C(N=CN=C32)N)O)OP(=O)(O)O)O)O,0.293412596,-1.998622894,1.747281671
arm_HBCHLm,Butanoate metabolism,A8IRX0_wild,C[C@@H](CC(=O)SCCNC(=O)CCNC(=O)[C@@H](C(C)(C)COP(=O)(O)OP(=O)(O)OC[C@@H]1[C@H]([C@H]([C@@H](O1)N2C=NC3=C(N=CN=C32)N)O)OP(=O)(O)O)O)O,0.447222143,-1.778118134,1.807065248
arm_HBCOm,Butanoate metabolism,A0A2K3CS97_wild,C[C@@H](CC(=O)SCCNC(=O)CCNC(=O)[C@@H](C(C)(C)COP(=O)(O)OP(=O)(O)OC[C@@H]1[C@H]([C@H]([C@@H](O1)N2C=NC3=C(N=CN=C32)N)O)OP(=O)(O)O)O)O,1.296200752,-2.026735783,2.691430569
arm_HBCOm,Butanoate metabolism,A0A2K3CS97_wild,C1=CC(=C[N+](=C1)[C@H]2[C@@H]([C@@H]([C@H](O2)COP(=O)([O-])OP(=O)(O)OC[C@@H]3[C@H]([C@H]([C@@H](O3)N4C=NC5=C(N=CN=C54)N)O)O)O)O)C(=O)N,1.524069667,-1.28091073,2.430860281
arm_HBCOm,Butanoate metabolism,A8IRX0_wild,C[C@@H](CC(=O)SCCNC(=O)CCNC(=O)[C@@H](C(C)(C)COP(=O)(O)OP(=O)(O)OC[C@@H]1[C@H]([C@H]([C@@H](O1)N2C=NC3=C(N=CN=C32)N)O)OP(=O)(O)O)O)O,0.447222143,-1.778118134,1.807065248
arm_HBCOm,Butanoate metabolism,A8IRX0_wild,C1=CC(=C[N+](=C1)[C@H]2[C@@H]([C@@H]([C@H](O2)COP(=O)([O-])OP(=O)(O)OC[C@@H]3[C@H]([C@H]([C@@H](O3)N4C=NC5=C(N=CN=C54)N)O)O)O)O)C(=O)N,0.732104123,-1.180744886,1.665366411
arm_HBCHL_REV,Butanoate metabolism,A0A2K3CS97_wild,C/C=C/C(=O)SCCNC(=O)CCNC(=O)[C@@H](C(C)(C)COP(=O)(O)OP(=O)(O)OC[C@@H]1[C@H]([C@H]([C@@H](O1)N2C=NC3=C(N=CN=C32)N)O)OP(=O)(O)O)O,1.274828672,-2.066994667,2.753063917
arm_HBCHL_REV,Butanoate metabolism,A0A2K3CS97_wild,O,2.159112453,-0.425760984,2.215360165
arm_HBCHL_REV,Butanoate metabolism,A0A2K3E1B3_wild,C/C=C/C(=O)SCCNC(=O)CCNC(=O)[C@@H](C(C)(C)COP(=O)(O)OP(=O)(O)OC[C@@H]1[C@H]([C@H]([C@@H](O1)N2C=NC3=C(N=CN=C32)N)O)OP(=O)(O)O)O,0.93966043,-1.540048718,1.462773204
arm_HBCHL_REV,Butanoate metabolism,A0A2K3E1B3_wild,O,1.953624129,-0.032067578,1.153300762
arm_HBCHLm_REV,Butanoate metabolism,A0A2K3CS97_wild,C/C=C/C(=O)SCCNC(=O)CCNC(=O)[C@@H](C(C)(C)COP(=O)(O)OP(=O)(O)OC[C@@H]1[C@H]([C@H]([C@@H](O1)N2C=NC3=C(N=CN=C32)N)O)OP(=O)(O)O)O,1.274828672,-2.066994667,2.753063917
arm_HBCHLm_REV,Butanoate metabolism,A0A2K3CS97_wild,O,2.159112453,-0.425760984,2.215360165
arm_HBCHLm_REV,Butanoate metabolism,A0A2K3DC00_wild,C/C=C/C(=O)SCCNC(=O)CCNC(=O)[C@@H](C(C)(C)COP(=O)(O)OP(=O)(O)OC[C@@H]1[C@H]([C@H]([C@@H](O1)N2C=NC3=C(N=CN=C32)N)O)OP(=O)(O)O)O,0.281155527,-2.012179852,1.778247476
arm_HBCHLm_REV,Butanoate metabolism,A0A2K3DC00_wild,O,1.38884294,-0.523055613,1.522048473
arm_HBCHLm_REV,Butanoate metabolism,A8IRX0_wild,C/C=C/C(=O)SCCNC(=O)CCNC(=O)[C@@H](C(C)(C)COP(=O)(O)OP(=O)(O)OC[C@@H]1[C@H]([C@H]([C@@H](O1)N2C=NC3=C(N=CN=C32)N)O)OP(=O)(O)O)O,0.432281345,-1.819214225,1.838233232
arm_HBCHLm_REV,Butanoate metabolism,A8IRX0_wild,O,1.456944704,-0.272905886,1.573025227
ALCD19,Glycerolipid metabolism,A0A2K3DEH4_wild,C([C@H](C=O)O)O,0.963584721,0.76773876,0.398037165
ALCD19,Glycerolipid metabolism,A0A2K3DEH4_wild,[H+],1.620221853,0.423197418,1.074726105
ALCD19,Glycerolipid metabolism,A0A2K3DEH4_wild,NC(=O)C1=CN([C@@H]2O[C@H](COP(=O)(O)OP(=O)(O)OC[C@H]3O[C@H](n4cnc5c(N)ncnc54)[C@H](O)[C@@H]3O)[C@@H](O)[C@H]2O)C=CC1,0.904080391,-1.796923995,2.249189854
ALCD19y,Glycerolipid metabolism,A0A2K3DEH4_wild,C([C@H](C=O)O)O,0.963584721,0.76773876,0.398037165
ALCD19y,Glycerolipid metabolism,A0A2K3DEH4_wild,[H+],1.620221853,0.423197418,1.074726105
ALCD19y,Glycerolipid metabolism,A0A2K3DEH4_wild,C1C=CN(C=C1C(=O)N)[C@H]2[C@@H]([C@@H]([C@H](O2)COP(=O)(O)OP(=O)(O)OC[C@@H]3[C@H]([C@H]([C@@H](O3)N4C=NC5=C(N=CN=C54)N)OP(=O)(O)O)O)O)O,1.086906672,-1.628275871,2.293232441
GLYALDOR,Glycerolipid metabolism,A0A2K3D399_wild,C([C@H](C(=O)O)O)O,0.175480396,-0.321761429,0.676390886
GLYALDOR,Glycerolipid metabolism,A0A2K3D399_wild,[H+],1.062973976,-0.579687238,1.476618528
GLYALDOR,Glycerolipid metabolism,A0A2K3D399_wild,NC(=O)C1=CN([C@@H]2O[C@H](COP(=O)(O)OP(=O)(O)OC[C@H]3O[C@H](n4cnc5c(N)ncnc54)[C@H](O)[C@@H]3O)[C@@H](O)[C@H]2O)C=CC1,0.448400438,-2.189690351,2.357686996
ACPT16018111Z,Glycerolipid metabolism,Q6DN05_wild,CCCCCCCCCCCCCCCC(=O)OC[C@H](CO)OC(=O)CCCCCCCCC/C=C\CCCCCC,-0.076121129,-1.203601837,0.958919644
ACPT16018111Z,Glycerolipid metabolism,Q6DN05_wild,C[S+](CC[C@@H](C(=O)[O-])N)C[C@@H]1[C@H]([C@H]([C@@H](O1)N2C=NC3=C(N=CN=C32)N)O)O,-0.211374834,-1.427442074,1.095343709
ACPT1601819Z,Glycerolipid metabolism,Q6DN05_wild,CCCCCCCCCCCCCCCC(=O)OC[C@H](CO)OC(=O)CCCCCCC/C=C\CCCCCCCC,0.005903139,-1.197828531,1.01775229
ACPT1601819Z,Glycerolipid metabolism,Q6DN05_wild,C[S+](CC[C@@H](C(=O)[O-])N)C[C@@H]1[C@H]([C@H]([C@@H](O1)N2C=NC3=C(N=CN=C32)N)O)O,-0.211374834,-1.427442074,1.095343709
ACPT18111Z18111Z,Glycerolipid metabolism,Q6DN05_wild,CCCCCC/C=C\CCCCCCCCCC(=O)OC[C@H](CO)OC(=O)CCCCCCCCC/C=C\CCCCCC,0.021713417,-1.184954405,1.056166887
ACPT18111Z18111Z,Glycerolipid metabolism,Q6DN05_wild,C[S+](CC[C@@H](C(=O)[O-])N)C[C@@H]1[C@H]([C@H]([C@@H](O1)N2C=NC3=C(N=CN=C32)N)O)O,-0.211374834,-1.427442074,1.095343709
ACPT18111Z1819Z,Glycerolipid metabolism,Q6DN05_wild,CCCCCC/C=C\CCCCCCCCCC(=O)OC[C@H](CO)OC(=O)CCCCCCC/C=C\CCCCCCCC,0.054653309,-1.15600431,1.073979259
ACPT18111Z1819Z,Glycerolipid metabolism,Q6DN05_wild,C[S+](CC[C@@H](C(=O)[O-])N)C[C@@H]1[C@H]([C@H]([C@@H](O1)N2C=NC3=C(N=CN=C32)N)O)O,-0.211374834,-1.427442074,1.095343709
ACPT1819Z18111Z,Glycerolipid metabolism,Q6DN05_wild,CCCCCCCC/C=C\CCCCCCCC(=O)OC[C@H](CO)OC(=O)CCCCCCCCC/C=C\CCCCCC,-0.05531127,-1.303867698,1.060153127
ACPT1819Z18111Z,Glycerolipid metabolism,Q6DN05_wild,C[S+](CC[C@@H](C(=O)[O-])N)C[C@@H]1[C@H]([C@H]([C@@H](O1)N2C=NC3=C(N=CN=C32)N)O)O,-0.211374834,-1.427442074,1.095343709
ACPT1819Z1819Z,Glycerolipid metabolism,Q6DN05_wild,CCCCCCCC/C=C\CCCCCCCC(=O)OC[C@H](CO)OC(=O)CCCCCCC/C=C\CCCCCCCC,-0.047356475,-1.272145748,1.074653387
ACPT1819Z1819Z,Glycerolipid metabolism,Q6DN05_wild,C[S+](CC[C@@H](C(=O)[O-])N)C[C@@H]1[C@H]([C@H]([C@@H](O1)N2C=NC3=C(N=CN=C32)N)O)O,-0.211374834,-1.427442074,1.095343709
DGDGD4DS1819Z1634Z7Z10Z,Glycerolipid metabolism,A0A2K3CTD8_wild,CCCCCCCC/C=C\CCCCCCCC(=O)OC[C@H](CO[C@@H]1O[C@H](CO[C@H]2O[C@H](CO)[C@H](O)[C@@H](O)[C@H]2O)[C@H](O)[C@@H](O)[C@H]1O)OC(=O)CCCCC/C=C\C/C=C\CCCCC,1.077202916,-2.685845613,2.326477051
DGDGD4DS1819Z1634Z7Z10Z,Glycerolipid metabolism,A0A2K3CTD8_wild,C1C=CN(C=C1C(=O)N)[C@H]2[C@@H]([C@@H]([C@H](O2)COP(=O)(O)OP(=O)(O)OC[C@@H]3[C@H]([C@H]([C@@H](O3)N4C=NC5=C(N=CN=C54)N)OP(=O)(O)O)O)O)O,1.064813375,-2.432117462,2.418567181
DGDGD4DS1819Z1634Z7Z10Z,Glycerolipid metabolism,A0A2K3CTD8_wild,O=O,1.058802485,-2.072975636,2.015945673
DGDGD4DS1819Z1634Z7Z10Z,Glycerolipid metabolism,Q2HZ21_wild,CCCCCCCC/C=C\CCCCCCCC(=O)OC[C@H](CO[C@@H]1O[C@H](CO[C@H]2O[C@H](CO)[C@H](O)[C@@H](O)[C@H]2O)[C@H](O)[C@@H](O)[C@H]1O)OC(=O)CCCCC/C=C\C/C=C\CCCCC,0.722669482,-2.543681145,2.084729195
DGDGD4DS1819Z1634Z7Z10Z,Glycerolipid metabolism,Q2HZ21_wild,C1C=CN(C=C1C(=O)N)[C@H]2[C@@H]([C@@H]([C@H](O2)COP(=O)(O)OP(=O)(O)OC[C@@H]3[C@H]([C@H]([C@@H](O3)N4C=NC5=C(N=CN=C54)N)OP(=O)(O)O)O)O)O,0.771763265,-2.15124774,2.11893177
DGDGD4DS1819Z1634Z7Z10Z,Glycerolipid metabolism,Q2HZ21_wild,O=O,0.768349051,-1.936388612,1.85402751
DGDGD4DS1819Z1634Z7Z10Z,Glycerolipid metabolism,Q2HZ22_wild,CCCCCCCC/C=C\CCCCCCCC(=O)OC[C@H](CO[C@@H]1O[C@H](CO[C@H]2O[C@H](CO)[C@H](O)[C@@H](O)[C@H]2O)[C@H](O)[C@@H](O)[C@H]1O)OC(=O)CCCCC/C=C\C/C=C\CCCCC,0.535711408,-2.646109581,2.052087069
DGDGD4DS1819Z1634Z7Z10Z,Glycerolipid metabolism,Q2HZ22_wild,C1C=CN(C=C1C(=O)N)[C@H]2[C@@H]([C@@H]([C@H](O2)COP(=O)(O)OP(=O)(O)OC[C@@H]3[C@H]([C@H]([C@@H](O3)N4C=NC5=C(N=CN=C54)N)OP(=O)(O)O)O)O)O,0.464075714,-2.342596769,2.03883338
DGDGD4DS1819Z1634Z7Z10Z,Glycerolipid metabolism,Q2HZ22_wild,O=O,0.537731409,-1.965953469,1.65201354
DGDGD4DS1819Z1634Z7Z10Z,Glycerolipid metabolism,Q2HZ23_wild,CCCCCCCC/C=C\CCCCCCCC(=O)OC[C@H](CO[C@@H]1O[C@H](CO[C@H]2O[C@H](CO)[C@H](O)[C@@H](O)[C@H]2O)[C@H](O)[C@@H](O)[C@H]1O)OC(=O)CCCCC/C=C\C/C=C\CCCCC,1.034537792,-2.579684258,2.133048296
DGDGD4DS1819Z1634Z7Z10Z,Glycerolipid metabolism,Q2HZ23_wild,C1C=CN(C=C1C(=O)N)[C@H]2[C@@H]([C@@H]([C@H](O2)COP(=O)(O)OP(=O)(O)OC[C@@H]3[C@H]([C@H]([C@@H](O3)N4C=NC5=C(N=CN=C54)N)OP(=O)(O)O)O)O)O,1.018737197,-2.293547392,2.223756313
DGDGD4DS1819Z1634Z7Z10Z,Glycerolipid metabolism,Q2HZ23_wild,O=O,0.975109458,-1.921997309,1.850872755
DGDGD4DS1819Z1634Z7Z10Z,Glycerolipid metabolism,Q2HZ24_wild,CCCCCCCC/C=C\CCCCCCCC(=O)OC[C@H](CO[C@@H]1O[C@H](CO[C@H]2O[C@H](CO)[C@H](O)[C@@H](O)[C@H]2O)[C@H](O)[C@@H](O)[C@H]1O)OC(=O)CCCCC/C=C\C/C=C\CCCCC,1.440226316,-2.617886066,2.430241346
DGDGD4DS1819Z1634Z7Z10Z,Glycerolipid metabolism,Q2HZ24_wild,C1C=CN(C=C1C(=O)N)[C@H]2[C@@H]([C@@H]([C@H](O2)COP(=O)(O)OP(=O)(O)OC[C@@H]3[C@H]([C@H]([C@@H](O3)N4C=NC5=C(N=CN=C54)N)OP(=O)(O)O)O)O)O,1.526150465,-2.361738205,2.588181257
DGDGD4DS1819Z1634Z7Z10Z,Glycerolipid metabolism,Q2HZ24_wild,O=O,1.439333439,-2.030860424,2.160542011
DGDGD4DS1829Z12Z1634Z7Z10Z,Glycerolipid metabolism,A0A2K3CTD8_wild,CCCCC/C=C\C/C=C\CCCCCCCC(=O)OC[C@H](CO[C@@H]1O[C@H](CO[C@H]2O[C@H](CO)[C@H](O)[C@@H](O)[C@H]2O)[C@H](O)[C@@H](O)[C@H]1O)OC(=O)CCCCC/C=C\C/C=C\CCCCC,1.068804622,-2.579149723,2.260663986
DGDGD4DS1829Z12Z1634Z7Z10Z,Glycerolipid metabolism,A0A2K3CTD8_wild,C1C=CN(C=C1C(=O)N)[C@H]2[C@@H]([C@@H]([C@H](O2)COP(=O)(O)OP(=O)(O)OC[C@@H]3[C@H]([C@H]([C@@H](O3)N4C=NC5=C(N=CN=C54)N)OP(=O)(O)O)O)O)O,1.064813375,-2.432117462,2.418567181
DGDGD4DS1829Z12Z1634Z7Z10Z,Glycerolipid metabolism,A0A2K3CTD8_wild,O=O,1.058802485,-2.072975636,2.015945673
DGDGD4DS1829Z12Z1634Z7Z10Z,Glycerolipid metabolism,Q2HZ21_wild,CCCCC/C=C\C/C=C\CCCCCCCC(=O)OC[C@H](CO[C@@H]1O[C@H](CO[C@H]2O[C@H](CO)[C@H](O)[C@@H](O)[C@H]2O)[C@H](O)[C@@H](O)[C@H]1O)OC(=O)CCCCC/C=C\C/C=C\CCCCC,0.69325453,-2.446290731,2.017115116
DGDGD4DS1829Z12Z1634Z7Z10Z,Glycerolipid metabolism,Q2HZ21_wild,C1C=CN(C=C1C(=O)N)[C@H]2[C@@H]([C@@H]([C@H](O2)COP(=O)(O)OP(=O)(O)OC[C@@H]3[C@H]([C@H]([C@@H](O3)N4C=NC5=C(N=CN=C54)N)OP(=O)(O)O)O)O)O,0.771763265,-2.15124774,2.11893177
DGDGD4DS1829Z12Z1634Z7Z10Z,Glycerolipid metabolism,Q2HZ21_wild,O=O,0.768349051,-1.936388612,1.85402751
DGDGD4DS1829Z12Z1634Z7Z10Z,Glycerolipid metabolism,Q2HZ22_wild,CCCCC/C=C\C/C=C\CCCCCCCC(=O)OC[C@H](CO[C@@H]1O[C@H](CO[C@H]2O[C@H](CO)[C@H](O)[C@@H](O)[C@H]2O)[C@H](O)[C@@H](O)[C@H]1O)OC(=O)CCCCC/C=C\C/C=C\CCCCC,0.51765275,-2.542248487,1.985136271
DGDGD4DS1829Z12Z1634Z7Z10Z,Glycerolipid metabolism,Q2HZ22_wild,C1C=CN(C=C1C(=O)N)[C@H]2[C@@H]([C@@H]([C@H](O2)COP(=O)(O)OP(=O)(O)OC[C@@H]3[C@H]([C@H]([C@@H](O3)N4C=NC5=C(N=CN=C54)N)OP(=O)(O)O)O)O)O,0.464075714,-2.342596769,2.03883338
DGDGD4DS1829Z12Z1634Z7Z10Z,Glycerolipid metabolism,Q2HZ22_wild,O=O,0.537731409,-1.965953469,1.65201354
DGDGD4DS1829Z12Z1634Z7Z10Z,Glycerolipid metabolism,Q2HZ23_wild,CCCCC/C=C\C/C=C\CCCCCCCC(=O)OC[C@H](CO[C@@H]1O[C@H](CO[C@H]2O[C@H](CO)[C@H](O)[C@@H](O)[C@H]2O)[C@H](O)[C@@H](O)[C@H]1O)OC(=O)CCCCC/C=C\C/C=C\CCCCC,1.01981771,-2.477698803,2.065961838
DGDGD4DS1829Z12Z1634Z7Z10Z,Glycerolipid metabolism,Q2HZ23_wild,C1C=CN(C=C1C(=O)N)[C@H]2[C@@H]([C@@H]([C@H](O2)COP(=O)(O)OP(=O)(O)OC[C@@H]3[C@H]([C@H]([C@@H](O3)N4C=NC5=C(N=CN=C54)N)OP(=O)(O)O)O)O)O,1.018737197,-2.293547392,2.223756313
DGDGD4DS1829Z12Z1634Z7Z10Z,Glycerolipid metabolism,Q2HZ23_wild,O=O,0.975109458,-1.921997309,1.850872755
DGDGD4DS1829Z12Z1634Z7Z10Z,Glycerolipid metabolism,Q2HZ24_wild,CCCCC/C=C\C/C=C\CCCCCCCC(=O)OC[C@H](CO[C@@H]1O[C@H](CO[C@H]2O[C@H](CO)[C@H](O)[C@@H](O)[C@H]2O)[C@H](O)[C@@H](O)[C@H]1O)OC(=O)CCCCC/C=C\C/C=C\CCCCC,1.429675341,-2.512370586,2.353624582
DGDGD4DS1829Z12Z1634Z7Z10Z,Glycerolipid metabolism,Q2HZ24_wild,C1C=CN(C=C1C(=O)N)[C@H]2[C@@H]([C@@H]([C@H](O2)COP(=O)(O)OP(=O)(O)OC[C@@H]3[C@H]([C@H]([C@@H](O3)N4C=NC5=C(N=CN=C54)N)OP(=O)(O)O)O)O)O,1.526150465,-2.361738205,2.588181257
DGDGD4DS1829Z12Z1634Z7Z10Z,Glycerolipid metabolism,Q2HZ24_wild,O=O,1.439333439,-2.030860424,2.160542011
DGDGD4DS1839Z12Z15Z1634Z7Z10Z,Glycerolipid metabolism,A0A2K3CTD8_wild,CC/C=C\C/C=C\C/C=C\CCCCCCCC(=O)OC[C@H](CO[C@@H]1O[C@H](CO[C@H]2O[C@H](CO)[C@H](O)[C@@H](O)[C@H]2O)[C@H](O)[C@@H](O)[C@H]1O)OC(=O)CCCCC/C=C\C/C=C\CCCCC,1.120703459,-2.487761736,2.239025593
DGDGD4DS1839Z12Z15Z1634Z7Z10Z,Glycerolipid metabolism,A0A2K3CTD8_wild,C1C=CN(C=C1C(=O)N)[C@H]2[C@@H]([C@@H]([C@H](O2)COP(=O)(O)OP(=O)(O)OC[C@@H]3[C@H]([C@H]([C@@H](O3)N4C=NC5=C(N=CN=C54)N)OP(=O)(O)O)O)O)O,1.064813375,-2.432117462,2.418567181
DGDGD4DS1839Z12Z15Z1634Z7Z10Z,Glycerolipid metabolism,A0A2K3CTD8_wild,O=O,1.058802485,-2.072975636,2.015945673
DGDGD4DS1839Z12Z15Z1634Z7Z10Z,Glycerolipid metabolism,Q2HZ21_wild,CC/C=C\C/C=C\C/C=C\CCCCCCCC(=O)OC[C@H](CO[C@@H]1O[C@H](CO[C@H]2O[C@H](CO)[C@H](O)[C@@H](O)[C@H]2O)[C@H](O)[C@@H](O)[C@H]1O)OC(=O)CCCCC/C=C\C/C=C\CCCCC,0.749207139,-2.367983341,1.996061325
DGDGD4DS1839Z12Z15Z1634Z7Z10Z,Glycerolipid metabolism,Q2HZ21_wild,C1C=CN(C=C1C(=O)N)[C@H]2[C@@H]([C@@H]([C@H](O2)COP(=O)(O)OP(=O)(O)OC[C@@H]3[C@H]([C@H]([C@@H](O3)N4C=NC5=C(N=CN=C54)N)OP(=O)(O)O)O)O)O,0.771763265,-2.15124774,2.11893177
DGDGD4DS1839Z12Z15Z1634Z7Z10Z,Glycerolipid metabolism,Q2HZ21_wild,O=O,0.768349051,-1.936388612,1.85402751
DGDGD4DS1839Z12Z15Z1634Z7Z10Z,Glycerolipid metabolism,Q2HZ22_wild,CC/C=C\C/C=C\C/C=C\CCCCCCCC(=O)OC[C@H](CO[C@@H]1O[C@H](CO[C@H]2O[C@H](CO)[C@H](O)[C@@H](O)[C@H]2O)[C@H](O)[C@@H](O)[C@H]1O)OC(=O)CCCCC/C=C\C/C=C\CCCCC,0.570461333,-2.453118801,1.96667695
DGDGD4DS1839Z12Z15Z1634Z7Z10Z,Glycerolipid metabolism,Q2HZ22_wild,C1C=CN(C=C1C(=O)N)[C@H]2[C@@H]([C@@H]([C@H](O2)COP(=O)(O)OP(=O)(O)OC[C@@H]3[C@H]([C@H]([C@@H](O3)N4C=NC5=C(N=CN=C54)N)OP(=O)(O)O)O)O)O,0.464075714,-2.342596769,2.03883338
DGDGD4DS1839Z12Z15Z1634Z7Z10Z,Glycerolipid metabolism,Q2HZ22_wild,O=O,0.537731409,-1.965953469,1.65201354
DGDGD4DS1839Z12Z15Z1634Z7Z10Z,Glycerolipid metabolism,Q2HZ23_wild,CC/C=C\C/C=C\C/C=C\CCCCCCCC(=O)OC[C@H](CO[C@@H]1O[C@H](CO[C@H]2O[C@H](CO)[C@H](O)[C@@H](O)[C@H]2O)[C@H](O)[C@@H](O)[C@H]1O)OC(=O)CCCCC/C=C\C/C=C\CCCCC,1.06842339,-2.382230759,2.039974213
DGDGD4DS1839Z12Z15Z1634Z7Z10Z,Glycerolipid metabolism,Q2HZ23_wild,C1C=CN(C=C1C(=O)N)[C@H]2[C@@H]([C@@H]([C@H](O2)COP(=O)(O)OP(=O)(O)OC[C@@H]3[C@H]([C@H]([C@@H](O3)N4C=NC5=C(N=CN=C54)N)OP(=O)(O)O)O)O)O,1.018737197,-2.293547392,2.223756313
DGDGD4DS1839Z12Z15Z1634Z7Z10Z,Glycerolipid metabolism,Q2HZ23_wild,O=O,0.975109458,-1.921997309,1.850872755
DGDGD4DS1839Z12Z15Z1634Z7Z10Z,Glycerolipid metabolism,Q2HZ24_wild,CC/C=C\C/C=C\C/C=C\CCCCCCCC(=O)OC[C@H](CO[C@@H]1O[C@H](CO[C@H]2O[C@H](CO)[C@H](O)[C@@H](O)[C@H]2O)[C@H](O)[C@@H](O)[C@H]1O)OC(=O)CCCCC/C=C\C/C=C\CCCCC,1.465780497,-2.416840792,2.323542118
DGDGD4DS1839Z12Z15Z1634Z7Z10Z,Glycerolipid metabolism,Q2HZ24_wild,C1C=CN(C=C1C(=O)N)[C@H]2[C@@H]([C@@H]([C@H](O2)COP(=O)(O)OP(=O)(O)OC[C@@H]3[C@H]([C@H]([C@@H](O3)N4C=NC5=C(N=CN=C54)N)OP(=O)(O)O)O)O)O,1.526150465,-2.361738205,2.588181257
DGDGD4DS1839Z12Z15Z1634Z7Z10Z,Glycerolipid metabolism,Q2HZ24_wild,O=O,1.439333439,-2.030860424,2.160542011
DGDGD4DS1839Z12Z15Z1644Z7Z10Z13Z,Glycerolipid metabolism,A0A2K3CTD8_wild,CC/C=C\C/C=C\C/C=C\CCCCCCCC(=O)OC[C@H](CO[C@@H]1O[C@H](CO[C@H]2O[C@H](CO)[C@H](O)[C@@H](O)[C@H]2O)[C@H](O)[C@@H](O)[C@H]1O)OC(=O)CC/C=C\C/C=C\C/C=C\CCCCC,1.143794179,-2.586276531,2.319159746
DGDGD4DS1839Z12Z15Z1644Z7Z10Z13Z,Glycerolipid metabolism,A0A2K3CTD8_wild,C1C=CN(C=C1C(=O)N)[C@H]2[C@@H]([C@@H]([C@H](O2)COP(=O)(O)OP(=O)(O)OC[C@@H]3[C@H]([C@H]([C@@H](O3)N4C=NC5=C(N=CN=C54)N)OP(=O)(O)O)O)O)O,1.064813375,-2.432117462,2.418567181
DGDGD4DS1839Z12Z15Z1644Z7Z10Z13Z,Glycerolipid metabolism,A0A2K3CTD8_wild,O=O,1.058802485,-2.072975636,2.015945673
DGDGD4DS1839Z12Z15Z1644Z7Z10Z13Z,Glycerolipid metabolism,Q2HZ21_wild,CC/C=C\C/C=C\C/C=C\CCCCCCCC(=O)OC[C@H](CO[C@@H]1O[C@H](CO[C@H]2O[C@H](CO)[C@H](O)[C@@H](O)[C@H]2O)[C@H](O)[C@@H](O)[C@H]1O)OC(=O)CC/C=C\C/C=C\C/C=C\CCCCC,0.762534499,-2.479208469,2.082547665
DGDGD4DS1839Z12Z15Z1644Z7Z10Z13Z,Glycerolipid metabolism,Q2HZ21_wild,C1C=CN(C=C1C(=O)N)[C@H]2[C@@H]([C@@H]([C@H](O2)COP(=O)(O)OP(=O)(O)OC[C@@H]3[C@H]([C@H]([C@@H](O3)N4C=NC5=C(N=CN=C54)N)OP(=O)(O)O)O)O)O,0.771763265,-2.15124774,2.11893177
DGDGD4DS1839Z12Z15Z1644Z7Z10Z13Z,Glycerolipid metabolism,Q2HZ21_wild,O=O,0.768349051,-1.936388612,1.85402751
DGDGD4DS1839Z12Z15Z1644Z7Z10Z13Z,Glycerolipid metabolism,Q2HZ22_wild,CC/C=C\C/C=C\C/C=C\CCCCCCCC(=O)OC[C@H](CO[C@@H]1O[C@H](CO[C@H]2O[C@H](CO)[C@H](O)[C@@H](O)[C@H]2O)[C@H](O)[C@@H](O)[C@H]1O)OC(=O)CC/C=C\C/C=C\C/C=C\CCCCC,0.584532917,-2.549612522,2.043356419
DGDGD4DS1839Z12Z15Z1644Z7Z10Z13Z,Glycerolipid metabolism,Q2HZ22_wild,C1C=CN(C=C1C(=O)N)[C@H]2[C@@H]([C@@H]([C@H](O2)COP(=O)(O)OP(=O)(O)OC[C@@H]3[C@H]([C@H]([C@@H](O3)N4C=NC5=C(N=CN=C54)N)OP(=O)(O)O)O)O)O,0.464075714,-2.342596769,2.03883338
DGDGD4DS1839Z12Z15Z1644Z7Z10Z13Z,Glycerolipid metabolism,Q2HZ22_wild,O=O,0.537731409,-1.965953469,1.65201354
DGDGD4DS1839Z12Z15Z1644Z7Z10Z13Z,Glycerolipid metabolism,Q2HZ23_wild,CC/C=C\C/C=C\C/C=C\CCCCCCCC(=O)OC[C@H](CO[C@@H]1O[C@H](CO[C@H]2O[C@H](CO)[C@H](O)[C@@H](O)[C@H]2O)[C@H](O)[C@@H](O)[C@H]1O)OC(=O)CC/C=C\C/C=C\C/C=C\CCCCC,1.082081079,-2.48669982,2.121807814
DGDGD4DS1839Z12Z15Z1644Z7Z10Z13Z,Glycerolipid metabolism,Q2HZ23_wild,C1C=CN(C=C1C(=O)N)[C@H]2[C@@H]([C@@H]([C@H](O2)COP(=O)(O)OP(=O)(O)OC[C@@H]3[C@H]([C@H]([C@@H](O3)N4C=NC5=C(N=CN=C54)N)OP(=O)(O)O)O)O)O,1.018737197,-2.293547392,2.223756313
DGDGD4DS1839Z12Z15Z1644Z7Z10Z13Z,Glycerolipid metabolism,Q2HZ23_wild,O=O,0.975109458,-1.921997309,1.850872755
DGDGD4DS1839Z12Z15Z1644Z7Z10Z13Z,Glycerolipid metabolism,Q2HZ24_wild,CC/C=C\C/C=C\C/C=C\CCCCCCCC(=O)OC[C@H](CO[C@@H]1O[C@H](CO[C@H]2O[C@H](CO)[C@H](O)[C@@H](O)[C@H]2O)[C@H](O)[C@@H](O)[C@H]1O)OC(=O)CC/C=C\C/C=C\C/C=C\CCCCC,1.479665041,-2.524658918,2.404850483
DGDGD4DS1839Z12Z15Z1644Z7Z10Z13Z,Glycerolipid metabolism,Q2HZ24_wild,C1C=CN(C=C1C(=O)N)[C@H]2[C@@H]([C@@H]([C@H](O2)COP(=O)(O)OP(=O)(O)OC[C@@H]3[C@H]([C@H]([C@@H](O3)N4C=NC5=C(N=CN=C54)N)OP(=O)(O)O)O)O)O,1.526150465,-2.361738205,2.588181257
DGDGD4DS1839Z12Z15Z1644Z7Z10Z13Z,Glycerolipid metabolism,Q2HZ24_wild,O=O,1.439333439,-2.030860424,2.160542011
MAGAH160,Glycerolipid metabolism,A8HMD4_wild,O,1.625889182,0.065145642,1.499750257
MAGAH160,Glycerolipid metabolism,A8HMD4_wild,CCCCCCCCCCCCCCCC(=O)OC[C@H](O)CO,0.224046975,-0.846571803,1.007752657
MAGAH160,Glycerolipid metabolism,A8HQA9_wild,O,1.552417874,-0.146759197,1.244517803
MAGAH160,Glycerolipid metabolism,A8HQA9_wild,CCCCCCCCCCCCCCCC(=O)OC[C@H](O)CO,0.058117341,-1.086710215,0.91907692
MAGAH180,Glycerolipid metabolism,A8HMD4_wild,O,1.625889182,0.065145642,1.499750257
MAGAH180,Glycerolipid metabolism,A8HMD4_wild,CCCCCCCCCCCCCCCCCC(=O)OC[C@H](O)CO,0.187070861,-0.794778228,0.946070313
MAGAH180,Glycerolipid metabolism,A8HQA9_wild,O,1.552417874,-0.146759197,1.244517803
MAGAH180,Glycerolipid metabolism,A8HQA9_wild,CCCCCCCCCCCCCCCCCC(=O)OC[C@H](O)CO,0.026497925,-1.048754454,0.853196144
MAGAH18111Z,Glycerolipid metabolism,A8HMD4_wild,O,1.625889182,0.065145642,1.499750257
MAGAH18111Z,Glycerolipid metabolism,A8HMD4_wild,CCCCCC/C=C\CCCCCCCCCC(=O)OC[C@H](O)CO,0.722125411,-0.829858959,1.412770867
MAGAH18111Z,Glycerolipid metabolism,A8HQA9_wild,O,1.552417874,-0.146759197,1.244517803
MAGAH18111Z,Glycerolipid metabolism,A8HQA9_wild,CCCCCC/C=C\CCCCCCCCCC(=O)OC[C@H](O)CO,0.504479527,-1.055271268,1.222125053
MAGAH1819Z,Glycerolipid metabolism,A8HMD4_wild,O,1.625889182,0.065145642,1.499750257
MAGAH1819Z,Glycerolipid metabolism,A8HMD4_wild,CCCCCCCC/C=C\CCCCCCCC(=O)OC[C@H](O)CO,0.663403332,-0.942140102,1.393586278
MAGAH1819Z,Glycerolipid metabolism,A8HQA9_wild,O,1.552417874,-0.146759197,1.244517803
MAGAH1819Z,Glycerolipid metabolism,A8HQA9_wild,CCCCCCCC/C=C\CCCCCCCC(=O)OC[C@H](O)CO,0.45053333,-1.17409718,1.211748719
MGDGD4DS1819Z1644Z7Z10Z13Z,Glycerolipid metabolism,A0A2K3CTD8_wild,CCCCCCCC/C=C\CCCCCCCC(=O)OC[C@H](CO[C@@H]1O[C@H](CO)[C@H](O)[C@@H](O)[C@H]1O)OC(=O)CCCCC/C=C\C/C=C\C/C=C\CC,1.022511125,-2.548864603,2.175287247
MGDGD4DS1819Z1644Z7Z10Z13Z,Glycerolipid metabolism,A0A2K3CTD8_wild,C1C=CN(C=C1C(=O)N)[C@H]2[C@@H]([C@@H]([C@H](O2)COP(=O)(O)OP(=O)(O)OC[C@@H]3[C@H]([C@H]([C@@H](O3)N4C=NC5=C(N=CN=C54)N)OP(=O)(O)O)O)O)O,1.064813375,-2.432117462,2.418567181
MGDGD4DS1819Z1644Z7Z10Z13Z,Glycerolipid metabolism,A0A2K3CTD8_wild,O=O,1.058802485,-2.072975636,2.015945673
MGDGD4DS1819Z1644Z7Z10Z13Z,Glycerolipid metabolism,Q2HZ21_wild,CCCCCCCC/C=C\CCCCCCCC(=O)OC[C@H](CO[C@@H]1O[C@H](CO)[C@H](O)[C@@H](O)[C@H]1O)OC(=O)CCCCC/C=C\C/C=C\C/C=C\CC,0.637733817,-2.412921429,1.931931496
MGDGD4DS1819Z1644Z7Z10Z13Z,Glycerolipid metabolism,Q2HZ21_wild,C1C=CN(C=C1C(=O)N)[C@H]2[C@@H]([C@@H]([C@H](O2)COP(=O)(O)OP(=O)(O)OC[C@@H]3[C@H]([C@H]([C@@H](O3)N4C=NC5=C(N=CN=C54)N)OP(=O)(O)O)O)O)O,0.771763265,-2.15124774,2.11893177
MGDGD4DS1819Z1644Z7Z10Z13Z,Glycerolipid metabolism,Q2HZ21_wild,O=O,0.768349051,-1.936388612,1.85402751
MGDGD4DS1819Z1644Z7Z10Z13Z,Glycerolipid metabolism,Q2HZ22_wild,CCCCCCCC/C=C\CCCCCCCC(=O)OC[C@H](CO[C@@H]1O[C@H](CO)[C@H](O)[C@@H](O)[C@H]1O)OC(=O)CCCCC/C=C\C/C=C\C/C=C\CC,0.478319347,-2.490141392,1.892163038
MGDGD4DS1819Z1644Z7Z10Z13Z,Glycerolipid metabolism,Q2HZ22_wild,C1C=CN(C=C1C(=O)N)[C@H]2[C@@H]([C@@H]([C@H](O2)COP(=O)(O)OP(=O)(O)OC[C@@H]3[C@H]([C@H]([C@@H](O3)N4C=NC5=C(N=CN=C54)N)OP(=O)(O)O)O)O)O,0.464075714,-2.342596769,2.03883338
MGDGD4DS1819Z1644Z7Z10Z13Z,Glycerolipid metabolism,Q2HZ22_wild,O=O,0.537731409,-1.965953469,1.65201354
MGDGD4DS1819Z1644Z7Z10Z13Z,Glycerolipid metabolism,Q2HZ23_wild,CCCCCCCC/C=C\CCCCCCCC(=O)OC[C@H](CO[C@@H]1O[C@H](CO)[C@H](O)[C@@H](O)[C@H]1O)OC(=O)CCCCC/C=C\C/C=C\C/C=C\CC,0.974356949,-2.429600239,1.975069642
MGDGD4DS1819Z1644Z7Z10Z13Z,Glycerolipid metabolism,Q2HZ23_wild,C1C=CN(C=C1C(=O)N)[C@H]2[C@@H]([C@@H]([C@H](O2)COP(=O)(O)OP(=O)(O)OC[C@@H]3[C@H]([C@H]([C@@H](O3)N4C=NC5=C(N=CN=C54)N)OP(=O)(O)O)O)O)O,1.018737197,-2.293547392,2.223756313
MGDGD4DS1819Z1644Z7Z10Z13Z,Glycerolipid metabolism,Q2HZ23_wild,O=O,0.975109458,-1.921997309,1.850872755
MGDGD4DS1819Z1644Z7Z10Z13Z,Glycerolipid metabolism,Q2HZ24_wild,CCCCCCCC/C=C\CCCCCCCC(=O)OC[C@H](CO[C@@H]1O[C@H](CO)[C@H](O)[C@@H](O)[C@H]1O)OC(=O)CCCCC/C=C\C/C=C\C/C=C\CC,1.359466314,-2.497887611,2.27880168
MGDGD4DS1819Z1644Z7Z10Z13Z,Glycerolipid metabolism,Q2HZ24_wild,C1C=CN(C=C1C(=O)N)[C@H]2[C@@H]([C@@H]([C@H](O2)COP(=O)(O)OP(=O)(O)OC[C@@H]3[C@H]([C@H]([C@@H](O3)N4C=NC5=C(N=CN=C54)N)OP(=O)(O)O)O)O)O,1.526150465,-2.361738205,2.588181257
MGDGD4DS1819Z1644Z7Z10Z13Z,Glycerolipid metabolism,Q2HZ24_wild,O=O,1.439333439,-2.030860424,2.160542011
MGDGD4DS1829Z12Z1634Z7Z10Z,Glycerolipid metabolism,A0A2K3CTD8_wild,CCCCC/C=C\C/C=C\CCCCCCCC(=O)OC[C@H](CO[C@@H]1O[C@H](CO)[C@H](O)[C@@H](O)[C@H]1O)OC(=O)CCCCC/C=C\C/C=C\CCCCC,0.988691032,-2.292891026,2.027460575
MGDGD4DS1829Z12Z1634Z7Z10Z,Glycerolipid metabolism,A0A2K3CTD8_wild,C1C=CN(C=C1C(=O)N)[C@H]2[C@@H]([C@@H]([C@H](O2)COP(=O)(O)OP(=O)(O)OC[C@@H]3[C@H]([C@H]([C@@H](O3)N4C=NC5=C(N=CN=C54)N)OP(=O)(O)O)O)O)O,1.064813375,-2.432117462,2.418567181
MGDGD4DS1829Z12Z1634Z7Z10Z,Glycerolipid metabolism,A0A2K3CTD8_wild,O=O,1.058802485,-2.072975636,2.015945673
MGDGD4DS1829Z12Z1634Z7Z10Z,Glycerolipid metabolism,Q2HZ21_wild,CCCCC/C=C\C/C=C\CCCCCCCC(=O)OC[C@H](CO[C@@H]1O[C@H](CO)[C@H](O)[C@@H](O)[C@H]1O)OC(=O)CCCCC/C=C\C/C=C\CCCCC,0.588310421,-2.169947147,1.78016448
MGDGD4DS1829Z12Z1634Z7Z10Z,Glycerolipid metabolism,Q2HZ21_wild,C1C=CN(C=C1C(=O)N)[C@H]2[C@@H]([C@@H]([C@H](O2)COP(=O)(O)OP(=O)(O)OC[C@@H]3[C@H]([C@H]([C@@H](O3)N4C=NC5=C(N=CN=C54)N)OP(=O)(O)O)O)O)O,0.771763265,-2.15124774,2.11893177
MGDGD4DS1829Z12Z1634Z7Z10Z,Glycerolipid metabolism,Q2HZ21_wild,O=O,0.768349051,-1.936388612,1.85402751
MGDGD4DS1829Z12Z1634Z7Z10Z,Glycerolipid metabolism,Q2HZ22_wild,CCCCC/C=C\C/C=C\CCCCCCCC(=O)OC[C@H](CO[C@@H]1O[C@H](CO)[C@H](O)[C@@H](O)[C@H]1O)OC(=O)CCCCC/C=C\C/C=C\CCCCC,0.438585341,-2.254758596,1.749123216
MGDGD4DS1829Z12Z1634Z7Z10Z,Glycerolipid metabolism,Q2HZ22_wild,C1C=CN(C=C1C(=O)N)[C@H]2[C@@H]([C@@H]([C@H](O2)COP(=O)(O)OP(=O)(O)OC[C@@H]3[C@H]([C@H]([C@@H](O3)N4C=NC5=C(N=CN=C54)N)OP(=O)(O)O)O)O)O,0.464075714,-2.342596769,2.03883338
MGDGD4DS1829Z12Z1634Z7Z10Z,Glycerolipid metabolism,Q2HZ22_wild,O=O,0.537731409,-1.965953469,1.65201354
MGDGD4DS1829Z12Z1634Z7Z10Z,Glycerolipid metabolism,Q2HZ23_wild,CCCCC/C=C\C/C=C\CCCCCCCC(=O)OC[C@H](CO[C@@H]1O[C@H](CO)[C@H](O)[C@@H](O)[C@H]1O)OC(=O)CCCCC/C=C\C/C=C\CCCCC,0.941433609,-2.195940971,1.828616738
MGDGD4DS1829Z12Z1634Z7Z10Z,Glycerolipid metabolism,Q2HZ23_wild,C1C=CN(C=C1C(=O)N)[C@H]2[C@@H]([C@@H]([C@H](O2)COP(=O)(O)OP(=O)(O)OC[C@@H]3[C@H]([C@H]([C@@H](O3)N4C=NC5=C(N=CN=C54)N)OP(=O)(O)O)O)O)O,1.018737197,-2.293547392,2.223756313
MGDGD4DS1829Z12Z1634Z7Z10Z,Glycerolipid metabolism,Q2HZ23_wild,O=O,0.975109458,-1.921997309,1.850872755
MGDGD4DS1829Z12Z1634Z7Z10Z,Glycerolipid metabolism,Q2HZ24_wild,CCCCC/C=C\C/C=C\CCCCCCCC(=O)OC[C@H](CO[C@@H]1O[C@H](CO)[C@H](O)[C@@H](O)[C@H]1O)OC(=O)CCCCC/C=C\C/C=C\CCCCC,1.351168871,-2.251842499,2.139710665
MGDGD4DS1829Z12Z1634Z7Z10Z,Glycerolipid metabolism,Q2HZ24_wild,C1C=CN(C=C1C(=O)N)[C@H]2[C@@H]([C@@H]([C@H](O2)COP(=O)(O)OP(=O)(O)OC[C@@H]3[C@H]([C@H]([C@@H](O3)N4C=NC5=C(N=CN=C54)N)OP(=O)(O)O)O)O)O,1.526150465,-2.361738205,2.588181257
MGDGD4DS1829Z12Z1634Z7Z10Z,Glycerolipid metabolism,Q2HZ24_wild,O=O,1.439333439,-2.030860424,2.160542011
MGDGD4DS1829Z12Z1644Z7Z10Z13Z,Glycerolipid metabolism,A0A2K3CTD8_wild,CCCCC/C=C\C/C=C\CCCCCCCC(=O)OC[C@H](CO[C@@H]1O[C@H](CO)[C@H](O)[C@@H](O)[C@H]1O)OC(=O)CCCCC/C=C\C/C=C\C/C=C\CC,1.028106093,-2.394661903,2.100156546
MGDGD4DS1829Z12Z1644Z7Z10Z13Z,Glycerolipid metabolism,A0A2K3CTD8_wild,C1C=CN(C=C1C(=O)N)[C@H]2[C@@H]([C@@H]([C@H](O2)COP(=O)(O)OP(=O)(O)OC[C@@H]3[C@H]([C@H]([C@@H](O3)N4C=NC5=C(N=CN=C54)N)OP(=O)(O)O)O)O)O,1.064813375,-2.432117462,2.418567181
MGDGD4DS1829Z12Z1644Z7Z10Z13Z,Glycerolipid metabolism,A0A2K3CTD8_wild,O=O,1.058802485,-2.072975636,2.015945673
MGDGD4DS1829Z12Z1644Z7Z10Z13Z,Glycerolipid metabolism,Q2HZ21_wild,CCCCC/C=C\C/C=C\CCCCCCCC(=O)OC[C@H](CO[C@@H]1O[C@H](CO)[C@H](O)[C@@H](O)[C@H]1O)OC(=O)CCCCC/C=C\C/C=C\C/C=C\CC,0.622458994,-2.277703762,1.855526567
MGDGD4DS1829Z12Z1644Z7Z10Z13Z,Glycerolipid metabolism,Q2HZ21_wild,C1C=CN(C=C1C(=O)N)[C@H]2[C@@H]([C@@H]([C@H](O2)COP(=O)(O)OP(=O)(O)OC[C@@H]3[C@H]([C@H]([C@@H](O3)N4C=NC5=C(N=CN=C54)N)OP(=O)(O)O)O)O)O,0.771763265,-2.15124774,2.11893177
MGDGD4DS1829Z12Z1644Z7Z10Z13Z,Glycerolipid metabolism,Q2HZ21_wild,O=O,0.768349051,-1.936388612,1.85402751
MGDGD4DS1829Z12Z1644Z7Z10Z13Z,Glycerolipid metabolism,Q2HZ22_wild,CCCCC/C=C\C/C=C\CCCCCCCC(=O)OC[C@H](CO[C@@H]1O[C@H](CO)[C@H](O)[C@@H](O)[C@H]1O)OC(=O)CCCCC/C=C\C/C=C\C/C=C\CC,0.480313689,-2.339422703,1.81892848
MGDGD4DS1829Z12Z1644Z7Z10Z13Z,Glycerolipid metabolism,Q2HZ22_wild,C1C=CN(C=C1C(=O)N)[C@H]2[C@@H]([C@@H]([C@H](O2)COP(=O)(O)OP(=O)(O)OC[C@@H]3[C@H]([C@H]([C@@H](O3)N4C=NC5=C(N=CN=C54)N)OP(=O)(O)O)O)O)O,0.464075714,-2.342596769,2.03883338
MGDGD4DS1829Z12Z1644Z7Z10Z13Z,Glycerolipid metabolism,Q2HZ22_wild,O=O,0.537731409,-1.965953469,1.65201354
MGDGD4DS1829Z12Z1644Z7Z10Z13Z,Glycerolipid metabolism,Q2HZ23_wild,CCCCC/C=C\C/C=C\CCCCCCCC(=O)OC[C@H](CO[C@@H]1O[C@H](CO)[C@H](O)[C@@H](O)[C@H]1O)OC(=O)CCCCC/C=C\C/C=C\C/C=C\CC,0.975002289,-2.281610489,1.898148894
MGDGD4DS1829Z12Z1644Z7Z10Z13Z,Glycerolipid metabolism,Q2HZ23_wild,C1C=CN(C=C1C(=O)N)[C@H]2[C@@H]([C@@H]([C@H](O2)COP(=O)(O)OP(=O)(O)OC[C@@H]3[C@H]([C@H]([C@@H](O3)N4C=NC5=C(N=CN=C54)N)OP(=O)(O)O)O)O)O,1.018737197,-2.293547392,2.223756313
MGDGD4DS1829Z12Z1644Z7Z10Z13Z,Glycerolipid metabolism,Q2HZ23_wild,O=O,0.975109458,-1.921997309,1.850872755
MGDGD4DS1829Z12Z1644Z7Z10Z13Z,Glycerolipid metabolism,Q2HZ24_wild,CCCCC/C=C\C/C=C\CCCCCCCC(=O)OC[C@H](CO[C@@H]1O[C@H](CO)[C@H](O)[C@@H](O)[C@H]1O)OC(=O)CCCCC/C=C\C/C=C\C/C=C\CC,1.365078568,-2.349009991,2.193384886
MGDGD4DS1829Z12Z1644Z7Z10Z13Z,Glycerolipid metabolism,Q2HZ24_wild,C1C=CN(C=C1C(=O)N)[C@H]2[C@@H]([C@@H]([C@H](O2)COP(=O)(O)OP(=O)(O)OC[C@@H]3[C@H]([C@H]([C@@H](O3)N4C=NC5=C(N=CN=C54)N)OP(=O)(O)O)O)O)O,1.526150465,-2.361738205,2.588181257
MGDGD4DS1829Z12Z1644Z7Z10Z13Z,Glycerolipid metabolism,Q2HZ24_wild,O=O,1.439333439,-2.030860424,2.160542011
MGDGD4DS1839Z12Z15Z1634Z7Z10Z,Glycerolipid metabolism,A0A2K3CTD8_wild,CC/C=C\C/C=C\C/C=C\CCCCCCCC(=O)OC[C@H](CO[C@@H]1O[C@H](CO)[C@H](O)[C@@H](O)[C@H]1O)OC(=O)CCCCC/C=C\C/C=C\CCCCC,1.071252108,-2.222762585,2.050223351
MGDGD4DS1839Z12Z15Z1634Z7Z10Z,Glycerolipid metabolism,A0A2K3CTD8_wild,C1C=CN(C=C1C(=O)N)[C@H]2[C@@H]([C@@H]([C@H](O2)COP(=O)(O)OP(=O)(O)OC[C@@H]3[C@H]([C@H]([C@@H](O3)N4C=NC5=C(N=CN=C54)N)OP(=O)(O)O)O)O)O,1.064813375,-2.432117462,2.418567181
MGDGD4DS1839Z12Z15Z1634Z7Z10Z,Glycerolipid metabolism,A0A2K3CTD8_wild,O=O,1.058802485,-2.072975636,2.015945673
MGDGD4DS1839Z12Z15Z1634Z7Z10Z,Glycerolipid metabolism,Q2HZ21_wild,CC/C=C\C/C=C\C/C=C\CCCCCCCC(=O)OC[C@H](CO[C@@H]1O[C@H](CO)[C@H](O)[C@@H](O)[C@H]1O)OC(=O)CCCCC/C=C\C/C=C\CCCCC,0.670060277,-2.10011816,1.806713104
MGDGD4DS1839Z12Z15Z1634Z7Z10Z,Glycerolipid metabolism,Q2HZ21_wild,C1C=CN(C=C1C(=O)N)[C@H]2[C@@H]([C@@H]([C@H](O2)COP(=O)(O)OP(=O)(O)OC[C@@H]3[C@H]([C@H]([C@@H](O3)N4C=NC5=C(N=CN=C54)N)OP(=O)(O)O)O)O)O,0.771763265,-2.15124774,2.11893177
MGDGD4DS1839Z12Z15Z1634Z7Z10Z,Glycerolipid metabolism,Q2HZ21_wild,O=O,0.768349051,-1.936388612,1.85402751
MGDGD4DS1839Z12Z15Z1634Z7Z10Z,Glycerolipid metabolism,Q2HZ22_wild,CC/C=C\C/C=C\C/C=C\CCCCCCCC(=O)OC[C@H](CO[C@@H]1O[C@H](CO)[C@H](O)[C@@H](O)[C@H]1O)OC(=O)CCCCC/C=C\C/C=C\CCCCC,0.520098984,-2.173018456,1.771196365
MGDGD4DS1839Z12Z15Z1634Z7Z10Z,Glycerolipid metabolism,Q2HZ22_wild,C1C=CN(C=C1C(=O)N)[C@H]2[C@@H]([C@@H]([C@H](O2)COP(=O)(O)OP(=O)(O)OC[C@@H]3[C@H]([C@H]([C@@H](O3)N4C=NC5=C(N=CN=C54)N)OP(=O)(O)O)O)O)O,0.464075714,-2.342596769,2.03883338
MGDGD4DS1839Z12Z15Z1634Z7Z10Z,Glycerolipid metabolism,Q2HZ22_wild,O=O,0.537731409,-1.965953469,1.65201354
MGDGD4DS1839Z12Z15Z1634Z7Z10Z,Glycerolipid metabolism,Q2HZ23_wild,CC/C=C\C/C=C\C/C=C\CCCCCCCC(=O)OC[C@H](CO[C@@H]1O[C@H](CO)[C@H](O)[C@@H](O)[C@H]1O)OC(=O)CCCCC/C=C\C/C=C\CCCCC,1.008777618,-2.114162445,1.846374154
MGDGD4DS1839Z12Z15Z1634Z7Z10Z,Glycerolipid metabolism,Q2HZ23_wild,C1C=CN(C=C1C(=O)N)[C@H]2[C@@H]([C@@H]([C@H](O2)COP(=O)(O)OP(=O)(O)OC[C@@H]3[C@H]([C@H]([C@@H](O3)N4C=NC5=C(N=CN=C54)N)OP(=O)(O)O)O)O)O,1.018737197,-2.293547392,2.223756313
MGDGD4DS1839Z12Z15Z1634Z7Z10Z,Glycerolipid metabolism,Q2HZ23_wild,O=O,0.975109458,-1.921997309,1.850872755
MGDGD4DS1839Z12Z15Z1634Z7Z10Z,Glycerolipid metabolism,Q2HZ24_wild,CC/C=C\C/C=C\C/C=C\CCCCCCCC(=O)OC[C@H](CO[C@@H]1O[C@H](CO)[C@H](O)[C@@H](O)[C@H]1O)OC(=O)CCCCC/C=C\C/C=C\CCCCC,1.413639307,-2.173324347,2.149294615
MGDGD4DS1839Z12Z15Z1634Z7Z10Z,Glycerolipid metabolism,Q2HZ24_wild,C1C=CN(C=C1C(=O)N)[C@H]2[C@@H]([C@@H]([C@H](O2)COP(=O)(O)OP(=O)(O)OC[C@@H]3[C@H]([C@H]([C@@H](O3)N4C=NC5=C(N=CN=C54)N)OP(=O)(O)O)O)O)O,1.526150465,-2.361738205,2.588181257
MGDGD4DS1839Z12Z15Z1634Z7Z10Z,Glycerolipid metabolism,Q2HZ24_wild,O=O,1.439333439,-2.030860424,2.160542011
MGDGD4DS1839Z12Z15Z1644Z7Z10Z13Z,Glycerolipid metabolism,A0A2K3CTD8_wild,CC/C=C\C/C=C\C/C=C\CCCCCCCC(=O)OC[C@H](CO[C@@H]1O[C@H](CO)[C@H](O)[C@@H](O)[C@H]1O)OC(=O)CC/C=C\C/C=C\C/C=C\CCCCC,1.084713459,-2.349266291,2.151758194
MGDGD4DS1839Z12Z15Z1644Z7Z10Z13Z,Glycerolipid metabolism,A0A2K3CTD8_wild,C1C=CN(C=C1C(=O)N)[C@H]2[C@@H]([C@@H]([C@H](O2)COP(=O)(O)OP(=O)(O)OC[C@@H]3[C@H]([C@H]([C@@H](O3)N4C=NC5=C(N=CN=C54)N)OP(=O)(O)O)O)O)O,1.064813375,-2.432117462,2.418567181
MGDGD4DS1839Z12Z15Z1644Z7Z10Z13Z,Glycerolipid metabolism,A0A2K3CTD8_wild,O=O,1.058802485,-2.072975636,2.015945673
MGDGD4DS1839Z12Z15Z1644Z7Z10Z13Z,Glycerolipid metabolism,Q2HZ21_wild,CC/C=C\C/C=C\C/C=C\CCCCCCCC(=O)OC[C@H](CO[C@@H]1O[C@H](CO)[C@H](O)[C@@H](O)[C@H]1O)OC(=O)CC/C=C\C/C=C\C/C=C\CCCCC,0.668273449,-2.237898588,1.898014426
MGDGD4DS1839Z12Z15Z1644Z7Z10Z13Z,Glycerolipid metabolism,Q2HZ21_wild,C1C=CN(C=C1C(=O)N)[C@H]2[C@@H]([C@@H]([C@H](O2)COP(=O)(O)OP(=O)(O)OC[C@@H]3[C@H]([C@H]([C@@H](O3)N4C=NC5=C(N=CN=C54)N)OP(=O)(O)O)O)O)O,0.771763265,-2.15124774,2.11893177
MGDGD4DS1839Z12Z15Z1644Z7Z10Z13Z,Glycerolipid metabolism,Q2HZ21_wild,O=O,0.768349051,-1.936388612,1.85402751
MGDGD4DS1839Z12Z15Z1644Z7Z10Z13Z,Glycerolipid metabolism,Q2HZ22_wild,CC/C=C\C/C=C\C/C=C\CCCCCCCC(=O)OC[C@H](CO[C@@H]1O[C@H](CO)[C@H](O)[C@@H](O)[C@H]1O)OC(=O)CC/C=C\C/C=C\C/C=C\CCCCC,0.528696299,-2.291195869,1.869889617
MGDGD4DS1839Z12Z15Z1644Z7Z10Z13Z,Glycerolipid metabolism,Q2HZ22_wild,C1C=CN(C=C1C(=O)N)[C@H]2[C@@H]([C@@H]([C@H](O2)COP(=O)(O)OP(=O)(O)OC[C@@H]3[C@H]([C@H]([C@@H](O3)N4C=NC5=C(N=CN=C54)N)OP(=O)(O)O)O)O)O,0.464075714,-2.342596769,2.03883338
MGDGD4DS1839Z12Z15Z1644Z7Z10Z13Z,Glycerolipid metabolism,Q2HZ22_wild,O=O,0.537731409,-1.965953469,1.65201354
MGDGD4DS1839Z12Z15Z1644Z7Z10Z13Z,Glycerolipid metabolism,Q2HZ23_wild,CC/C=C\C/C=C\C/C=C\CCCCCCCC(=O)OC[C@H](CO[C@@H]1O[C@H](CO)[C@H](O)[C@@H](O)[C@H]1O)OC(=O)CC/C=C\C/C=C\C/C=C\CCCCC,1.007618546,-2.233341694,1.944471002
MGDGD4DS1839Z12Z15Z1644Z7Z10Z13Z,Glycerolipid metabolism,Q2HZ23_wild,C1C=CN(C=C1C(=O)N)[C@H]2[C@@H]([C@@H]([C@H](O2)COP(=O)(O)OP(=O)(O)OC[C@@H]3[C@H]([C@H]([C@@H](O3)N4C=NC5=C(N=CN=C54)N)OP(=O)(O)O)O)O)O,1.018737197,-2.293547392,2.223756313
MGDGD4DS1839Z12Z15Z1644Z7Z10Z13Z,Glycerolipid metabolism,Q2HZ23_wild,O=O,0.975109458,-1.921997309,1.850872755
MGDGD4DS1839Z12Z15Z1644Z7Z10Z13Z,Glycerolipid metabolism,Q2HZ24_wild,CC/C=C\C/C=C\C/C=C\CCCCCCCC(=O)OC[C@H](CO[C@@H]1O[C@H](CO)[C@H](O)[C@@H](O)[C@H]1O)OC(=O)CC/C=C\C/C=C\C/C=C\CCCCC,1.395817757,-2.30206728,2.236642361
MGDGD4DS1839Z12Z15Z1644Z7Z10Z13Z,Glycerolipid metabolism,Q2HZ24_wild,C1C=CN(C=C1C(=O)N)[C@H]2[C@@H]([C@@H]([C@H](O2)COP(=O)(O)OP(=O)(O)OC[C@@H]3[C@H]([C@H]([C@@H](O3)N4C=NC5=C(N=CN=C54)N)OP(=O)(O)O)O)O)O,1.526150465,-2.361738205,2.588181257
MGDGD4DS1839Z12Z15Z1644Z7Z10Z13Z,Glycerolipid metabolism,Q2HZ24_wild,O=O,1.439333439,-2.030860424,2.160542011
PAPA1601819Zh,Glycerolipid metabolism,A0A2K3D2Y2_wild,O,1.057217598,-0.269749463,0.752048135
PAPA1601819Zh,Glycerolipid metabolism,A0A2K3D2Y2_wild,CCCCCCCCCCCCCCCC(=O)OC[C@H](COP(=O)(O)O)OC(=O)CCCCCCC/C=C\CCCCCCCC,-0.41980499,-1.590604901,0.721697986
PAPA1601819Zh,Glycerolipid metabolism,A0A2K3DRZ1_wild,O,1.006178021,0.094286725,0.985103428
PAPA1601819Zh,Glycerolipid metabolism,A0A2K3DRZ1_wild,CCCCCCCCCCCCCCCC(=O)OC[C@H](COP(=O)(O)O)OC(=O)CCCCCCC/C=C\CCCCCCCC,-0.313227147,-0.742703795,0.601560652
PAPA1601819Zh,Glycerolipid metabolism,A0A2K3DT60_wild,O,1.188422441,0.042049475,1.091141462
PAPA1601819Zh,Glycerolipid metabolism,A0A2K3DT60_wild,CCCCCCCCCCCCCCCC(=O)OC[C@H](COP(=O)(O)O)OC(=O)CCCCCCC/C=C\CCCCCCCC,-0.153915912,-0.752907574,0.768484533
PAPA160h,Glycerolipid metabolism,A0A2K3D2Y2_wild,O,1.057217598,-0.269749463,0.752048135
PAPA160h,Glycerolipid metabolism,A0A2K3D2Y2_wild,CCCCCCCCCCCCCCCC(=O)OC[C@H](COP(=O)(O)O)OC(=O)CCCCCCCCCCCCCCC,-0.476702988,-1.50853765,0.682292104
PAPA160h,Glycerolipid metabolism,A0A2K3DRZ1_wild,O,1.006178021,0.094286725,0.985103428
PAPA160h,Glycerolipid metabolism,A0A2K3DRZ1_wild,CCCCCCCCCCCCCCCC(=O)OC[C@H](COP(=O)(O)O)OC(=O)CCCCCCCCCCCCCCC,-0.356401026,-0.649298489,0.538111567
PAPA160h,Glycerolipid metabolism,A0A2K3DT60_wild,O,1.188422441,0.042049475,1.091141462
PAPA160h,Glycerolipid metabolism,A0A2K3DT60_wild,CCCCCCCCCCCCCCCC(=O)OC[C@H](COP(=O)(O)O)OC(=O)CCCCCCCCCCCCCCC,-0.202625349,-0.645305991,0.727200389
PAPA1801819Zh,Glycerolipid metabolism,A0A2K3D2Y2_wild,O,1.057217598,-0.269749463,0.752048135
PAPA1801819Zh,Glycerolipid metabolism,A0A2K3D2Y2_wild,CCCCCCCCCCCCCCCCCC(=O)OC[C@H](COP(=O)(O)O)OC(=O)CCCCCCC/C=C\CCCCCCCC,-0.402359575,-1.54345417,0.735562086
PAPA1801819Zh,Glycerolipid metabolism,A0A2K3DRZ1_wild,O,1.006178021,0.094286725,0.985103428
PAPA1801819Zh,Glycerolipid metabolism,A0A2K3DRZ1_wild,CCCCCCCCCCCCCCCCCC(=O)OC[C@H](COP(=O)(O)O)OC(=O)CCCCCCC/C=C\CCCCCCCC,-0.299834311,-0.69850719,0.605449378
PAPA1801819Zh,Glycerolipid metabolism,A0A2K3DT60_wild,O,1.188422441,0.042049475,1.091141462
PAPA1801819Zh,Glycerolipid metabolism,A0A2K3DT60_wild,CCCCCCCCCCCCCCCCCC(=O)OC[C@H](COP(=O)(O)O)OC(=O)CCCCCCC/C=C\CCCCCCCC,-0.129015416,-0.715884864,0.777711391
PAPA18111Z160h,Glycerolipid metabolism,A0A2K3D2Y2_wild,O,1.057217598,-0.269749463,0.752048135
PAPA18111Z160h,Glycerolipid metabolism,A0A2K3D2Y2_wild,CCCCCC/C=C\CCCCCCCCCC(=O)OC[C@H](COP(=O)(O)O)OC(=O)CCCCCCCCCCCCCCC,-0.489228189,-1.464236975,0.634764552
PAPA18111Z160h,Glycerolipid metabolism,A0A2K3DRZ1_wild,O,1.006178021,0.094286725,0.985103428
PAPA18111Z160h,Glycerolipid metabolism,A0A2K3DRZ1_wild,CCCCCC/C=C\CCCCCCCCCC(=O)OC[C@H](COP(=O)(O)O)OC(=O)CCCCCCCCCCCCCCC,-0.377250016,-0.628893495,0.533450007
PAPA18111Z160h,Glycerolipid metabolism,A0A2K3DT60_wild,O,1.188422441,0.042049475,1.091141462
PAPA18111Z160h,Glycerolipid metabolism,A0A2K3DT60_wild,CCCCCC/C=C\CCCCCCCCCC(=O)OC[C@H](COP(=O)(O)O)OC(=O)CCCCCCCCCCCCCCC,-0.235947087,-0.629448712,0.69114387
PAPA18111Z1819Zh,Glycerolipid metabolism,A0A2K3D2Y2_wild,O,1.057217598,-0.269749463,0.752048135
PAPA18111Z1819Zh,Glycerolipid metabolism,A0A2K3D2Y2_wild,CCCCCC/C=C\CCCCCCCCCC(=O)OC[C@H](COP(=O)(O)O)OC(=O)CCCCCCC/C=C\CCCCCCCC,-0.454432398,-1.585095167,0.745378077
PAPA18111Z1819Zh,Glycerolipid metabolism,A0A2K3DRZ1_wild,O,1.006178021,0.094286725,0.985103428
PAPA18111Z1819Zh,Glycerolipid metabolism,A0A2K3DRZ1_wild,CCCCCC/C=C\CCCCCCCCCC(=O)OC[C@H](COP(=O)(O)O)OC(=O)CCCCCCC/C=C\CCCCCCCC,-0.330389529,-0.752542675,0.641923249
PAPA18111Z1819Zh,Glycerolipid metabolism,A0A2K3DT60_wild,O,1.188422441,0.042049475,1.091141462
PAPA18111Z1819Zh,Glycerolipid metabolism,A0A2K3DT60_wild,CCCCCC/C=C\CCCCCCCCCC(=O)OC[C@H](COP(=O)(O)O)OC(=O)CCCCCCC/C=C\CCCCCCCC,-0.191180825,-0.765730023,0.786314607
PAPA1819Z160h,Glycerolipid metabolism,A0A2K3D2Y2_wild,O,1.057217598,-0.269749463,0.752048135
PAPA1819Z160h,Glycerolipid metabolism,A0A2K3D2Y2_wild,CCCCCCCC/C=C\CCCCCCC(=O)OC[C@H](COP(=O)(O)O)OC(=O)CCCCCCC/C=C\CCCCCC,-0.366769463,-1.777087927,0.850405216
PAPA1819Z160h,Glycerolipid metabolism,A0A2K3DRZ1_wild,O,1.006178021,0.094286725,0.985103428
PAPA1819Z160h,Glycerolipid metabolism,A0A2K3DRZ1_wild,CCCCCCCC/C=C\CCCCCCC(=O)OC[C@H](COP(=O)(O)O)OC(=O)CCCCCCC/C=C\CCCCCC,-0.256234109,-0.908367455,0.751238883
PAPA1819Z160h,Glycerolipid metabolism,A0A2K3DT60_wild,O,1.188422441,0.042049475,1.091141462
PAPA1819Z160h,Glycerolipid metabolism,A0A2K3DT60_wild,CCCCCCCC/C=C\CCCCCCC(=O)OC[C@H](COP(=O)(O)O)OC(=O)CCCCCCC/C=C\CCCCCC,-0.122214377,-0.905662179,0.879913986
PAPA1819Z1619Zh,Glycerolipid metabolism,A0A2K3D2Y2_wild,O,1.057217598,-0.269749463,0.752048135
PAPA1819Z1619Zh,Glycerolipid metabolism,A0A2K3D2Y2_wild,CCCCCCCC/C=C\CCCCCCC(=O)OC[C@H](COP(=O)(O)O)OC(=O)CCCCCCCCCCCCCCC,-0.53639102,-1.57871449,0.667161465
PAPA1819Z1619Zh,Glycerolipid metabolism,A0A2K3DRZ1_wild,O,1.006178021,0.094286725,0.985103428
PAPA1819Z1619Zh,Glycerolipid metabolism,A0A2K3DRZ1_wild,CCCCCCCC/C=C\CCCCCCC(=O)OC[C@H](COP(=O)(O)O)OC(=O)CCCCCCCCCCCCCCC,-0.447628796,-0.722773254,0.548428297
PAPA1819Z1619Zh,Glycerolipid metabolism,A0A2K3DT60_wild,O,1.188422441,0.042049475,1.091141462
PAPA1819Z1619Zh,Glycerolipid metabolism,A0A2K3DT60_wild,CCCCCCCC/C=C\CCCCCCC(=O)OC[C@H](COP(=O)(O)O)OC(=O)CCCCCCCCCCCCCCC,-0.318356186,-0.718868792,0.690942466
PAPA1819Z18111Zh,Glycerolipid metabolism,A0A2K3D2Y2_wild,O,1.057217598,-0.269749463,0.752048135
PAPA1819Z18111Zh,Glycerolipid metabolism,A0A2K3D2Y2_wild,CCCCCCCC/C=C\CCCCCCC(=O)OC[C@H](COP(=O)(O)O)OC(=O)CCCCCCCCC/C=C\CCCCCC,-0.411934912,-1.774773836,0.818955243
PAPA1819Z18111Zh,Glycerolipid metabolism,A0A2K3DRZ1_wild,O,1.006178021,0.094286725,0.985103428
PAPA1819Z18111Zh,Glycerolipid metabolism,A0A2K3DRZ1_wild,CCCCCCCC/C=C\CCCCCCC(=O)OC[C@H](COP(=O)(O)O)OC(=O)CCCCCCCCC/C=C\CCCCCC,-0.297682911,-0.886220157,0.700508118
PAPA1819Z18111Zh,Glycerolipid metabolism,A0A2K3DT60_wild,O,1.188422441,0.042049475,1.091141462
PAPA1819Z18111Zh,Glycerolipid metabolism,A0A2K3DT60_wild,CCCCCCCC/C=C\CCCCCCC(=O)OC[C@H](COP(=O)(O)O)OC(=O)CCCCCCCCC/C=C\CCCCCC,-0.162734583,-0.879277349,0.840967357
PAPA1819Z1819Zh,Glycerolipid metabolism,A0A2K3D2Y2_wild,O,1.057217598,-0.269749463,0.752048135
PAPA1819Z1819Zh,Glycerolipid metabolism,A0A2K3D2Y2_wild,CCCCCCCC/C=C\CCCCCCCC(=O)OC[C@H](COP(=O)(O)O)OC(=O)CCCCCCC/C=C\CCCCCCCC,-0.500256896,-1.673339486,0.752582431
PAPA1819Z1819Zh,Glycerolipid metabolism,A0A2K3DRZ1_wild,O,1.006178021,0.094286725,0.985103428
PAPA1819Z1819Zh,Glycerolipid metabolism,A0A2K3DRZ1_wild,CCCCCCCC/C=C\CCCCCCCC(=O)OC[C@H](COP(=O)(O)O)OC(=O)CCCCCCC/C=C\CCCCCCCC,-0.388558209,-0.80440408,0.635607481
PAPA1819Z1819Zh,Glycerolipid metabolism,A0A2K3DT60_wild,O,1.188422441,0.042049475,1.091141462
PAPA1819Z1819Zh,Glycerolipid metabolism,A0A2K3DT60_wild,CCCCCCCC/C=C\CCCCCCCC(=O)OC[C@H](COP(=O)(O)O)OC(=O)CCCCCCC/C=C\CCCCCCCC,-0.246764183,-0.813550591,0.770733833
PLDAGAT16018111Z1601,Glycerolipid metabolism,H6V961_wild,CCCCCCCCCCCCCCCC(=O)OC[C@H](CO)OC(=O)CCCCCCCCC/C=C\CCCCCC,0.225824639,-1.408171892,1.037833095
PLDAGAT16018111Z1601,Glycerolipid metabolism,H6V961_wild,CCCCCC/C=C\CCCCCCCCCC(=O)OC[C@H](COP(=O)(O)O)OC(=O)CCCCCCCCCCCCCCC,0.100379646,-1.617286325,0.997450471
PLDAGAT16018111Z1602,Glycerolipid metabolism,H6V961_wild,CCCCCCCCCCCCCCCC(=O)OC[C@H](CO)OC(=O)CCCCCCCCC/C=C\CCCCCC,0.225824639,-1.408171892,1.037833095
PLDAGAT16018111Z1602,Glycerolipid metabolism,H6V961_wild,CCCCCCCC/C=C\CCCCCCC(=O)OC[C@H](COP(=O)(O)O)OC(=O)CCCCCCC/C=C\CCCCCC,0.182638481,-1.951625109,1.234909892
PLDAGAT16018111Z18111Z1,Glycerolipid metabolism,H6V961_wild,CCCCCCCCCCCCCCCC(=O)OC[C@H](CO)OC(=O)CCCCCCCCC/C=C\CCCCCC,0.225824639,-1.408171892,1.037833095
PLDAGAT16018111Z18111Z1,Glycerolipid metabolism,H6V961_wild,CCCCCCCCCCCCCCCC(=O)OC[C@H](COP(=O)(O)O)OC(=O)CCCCCCCCC/C=C\CCCCCC,0.182911307,-1.78509748,1.100571394
PLDAGAT16018111Z18111Z2,Glycerolipid metabolism,H6V961_wild,CCCCCCCCCCCCCCCC(=O)OC[C@H](CO)OC(=O)CCCCCCCCC/C=C\CCCCCC,0.225824639,-1.408171892,1.037833095
PLDAGAT16018111Z18111Z2,Glycerolipid metabolism,H6V961_wild,CCCCCC/C=C\CCCCCCCCCC(=O)OC[C@H](COP(=O)(O)O)OC(=O)CCCCCCCCC/C=C\CCCCCC,0.170809418,-1.790341139,1.163930178
PLDAGAT16018111Z18111Z3,Glycerolipid metabolism,H6V961_wild,CCCCCCCCCCCCCCCC(=O)OC[C@H](CO)OC(=O)CCCCCCCCC/C=C\CCCCCC,0.225824639,-1.408171892,1.037833095
PLDAGAT16018111Z18111Z3,Glycerolipid metabolism,H6V961_wild,CCCCCCCC/C=C\CCCCCCC(=O)OC[C@H](COP(=O)(O)O)OC(=O)CCCCCCCCC/C=C\CCCCCC,0.150827453,-1.938628554,1.201161981
PLDAGAT16018111Z1819Z1,Glycerolipid metabolism,H6V961_wild,CCCCCCCCCCCCCCCC(=O)OC[C@H](CO)OC(=O)CCCCCCCCC/C=C\CCCCCC,0.225824639,-1.408171892,1.037833095
PLDAGAT16018111Z1819Z1,Glycerolipid metabolism,H6V961_wild,CCCCCCCCCCCCCCCC(=O)OC[C@H](COP(=O)(O)O)OC(=O)CCCCCCC/C=C\CCCCCCCC,0.199609652,-1.703748941,1.073583364
PLDAGAT16018111Z1819Z2,Glycerolipid metabolism,H6V961_wild,CCCCCCCCCCCCCCCC(=O)OC[C@H](CO)OC(=O)CCCCCCCCC/C=C\CCCCCC,0.225824639,-1.408171892,1.037833095
PLDAGAT16018111Z1819Z2,Glycerolipid metabolism,H6V961_wild,CCCCCCCCCCCCCCCCCC(=O)OC[C@H](COP(=O)(O)O)OC(=O)CCCCCCC/C=C\CCCCCCCC,0.220284253,-1.65019834,1.093461275
PLDAGAT16018111Z1819Z3,Glycerolipid metabolism,H6V961_wild,CCCCCCCCCCCCCCCC(=O)OC[C@H](CO)OC(=O)CCCCCCCCC/C=C\CCCCCC,0.225824639,-1.408171892,1.037833095
PLDAGAT16018111Z1819Z3,Glycerolipid metabolism,H6V961_wild,CCCCCC/C=C\CCCCCCCCCC(=O)OC[C@H](COP(=O)(O)O)OC(=O)CCCCCCC/C=C\CCCCCCCC,0.125995174,-1.740172386,1.124136209
PLDAGAT16018111Z1819Z4,Glycerolipid metabolism,H6V961_wild,CCCCCCCCCCCCCCCC(=O)OC[C@H](CO)OC(=O)CCCCCCCCC/C=C\CCCCCC,0.225824639,-1.408171892,1.037833095
PLDAGAT16018111Z1819Z4,Glycerolipid metabolism,H6V961_wild,CCCCCCCC/C=C\CCCCCCCC(=O)OC[C@H](COP(=O)(O)O)OC(=O)CCCCCCC/C=C\CCCCCCCC,0.077801585,-1.822661042,1.123045206
PLDAGAT1601819Z1601,Glycerolipid metabolism,H6V961_wild,CCCCCCCCCCCCCCCC(=O)OC[C@H](CO)OC(=O)CCCCCCC/C=C\CCCCCCCC,0.290148914,-1.402939439,1.077508211
PLDAGAT1601819Z1601,Glycerolipid metabolism,H6V961_wild,CCCCCC/C=C\CCCCCCCCCC(=O)OC[C@H](COP(=O)(O)O)OC(=O)CCCCCCCCCCCCCCC,0.100379646,-1.617286325,0.997450471
PLDAGAT1601819Z1602,Glycerolipid metabolism,H6V961_wild,CCCCCCCCCCCCCCCC(=O)OC[C@H](CO)OC(=O)CCCCCCC/C=C\CCCCCCCC,0.290148914,-1.402939439,1.077508211
PLDAGAT1601819Z1602,Glycerolipid metabolism,H6V961_wild,CCCCCCCC/C=C\CCCCCCC(=O)OC[C@H](COP(=O)(O)O)OC(=O)CCCCCCC/C=C\CCCCCC,0.182638481,-1.951625109,1.234909892
PLDAGAT1601819Z18111Z1,Glycerolipid metabolism,H6V961_wild,CCCCCCCCCCCCCCCC(=O)OC[C@H](CO)OC(=O)CCCCCCC/C=C\CCCCCCCC,0.290148914,-1.402939439,1.077508211
PLDAGAT1601819Z18111Z1,Glycerolipid metabolism,H6V961_wild,CCCCCCCCCCCCCCCC(=O)OC[C@H](COP(=O)(O)O)OC(=O)CCCCCCCCC/C=C\CCCCCC,0.182911307,-1.78509748,1.100571394
PLDAGAT1601819Z18111Z2,Glycerolipid metabolism,H6V961_wild,CCCCCCCCCCCCCCCC(=O)OC[C@H](CO)OC(=O)CCCCCCC/C=C\CCCCCCCC,0.290148914,-1.402939439,1.077508211
PLDAGAT1601819Z18111Z2,Glycerolipid metabolism,H6V961_wild,CCCCCC/C=C\CCCCCCCCCC(=O)OC[C@H](COP(=O)(O)O)OC(=O)CCCCCCCCC/C=C\CCCCCC,0.170809418,-1.790341139,1.163930178
PLDAGAT1601819Z18111Z3,Glycerolipid metabolism,H6V961_wild,CCCCCCCCCCCCCCCC(=O)OC[C@H](CO)OC(=O)CCCCCCC/C=C\CCCCCCCC,0.290148914,-1.402939439,1.077508211
PLDAGAT1601819Z18111Z3,Glycerolipid metabolism,H6V961_wild,CCCCCCCC/C=C\CCCCCCC(=O)OC[C@H](COP(=O)(O)O)OC(=O)CCCCCCCCC/C=C\CCCCCC,0.150827453,-1.938628554,1.201161981
PLDAGAT1601819Z1819Z1,Glycerolipid metabolism,H6V961_wild,CCCCCCCCCCCCCCCC(=O)OC[C@H](CO)OC(=O)CCCCCCC/C=C\CCCCCCCC,0.290148914,-1.402939439,1.077508211
PLDAGAT1601819Z1819Z1,Glycerolipid metabolism,H6V961_wild,CCCCCCCCCCCCCCCC(=O)OC[C@H](COP(=O)(O)O)OC(=O)CCCCCCC/C=C\CCCCCCCC,0.199609652,-1.703748941,1.073583364
PLDAGAT1601819Z1819Z2,Glycerolipid metabolism,H6V961_wild,CCCCCCCCCCCCCCCC(=O)OC[C@H](CO)OC(=O)CCCCCCC/C=C\CCCCCCCC,0.290148914,-1.402939439,1.077508211
PLDAGAT1601819Z1819Z2,Glycerolipid metabolism,H6V961_wild,CCCCCCCCCCCCCCCCCC(=O)OC[C@H](COP(=O)(O)O)OC(=O)CCCCCCC/C=C\CCCCCCCC,0.220284253,-1.65019834,1.093461275
PLDAGAT1601819Z1819Z3,Glycerolipid metabolism,H6V961_wild,CCCCCCCCCCCCCCCC(=O)OC[C@H](CO)OC(=O)CCCCCCC/C=C\CCCCCCCC,0.290148914,-1.402939439,1.077508211
PLDAGAT1601819Z1819Z3,Glycerolipid metabolism,H6V961_wild,CCCCCC/C=C\CCCCCCCCCC(=O)OC[C@H](COP(=O)(O)O)OC(=O)CCCCCCC/C=C\CCCCCCCC,0.125995174,-1.740172386,1.124136209
PLDAGAT1601819Z1819Z4,Glycerolipid metabolism,H6V961_wild,CCCCCCCCCCCCCCCC(=O)OC[C@H](CO)OC(=O)CCCCCCC/C=C\CCCCCCCC,0.290148914,-1.402939439,1.077508211
PLDAGAT1601819Z1819Z4,Glycerolipid metabolism,H6V961_wild,CCCCCCCC/C=C\CCCCCCCC(=O)OC[C@H](COP(=O)(O)O)OC(=O)CCCCCCC/C=C\CCCCCCCC,0.077801585,-1.822661042,1.123045206
PLDAGAT1801819Z1601,Glycerolipid metabolism,H6V961_wild,CCCCCCCCCCCCCCCCCC(=O)OC[C@H](CO)OC(=O)CCCCCCC/C=C\CCCCCCCC,0.263520986,-1.401901603,1.084185243
PLDAGAT1801819Z1601,Glycerolipid metabolism,H6V961_wild,CCCCCC/C=C\CCCCCCCCCC(=O)OC[C@H](COP(=O)(O)O)OC(=O)CCCCCCCCCCCCCCC,0.100379646,-1.617286325,0.997450471
PLDAGAT1801819Z1602,Glycerolipid metabolism,H6V961_wild,CCCCCCCCCCCCCCCCCC(=O)OC[C@H](CO)OC(=O)CCCCCCC/C=C\CCCCCCCC,0.263520986,-1.401901603,1.084185243
PLDAGAT1801819Z1602,Glycerolipid metabolism,H6V961_wild,CCCCCCCC/C=C\CCCCCCC(=O)OC[C@H](COP(=O)(O)O)OC(=O)CCCCCCC/C=C\CCCCCC,0.182638481,-1.951625109,1.234909892
PLDAGAT1801819Z18111Z1,Glycerolipid metabolism,H6V961_wild,CCCCCCCCCCCCCCCCCC(=O)OC[C@H](CO)OC(=O)CCCCCCC/C=C\CCCCCCCC,0.263520986,-1.401901603,1.084185243
PLDAGAT1801819Z18111Z1,Glycerolipid metabolism,H6V961_wild,CCCCCCCCCCCCCCCC(=O)OC[C@H](COP(=O)(O)O)OC(=O)CCCCCCCCC/C=C\CCCCCC,0.182911307,-1.78509748,1.100571394
PLDAGAT1801819Z18111Z2,Glycerolipid metabolism,H6V961_wild,CCCCCCCCCCCCCCCCCC(=O)OC[C@H](CO)OC(=O)CCCCCCC/C=C\CCCCCCCC,0.263520986,-1.401901603,1.084185243
PLDAGAT1801819Z18111Z2,Glycerolipid metabolism,H6V961_wild,CCCCCC/C=C\CCCCCCCCCC(=O)OC[C@H](COP(=O)(O)O)OC(=O)CCCCCCCCC/C=C\CCCCCC,0.170809418,-1.790341139,1.163930178
PLDAGAT1801819Z18111Z3,Glycerolipid metabolism,H6V961_wild,CCCCCCCCCCCCCCCCCC(=O)OC[C@H](CO)OC(=O)CCCCCCC/C=C\CCCCCCCC,0.263520986,-1.401901603,1.084185243
PLDAGAT1801819Z18111Z3,Glycerolipid metabolism,H6V961_wild,CCCCCCCC/C=C\CCCCCCC(=O)OC[C@H](COP(=O)(O)O)OC(=O)CCCCCCCCC/C=C\CCCCCC,0.150827453,-1.938628554,1.201161981
PLDAGAT1801819Z1819Z1,Glycerolipid metabolism,H6V961_wild,CCCCCCCCCCCCCCCCCC(=O)OC[C@H](CO)OC(=O)CCCCCCC/C=C\CCCCCCCC,0.263520986,-1.401901603,1.084185243
PLDAGAT1801819Z1819Z1,Glycerolipid metabolism,H6V961_wild,CCCCCCCCCCCCCCCC(=O)OC[C@H](COP(=O)(O)O)OC(=O)CCCCCCC/C=C\CCCCCCCC,0.199609652,-1.703748941,1.073583364
PLDAGAT1801819Z1819Z2,Glycerolipid metabolism,H6V961_wild,CCCCCCCCCCCCCCCCCC(=O)OC[C@H](CO)OC(=O)CCCCCCC/C=C\CCCCCCCC,0.263520986,-1.401901603,1.084185243
PLDAGAT1801819Z1819Z2,Glycerolipid metabolism,H6V961_wild,CCCCCCCCCCCCCCCCCC(=O)OC[C@H](COP(=O)(O)O)OC(=O)CCCCCCC/C=C\CCCCCCCC,0.220284253,-1.65019834,1.093461275
PLDAGAT1801819Z1819Z3,Glycerolipid metabolism,H6V961_wild,CCCCCCCCCCCCCCCCCC(=O)OC[C@H](CO)OC(=O)CCCCCCC/C=C\CCCCCCCC,0.263520986,-1.401901603,1.084185243
PLDAGAT1801819Z1819Z3,Glycerolipid metabolism,H6V961_wild,CCCCCC/C=C\CCCCCCCCCC(=O)OC[C@H](COP(=O)(O)O)OC(=O)CCCCCCC/C=C\CCCCCCCC,0.125995174,-1.740172386,1.124136209
PLDAGAT1801819Z1819Z4,Glycerolipid metabolism,H6V961_wild,CCCCCCCCCCCCCCCCCC(=O)OC[C@H](CO)OC(=O)CCCCCCC/C=C\CCCCCCCC,0.263520986,-1.401901603,1.084185243
PLDAGAT1801819Z1819Z4,Glycerolipid metabolism,H6V961_wild,CCCCCCCC/C=C\CCCCCCCC(=O)OC[C@H](COP(=O)(O)O)OC(=O)CCCCCCC/C=C\CCCCCCCC,0.077801585,-1.822661042,1.123045206
PLDAGAT18111Z18111Z1601,Glycerolipid metabolism,H6V961_wild,CCCCCC/C=C\CCCCCCCCCC(=O)OC[C@H](CO)OC(=O)CCCCCCCCC/C=C\CCCCCC,0.21444349,-1.41788125,1.084124804
PLDAGAT18111Z18111Z1601,Glycerolipid metabolism,H6V961_wild,CCCCCC/C=C\CCCCCCCCCC(=O)OC[C@H](COP(=O)(O)O)OC(=O)CCCCCCCCCCCCCCC,0.100379646,-1.617286325,0.997450471
PLDAGAT18111Z18111Z1602,Glycerolipid metabolism,H6V961_wild,CCCCCC/C=C\CCCCCCCCCC(=O)OC[C@H](CO)OC(=O)CCCCCCCCC/C=C\CCCCCC,0.21444349,-1.41788125,1.084124804
PLDAGAT18111Z18111Z1602,Glycerolipid metabolism,H6V961_wild,CCCCCCCC/C=C\CCCCCCC(=O)OC[C@H](COP(=O)(O)O)OC(=O)CCCCCCC/C=C\CCCCCC,0.182638481,-1.951625109,1.234909892
PLDAGAT18111Z18111Z18111Z1,Glycerolipid metabolism,H6V961_wild,CCCCCC/C=C\CCCCCCCCCC(=O)OC[C@H](CO)OC(=O)CCCCCCCCC/C=C\CCCCCC,0.21444349,-1.41788125,1.084124804
PLDAGAT18111Z18111Z18111Z1,Glycerolipid metabolism,H6V961_wild,CCCCCCCCCCCCCCCC(=O)OC[C@H](COP(=O)(O)O)OC(=O)CCCCCCCCC/C=C\CCCCCC,0.182911307,-1.78509748,1.100571394
PLDAGAT18111Z18111Z18111Z2,Glycerolipid metabolism,H6V961_wild,CCCCCC/C=C\CCCCCCCCCC(=O)OC[C@H](CO)OC(=O)CCCCCCCCC/C=C\CCCCCC,0.21444349,-1.41788125,1.084124804
PLDAGAT18111Z18111Z18111Z2,Glycerolipid metabolism,H6V961_wild,CCCCCC/C=C\CCCCCCCCCC(=O)OC[C@H](COP(=O)(O)O)OC(=O)CCCCCCCCC/C=C\CCCCCC,0.170809418,-1.790341139,1.163930178
PLDAGAT18111Z18111Z18111Z3,Glycerolipid metabolism,H6V961_wild,CCCCCC/C=C\CCCCCCCCCC(=O)OC[C@H](CO)OC(=O)CCCCCCCCC/C=C\CCCCCC,0.21444349,-1.41788125,1.084124804
PLDAGAT18111Z18111Z18111Z3,Glycerolipid metabolism,H6V961_wild,CCCCCCCC/C=C\CCCCCCC(=O)OC[C@H](COP(=O)(O)O)OC(=O)CCCCCCCCC/C=C\CCCCCC,0.150827453,-1.938628554,1.201161981
PLDAGAT18111Z18111Z1819Z1,Glycerolipid metabolism,H6V961_wild,CCCCCC/C=C\CCCCCCCCCC(=O)OC[C@H](CO)OC(=O)CCCCCCCCC/C=C\CCCCCC,0.21444349,-1.41788125,1.084124804
PLDAGAT18111Z18111Z1819Z1,Glycerolipid metabolism,H6V961_wild,CCCCCCCCCCCCCCCC(=O)OC[C@H](COP(=O)(O)O)OC(=O)CCCCCCC/C=C\CCCCCCCC,0.199609652,-1.703748941,1.073583364
PLDAGAT18111Z18111Z1819Z2,Glycerolipid metabolism,H6V961_wild,CCCCCC/C=C\CCCCCCCCCC(=O)OC[C@H](CO)OC(=O)CCCCCCCCC/C=C\CCCCCC,0.21444349,-1.41788125,1.084124804
PLDAGAT18111Z18111Z1819Z2,Glycerolipid metabolism,H6V961_wild,CCCCCCCCCCCCCCCCCC(=O)OC[C@H](COP(=O)(O)O)OC(=O)CCCCCCC/C=C\CCCCCCCC,0.220284253,-1.65019834,1.093461275
PLDAGAT18111Z18111Z1819Z3,Glycerolipid metabolism,H6V961_wild,CCCCCC/C=C\CCCCCCCCCC(=O)OC[C@H](CO)OC(=O)CCCCCCCCC/C=C\CCCCCC,0.21444349,-1.41788125,1.084124804
PLDAGAT18111Z18111Z1819Z3,Glycerolipid metabolism,H6V961_wild,CCCCCC/C=C\CCCCCCCCCC(=O)OC[C@H](COP(=O)(O)O)OC(=O)CCCCCCC/C=C\CCCCCCCC,0.125995174,-1.740172386,1.124136209
PLDAGAT18111Z18111Z1819Z4,Glycerolipid metabolism,H6V961_wild,CCCCCC/C=C\CCCCCCCCCC(=O)OC[C@H](CO)OC(=O)CCCCCCCCC/C=C\CCCCCC,0.21444349,-1.41788125,1.084124804
PLDAGAT18111Z18111Z1819Z4,Glycerolipid metabolism,H6V961_wild,CCCCCCCC/C=C\CCCCCCCC(=O)OC[C@H](COP(=O)(O)O)OC(=O)CCCCCCC/C=C\CCCCCCCC,0.077801585,-1.822661042,1.123045206
PLDAGAT18111Z1819Z1601,Glycerolipid metabolism,H6V961_wild,CCCCCC/C=C\CCCCCCCCCC(=O)OC[C@H](CO)OC(=O)CCCCCCC/C=C\CCCCCCCC,0.233059257,-1.410795093,1.100552559
PLDAGAT18111Z1819Z1601,Glycerolipid metabolism,H6V961_wild,CCCCCC/C=C\CCCCCCCCCC(=O)OC[C@H](COP(=O)(O)O)OC(=O)CCCCCCCCCCCCCCC,0.100379646,-1.617286325,0.997450471
PLDAGAT18111Z1819Z1602,Glycerolipid metabolism,H6V961_wild,CCCCCC/C=C\CCCCCCCCCC(=O)OC[C@H](CO)OC(=O)CCCCCCC/C=C\CCCCCCCC,0.233059257,-1.410795093,1.100552559
PLDAGAT18111Z1819Z1602,Glycerolipid metabolism,H6V961_wild,CCCCCCCC/C=C\CCCCCCC(=O)OC[C@H](COP(=O)(O)O)OC(=O)CCCCCCC/C=C\CCCCCC,0.182638481,-1.951625109,1.234909892
PLDAGAT18111Z1819Z18111Z1,Glycerolipid metabolism,H6V961_wild,CCCCCC/C=C\CCCCCCCCCC(=O)OC[C@H](CO)OC(=O)CCCCCCC/C=C\CCCCCCCC,0.233059257,-1.410795093,1.100552559
PLDAGAT18111Z1819Z18111Z1,Glycerolipid metabolism,H6V961_wild,CCCCCCCCCCCCCCCC(=O)OC[C@H](COP(=O)(O)O)OC(=O)CCCCCCCCC/C=C\CCCCCC,0.182911307,-1.78509748,1.100571394
PLDAGAT18111Z1819Z18111Z2,Glycerolipid metabolism,H6V961_wild,CCCCCC/C=C\CCCCCCCCCC(=O)OC[C@H](CO)OC(=O)CCCCCCC/C=C\CCCCCCCC,0.233059257,-1.410795093,1.100552559
PLDAGAT18111Z1819Z18111Z2,Glycerolipid metabolism,H6V961_wild,CCCCCC/C=C\CCCCCCCCCC(=O)OC[C@H](COP(=O)(O)O)OC(=O)CCCCCCCCC/C=C\CCCCCC,0.170809418,-1.790341139,1.163930178
PLDAGAT18111Z1819Z18111Z3,Glycerolipid metabolism,H6V961_wild,CCCCCC/C=C\CCCCCCCCCC(=O)OC[C@H](CO)OC(=O)CCCCCCC/C=C\CCCCCCCC,0.233059257,-1.410795093,1.100552559
PLDAGAT18111Z1819Z18111Z3,Glycerolipid metabolism,H6V961_wild,CCCCCCCC/C=C\CCCCCCC(=O)OC[C@H](COP(=O)(O)O)OC(=O)CCCCCCCCC/C=C\CCCCCC,0.150827453,-1.938628554,1.201161981
PLDAGAT18111Z1819Z1819Z1,Glycerolipid metabolism,H6V961_wild,CCCCCC/C=C\CCCCCCCCCC(=O)OC[C@H](CO)OC(=O)CCCCCCC/C=C\CCCCCCCC,0.233059257,-1.410795093,1.100552559
PLDAGAT18111Z1819Z1819Z1,Glycerolipid metabolism,H6V961_wild,CCCCCCCCCCCCCCCC(=O)OC[C@H](COP(=O)(O)O)OC(=O)CCCCCCC/C=C\CCCCCCCC,0.199609652,-1.703748941,1.073583364
PLDAGAT18111Z1819Z1819Z2,Glycerolipid metabolism,H6V961_wild,CCCCCC/C=C\CCCCCCCCCC(=O)OC[C@H](CO)OC(=O)CCCCCCC/C=C\CCCCCCCC,0.233059257,-1.410795093,1.100552559
PLDAGAT18111Z1819Z1819Z2,Glycerolipid metabolism,H6V961_wild,CCCCCCCCCCCCCCCCCC(=O)OC[C@H](COP(=O)(O)O)OC(=O)CCCCCCC/C=C\CCCCCCCC,0.220284253,-1.65019834,1.093461275
PLDAGAT18111Z1819Z1819Z3,Glycerolipid metabolism,H6V961_wild,CCCCCC/C=C\CCCCCCCCCC(=O)OC[C@H](CO)OC(=O)CCCCCCC/C=C\CCCCCCCC,0.233059257,-1.410795093,1.100552559
PLDAGAT18111Z1819Z1819Z3,Glycerolipid metabolism,H6V961_wild,CCCCCC/C=C\CCCCCCCCCC(=O)OC[C@H](COP(=O)(O)O)OC(=O)CCCCCCC/C=C\CCCCCCCC,0.125995174,-1.740172386,1.124136209
PLDAGAT18111Z1819Z1819Z4,Glycerolipid metabolism,H6V961_wild,CCCCCC/C=C\CCCCCCCCCC(=O)OC[C@H](CO)OC(=O)CCCCCCC/C=C\CCCCCCCC,0.233059257,-1.410795093,1.100552559
PLDAGAT18111Z1819Z1819Z4,Glycerolipid metabolism,H6V961_wild,CCCCCCCC/C=C\CCCCCCCC(=O)OC[C@H](COP(=O)(O)O)OC(=O)CCCCCCC/C=C\CCCCCCCC,0.077801585,-1.822661042,1.123045206
PLDAGAT1819Z18111Z1601,Glycerolipid metabolism,H6V961_wild,CCCCCCCC/C=C\CCCCCCCC(=O)OC[C@H](CO)OC(=O)CCCCCCCCC/C=C\CCCCCC,0.137104362,-1.558363199,1.077553153
PLDAGAT1819Z18111Z1601,Glycerolipid metabolism,H6V961_wild,CCCCCC/C=C\CCCCCCCCCC(=O)OC[C@H](COP(=O)(O)O)OC(=O)CCCCCCCCCCCCCCC,0.100379646,-1.617286325,0.997450471
PLDAGAT1819Z18111Z1602,Glycerolipid metabolism,H6V961_wild,CCCCCCCC/C=C\CCCCCCCC(=O)OC[C@H](CO)OC(=O)CCCCCCCCC/C=C\CCCCCC,0.137104362,-1.558363199,1.077553153
PLDAGAT1819Z18111Z1602,Glycerolipid metabolism,H6V961_wild,CCCCCCCC/C=C\CCCCCCC(=O)OC[C@H](COP(=O)(O)O)OC(=O)CCCCCCC/C=C\CCCCCC,0.182638481,-1.951625109,1.234909892
PLDAGAT1819Z18111Z18111Z1,Glycerolipid metabolism,H6V961_wild,CCCCCCCC/C=C\CCCCCCCC(=O)OC[C@H](CO)OC(=O)CCCCCCCCC/C=C\CCCCCC,0.137104362,-1.558363199,1.077553153
PLDAGAT1819Z18111Z18111Z1,Glycerolipid metabolism,H6V961_wild,CCCCCCCCCCCCCCCC(=O)OC[C@H](COP(=O)(O)O)OC(=O)CCCCCCCCC/C=C\CCCCCC,0.182911307,-1.78509748,1.100571394
PLDAGAT1819Z18111Z18111Z2,Glycerolipid metabolism,H6V961_wild,CCCCCCCC/C=C\CCCCCCCC(=O)OC[C@H](CO)OC(=O)CCCCCCCCC/C=C\CCCCCC,0.137104362,-1.558363199,1.077553153
PLDAGAT1819Z18111Z18111Z2,Glycerolipid metabolism,H6V961_wild,CCCCCC/C=C\CCCCCCCCCC(=O)OC[C@H](COP(=O)(O)O)OC(=O)CCCCCCCCC/C=C\CCCCCC,0.170809418,-1.790341139,1.163930178
PLDAGAT1819Z18111Z18111Z3,Glycerolipid metabolism,H6V961_wild,CCCCCCCC/C=C\CCCCCCCC(=O)OC[C@H](CO)OC(=O)CCCCCCCCC/C=C\CCCCCC,0.137104362,-1.558363199,1.077553153
PLDAGAT1819Z18111Z18111Z3,Glycerolipid metabolism,H6V961_wild,CCCCCCCC/C=C\CCCCCCC(=O)OC[C@H](COP(=O)(O)O)OC(=O)CCCCCCCCC/C=C\CCCCCC,0.150827453,-1.938628554,1.201161981
PLDAGAT1819Z18111Z1819Z1,Glycerolipid metabolism,H6V961_wild,CCCCCCCC/C=C\CCCCCCCC(=O)OC[C@H](CO)OC(=O)CCCCCCCCC/C=C\CCCCCC,0.137104362,-1.558363199,1.077553153
PLDAGAT1819Z18111Z1819Z1,Glycerolipid metabolism,H6V961_wild,CCCCCCCCCCCCCCCC(=O)OC[C@H](COP(=O)(O)O)OC(=O)CCCCCCC/C=C\CCCCCCCC,0.199609652,-1.703748941,1.073583364
PLDAGAT1819Z18111Z1819Z2,Glycerolipid metabolism,H6V961_wild,CCCCCCCC/C=C\CCCCCCCC(=O)OC[C@H](CO)OC(=O)CCCCCCCCC/C=C\CCCCCC,0.137104362,-1.558363199,1.077553153
PLDAGAT1819Z18111Z1819Z2,Glycerolipid metabolism,H6V961_wild,CCCCCCCCCCCCCCCCCC(=O)OC[C@H](COP(=O)(O)O)OC(=O)CCCCCCC/C=C\CCCCCCCC,0.220284253,-1.65019834,1.093461275
PLDAGAT1819Z18111Z1819Z3,Glycerolipid metabolism,H6V961_wild,CCCCCCCC/C=C\CCCCCCCC(=O)OC[C@H](CO)OC(=O)CCCCCCCCC/C=C\CCCCCC,0.137104362,-1.558363199,1.077553153
PLDAGAT1819Z18111Z1819Z3,Glycerolipid metabolism,H6V961_wild,CCCCCC/C=C\CCCCCCCCCC(=O)OC[C@H](COP(=O)(O)O)OC(=O)CCCCCCC/C=C\CCCCCCCC,0.125995174,-1.740172386,1.124136209
PLDAGAT1819Z18111Z1819Z4,Glycerolipid metabolism,H6V961_wild,CCCCCCCC/C=C\CCCCCCCC(=O)OC[C@H](CO)OC(=O)CCCCCCCCC/C=C\CCCCCC,0.137104362,-1.558363199,1.077553153
PLDAGAT1819Z18111Z1819Z4,Glycerolipid metabolism,H6V961_wild,CCCCCCCC/C=C\CCCCCCCC(=O)OC[C@H](COP(=O)(O)O)OC(=O)CCCCCCC/C=C\CCCCCCCC,0.077801585,-1.822661042,1.123045206
PLDAGAT1819Z1819Z1601,Glycerolipid metabolism,H6V961_wild,CCCCCCCC/C=C\CCCCCCCC(=O)OC[C@H](CO)OC(=O)CCCCCCC/C=C\CCCCCCCC,0.135037929,-1.548167944,1.097067714
PLDAGAT1819Z1819Z1601,Glycerolipid metabolism,H6V961_wild,CCCCCC/C=C\CCCCCCCCCC(=O)OC[C@H](COP(=O)(O)O)OC(=O)CCCCCCCCCCCCCCC,0.100379646,-1.617286325,0.997450471
PLDAGAT1819Z1819Z1602,Glycerolipid metabolism,H6V961_wild,CCCCCCCC/C=C\CCCCCCCC(=O)OC[C@H](CO)OC(=O)CCCCCCC/C=C\CCCCCCCC,0.135037929,-1.548167944,1.097067714
PLDAGAT1819Z1819Z1602,Glycerolipid metabolism,H6V961_wild,CCCCCCCC/C=C\CCCCCCC(=O)OC[C@H](COP(=O)(O)O)OC(=O)CCCCCCC/C=C\CCCCCC,0.182638481,-1.951625109,1.234909892
PLDAGAT1819Z1819Z18111Z1,Glycerolipid metabolism,H6V961_wild,CCCCCCCC/C=C\CCCCCCCC(=O)OC[C@H](CO)OC(=O)CCCCCCC/C=C\CCCCCCCC,0.135037929,-1.548167944,1.097067714
PLDAGAT1819Z1819Z18111Z1,Glycerolipid metabolism,H6V961_wild,CCCCCCCCCCCCCCCC(=O)OC[C@H](COP(=O)(O)O)OC(=O)CCCCCCCCC/C=C\CCCCCC,0.182911307,-1.78509748,1.100571394
PLDAGAT1819Z1819Z18111Z2,Glycerolipid metabolism,H6V961_wild,CCCCCCCC/C=C\CCCCCCCC(=O)OC[C@H](CO)OC(=O)CCCCCCC/C=C\CCCCCCCC,0.135037929,-1.548167944,1.097067714
PLDAGAT1819Z1819Z18111Z2,Glycerolipid metabolism,H6V961_wild,CCCCCC/C=C\CCCCCCCCCC(=O)OC[C@H](COP(=O)(O)O)OC(=O)CCCCCCCCC/C=C\CCCCCC,0.170809418,-1.790341139,1.163930178
PLDAGAT1819Z1819Z18111Z3,Glycerolipid metabolism,H6V961_wild,CCCCCCCC/C=C\CCCCCCCC(=O)OC[C@H](CO)OC(=O)CCCCCCC/C=C\CCCCCCCC,0.135037929,-1.548167944,1.097067714
PLDAGAT1819Z1819Z18111Z3,Glycerolipid metabolism,H6V961_wild,CCCCCCCC/C=C\CCCCCCC(=O)OC[C@H](COP(=O)(O)O)OC(=O)CCCCCCCCC/C=C\CCCCCC,0.150827453,-1.938628554,1.201161981
PLDAGAT1819Z1819Z1819Z1,Glycerolipid metabolism,H6V961_wild,CCCCCCCC/C=C\CCCCCCCC(=O)OC[C@H](CO)OC(=O)CCCCCCC/C=C\CCCCCCCC,0.135037929,-1.548167944,1.097067714
PLDAGAT1819Z1819Z1819Z1,Glycerolipid metabolism,H6V961_wild,CCCCCCCCCCCCCCCC(=O)OC[C@H](COP(=O)(O)O)OC(=O)CCCCCCC/C=C\CCCCCCCC,0.199609652,-1.703748941,1.073583364
PLDAGAT1819Z1819Z1819Z2,Glycerolipid metabolism,H6V961_wild,CCCCCCCC/C=C\CCCCCCCC(=O)OC[C@H](CO)OC(=O)CCCCCCC/C=C\CCCCCCCC,0.135037929,-1.548167944,1.097067714
PLDAGAT1819Z1819Z1819Z2,Glycerolipid metabolism,H6V961_wild,CCCCCCCCCCCCCCCCCC(=O)OC[C@H](COP(=O)(O)O)OC(=O)CCCCCCC/C=C\CCCCCCCC,0.220284253,-1.65019834,1.093461275
PLDAGAT1819Z1819Z1819Z3,Glycerolipid metabolism,H6V961_wild,CCCCCCCC/C=C\CCCCCCCC(=O)OC[C@H](CO)OC(=O)CCCCCCC/C=C\CCCCCCCC,0.135037929,-1.548167944,1.097067714
PLDAGAT1819Z1819Z1819Z3,Glycerolipid metabolism,H6V961_wild,CCCCCC/C=C\CCCCCCCCCC(=O)OC[C@H](COP(=O)(O)O)OC(=O)CCCCCCC/C=C\CCCCCCCC,0.125995174,-1.740172386,1.124136209
PLDAGAT1819Z1819Z1819Z4,Glycerolipid metabolism,H6V961_wild,CCCCCCCC/C=C\CCCCCCCC(=O)OC[C@H](CO)OC(=O)CCCCCCC/C=C\CCCCCCCC,0.135037929,-1.548167944,1.097067714
PLDAGAT1819Z1819Z1819Z4,Glycerolipid metabolism,H6V961_wild,CCCCCCCC/C=C\CCCCCCCC(=O)OC[C@H](COP(=O)(O)O)OC(=O)CCCCCCC/C=C\CCCCCCCC,0.077801585,-1.822661042,1.123045206
SQDGS160,Glycerolipid metabolism,A0A2K3E778_wild,CCCCCCCCCCCCCCCC(=O)OC[C@H](CO)OC(=O)CCCCCCCCCCCCCCC,-0.169762641,-0.727181673,0.264497817
SQDGS160,Glycerolipid metabolism,A0A2K3E778_wild,C1=CN(C(=O)NC1=O)[C@H]2[C@@H]([C@@H]([C@H](O2)COP(=O)(O)OP(=O)(O)O[C@@H]3[C@@H]([C@H]([C@@H]([C@H](O3)CS(=O)(=O)O)O)O)O)O)O,-0.206937239,-1.12559092,0.661343515
SQDGS18111Z160,Glycerolipid metabolism,A0A2K3E778_wild,CCCCCC/C=C\CCCCCCCCCC(=O)OC[C@H](CO)OC(=O)CCCCCCCCCCCCCCC,-0.116889156,-0.816315055,0.333466917
SQDGS18111Z160,Glycerolipid metabolism,A0A2K3E778_wild,C1=CN(C(=O)NC1=O)[C@H]2[C@@H]([C@@H]([C@H](O2)COP(=O)(O)OP(=O)(O)O[C@@H]3[C@@H]([C@H]([C@@H]([C@H](O3)CS(=O)(=O)O)O)O)O)O)O,-0.206937239,-1.12559092,0.661343515
SQDGS1819Z160,Glycerolipid metabolism,A0A2K3E778_wild,CCCCCCCC/C=C\CCCCCCCC(=O)OC[C@H](CO)OC(=O)CCCCCCCCCCCCCCC,-0.204563931,-0.94905889,0.323560089
SQDGS1819Z160,Glycerolipid metabolism,A0A2K3E778_wild,C1=CN(C(=O)NC1=O)[C@H]2[C@@H]([C@@H]([C@H](O2)COP(=O)(O)OP(=O)(O)O[C@@H]3[C@@H]([C@H]([C@@H]([C@H](O3)CS(=O)(=O)O)O)O)O)O)O,-0.206937239,-1.12559092,0.661343515
TM16018111Z,Glycerolipid metabolism,Q6DN05_wild,C[S+](CC[C@@H](C(=O)[O-])N)C[C@@H]1[C@H]([C@H]([C@@H](O1)N2C=NC3=C(N=CN=C32)N)O)O,-0.211374834,-1.427442074,1.095343709
TM16018111Z,Glycerolipid metabolism,Q6DN05_wild,CCCCCCCCCCCCCCCC(=O)OC[C@H](OCC[C@H](N)C(=O)O)OC(=O)CCCCCCCCC/C=C\CCCCCC,0.00796889,-1.342947841,0.932743251
TM1601819Z,Glycerolipid metabolism,Q6DN05_wild,C[S+](CC[C@@H](C(=O)[O-])N)C[C@@H]1[C@H]([C@H]([C@@H](O1)N2C=NC3=C(N=CN=C32)N)O)O,-0.211374834,-1.427442074,1.095343709
TM1601819Z,Glycerolipid metabolism,Q6DN05_wild,CCCCCCCCCCCCCCCC(=O)OC[C@H](OCC[C@H](N)C(=O)O)OC(=O)CCCCCCC/C=C\CCCCCCCC,0.076525345,-1.277987719,0.950445294
TM18111Z18111Z,Glycerolipid metabolism,Q6DN05_wild,C[S+](CC[C@@H](C(=O)[O-])N)C[C@@H]1[C@H]([C@H]([C@@H](O1)N2C=NC3=C(N=CN=C32)N)O)O,-0.211374834,-1.427442074,1.095343709
TM18111Z18111Z,Glycerolipid metabolism,Q6DN05_wild,CCCCCC/C=C\CCCCCCCCCC(=O)OC[C@H](OCC[C@H](N)C(=O)O)OC(=O)CCCCCCCCC/C=C\CCCCCC,0.131660283,-1.37244308,1.086434364
TM18111Z1819Z,Glycerolipid metabolism,Q6DN05_wild,C[S+](CC[C@@H](C(=O)[O-])N)C[C@@H]1[C@H]([C@H]([C@@H](O1)N2C=NC3=C(N=CN=C32)N)O)O,-0.211374834,-1.427442074,1.095343709
TM18111Z1819Z,Glycerolipid metabolism,Q6DN05_wild,CCCCCC/C=C\CCCCCCCCCC(=O)OC[C@H](OCC[C@H](N)C(=O)O)OC(=O)CCCCCCC/C=C\CCCCCCCC,0.142545417,-1.302758455,1.075757027
TM1819Z18111Z,Glycerolipid metabolism,Q6DN05_wild,C[S+](CC[C@@H](C(=O)[O-])N)C[C@@H]1[C@H]([C@H]([C@@H](O1)N2C=NC3=C(N=CN=C32)N)O)O,-0.211374834,-1.427442074,1.095343709
TM1819Z18111Z,Glycerolipid metabolism,Q6DN05_wild,CCCCCCCC/C=C\CCCCCCCC(=O)OC[C@H](OCC[C@H](N)C(=O)O)OC(=O)CCCCCCCCC/C=C\CCCCCC,0.084590726,-1.45618856,1.106929898
TM1819Z1819Z,Glycerolipid metabolism,Q6DN05_wild,C[S+](CC[C@@H](C(=O)[O-])N)C[C@@H]1[C@H]([C@H]([C@@H](O1)N2C=NC3=C(N=CN=C32)N)O)O,-0.211374834,-1.427442074,1.095343709
TM1819Z1819Z,Glycerolipid metabolism,Q6DN05_wild,CCCCCCCC/C=C\CCCCCCCC(=O)OC[C@H](OCC[C@H](N)C(=O)O)OC(=O)CCCCCCC/C=C\CCCCCCCC,0.104865432,-1.40570128,1.10902524
ALCD19_REV,Glycerolipid metabolism,A0A2K3DEH4_wild,C(C(CO)O)O,0.800794601,1.308958292,0.00704402
ALCD19_REV,Glycerolipid metabolism,A0A2K3DEH4_wild,C1=CC(=C[N+](=C1)[C@H]2[C@@H]([C@@H]([C@H](O2)COP(=O)([O-])OP(=O)(O)OC[C@@H]3[C@H]([C@H]([C@@H](O3)N4C=NC5=C(N=CN=C54)N)O)O)O)O)C(=O)N,1.401996374,-0.925792873,1.903864264
ALCD19y_REV,Glycerolipid metabolism,A0A2K3DEH4_wild,C(C(CO)O)O,0.800794601,1.308958292,0.00704402
ALCD19y_REV,Glycerolipid metabolism,A0A2K3DEH4_wild,C1=CC(=C[N+](=C1)[C@H]2[C@@H]([C@@H]([C@H](O2)COP(=O)([O-])OP(=O)([O-])OC[C@@H]3[C@H]([C@H]([C@@H](O3)N4C=NC5=C(N=CN=C54)N)OP(=O)([O-])[O-])O)O)O)C(=O)N,1.297281623,-1.02006197,1.88140142
GLYALDOR_REV,Glycerolipid metabolism,A0A2K3D399_wild,C([C@H](C=O)O)O,0.391840011,-0.038989462,0.629508555
GLYALDOR_REV,Glycerolipid metabolism,A0A2K3D399_wild,O,1.425410032,-0.232042,1.551683784
GLYALDOR_REV,Glycerolipid metabolism,A0A2K3D399_wild,C1=CC(=C[N+](=C1)[C@H]2[C@@H]([C@@H]([C@H](O2)COP(=O)([O-])OP(=O)(O)OC[C@@H]3[C@H]([C@H]([C@@H](O3)N4C=NC5=C(N=CN=C54)N)O)O)O)O)C(=O)N,0.773099542,-1.173951387,1.893916726
arm_ACOADAGAT16018111Z160,Glycerolipid metabolism,A0A2K3E0F5_wild,CCCCCCCCCCCCCCCC(=O)OC[C@H](CO)OC(=O)CCCCCCCCC/C=C\CCCCCC,-0.802513599,-1.288288474,-0.243166357
arm_ACOADAGAT16018111Z160,Glycerolipid metabolism,A0A2K3E0F5_wild,CCCCCCCCCCCCCCCC(=O)SCCNC(=O)CCNC(=O)[C@@H](C(C)(C)COP(=O)([O-])OP(=O)([O-])OC[C@@H]1[C@H]([C@H]([C@@H](O1)N2C=NC3=C(N=CN=C32)N)O)OP(=O)([O-])[O-])O,-0.95089674,-1.913199186,0.114740014
arm_ACOADAGAT16018111Z160,Glycerolipid metabolism,A0A2K3E7S4_wild,CCCCCCCCCCCCCCCC(=O)OC[C@H](CO)OC(=O)CCCCCCCCC/C=C\CCCCCC,-0.065754443,-1.427867413,1.069924593
arm_ACOADAGAT16018111Z160,Glycerolipid metabolism,A0A2K3E7S4_wild,CCCCCCCCCCCCCCCC(=O)SCCNC(=O)CCNC(=O)[C@@H](C(C)(C)COP(=O)([O-])OP(=O)([O-])OC[C@@H]1[C@H]([C@H]([C@@H](O1)N2C=NC3=C(N=CN=C32)N)O)OP(=O)([O-])[O-])O,-0.132745713,-2.002805471,1.396184325
arm_ACOADAGAT16018111Z160,Glycerolipid metabolism,A8INZ7_wild,CCCCCCCCCCCCCCCC(=O)OC[C@H](CO)OC(=O)CCCCCCCCC/C=C\CCCCCC,-0.410587013,-0.982997894,0.411292166
arm_ACOADAGAT16018111Z160,Glycerolipid metabolism,A8INZ7_wild,CCCCCCCCCCCCCCCC(=O)SCCNC(=O)CCNC(=O)[C@@H](C(C)(C)COP(=O)([O-])OP(=O)([O-])OC[C@@H]1[C@H]([C@H]([C@@H](O1)N2C=NC3=C(N=CN=C32)N)O)OP(=O)([O-])[O-])O,-0.683105588,-1.608872652,0.82840997
arm_ACOADAGAT16018111Z160,Glycerolipid metabolism,A8IXB2_wild,CCCCCCCCCCCCCCCC(=O)OC[C@H](CO)OC(=O)CCCCCCCCC/C=C\CCCCCC,-0.21326074,-1.18075943,0.798231065
arm_ACOADAGAT16018111Z160,Glycerolipid metabolism,A8IXB2_wild,CCCCCCCCCCCCCCCC(=O)SCCNC(=O)CCNC(=O)[C@@H](C(C)(C)COP(=O)([O-])OP(=O)([O-])OC[C@@H]1[C@H]([C@H]([C@@H](O1)N2C=NC3=C(N=CN=C32)N)O)OP(=O)([O-])[O-])O,-0.484507859,-1.763291717,1.202972651
arm_ACOADAGAT16018111Z160,Glycerolipid metabolism,A8J110_wild,CCCCCCCCCCCCCCCC(=O)OC[C@H](CO)OC(=O)CCCCCCCCC/C=C\CCCCCC,-0.259999365,-1.128093004,0.678357065
arm_ACOADAGAT16018111Z160,Glycerolipid metabolism,A8J110_wild,CCCCCCCCCCCCCCCC(=O)SCCNC(=O)CCNC(=O)[C@@H](C(C)(C)COP(=O)([O-])OP(=O)([O-])OC[C@@H]1[C@H]([C@H]([C@@H](O1)N2C=NC3=C(N=CN=C32)N)O)OP(=O)([O-])[O-])O,-0.464399636,-1.762728453,1.144281149
arm_ACOADAGAT16018111Z160,Glycerolipid metabolism,R9YW17_wild,CCCCCCCCCCCCCCCC(=O)OC[C@H](CO)OC(=O)CCCCCCCCC/C=C\CCCCCC,-0.129958957,-1.27174294,0.887099385
arm_ACOADAGAT16018111Z160,Glycerolipid metabolism,R9YW17_wild,CCCCCCCCCCCCCCCC(=O)SCCNC(=O)CCNC(=O)[C@@H](C(C)(C)COP(=O)([O-])OP(=O)([O-])OC[C@@H]1[C@H]([C@H]([C@@H](O1)N2C=NC3=C(N=CN=C32)N)O)OP(=O)([O-])[O-])O,-0.365277857,-1.985770583,1.310820818
arm_ACOADAGAT16018111Z180,Glycerolipid metabolism,A0A2K3E0F5_wild,CCCCCCCCCCCCCCCC(=O)OC[C@H](CO)OC(=O)CCCCCCCCC/C=C\CCCCCC,-0.802513599,-1.288288474,-0.243166357
arm_ACOADAGAT16018111Z180,Glycerolipid metabolism,A0A2K3E0F5_wild,CCCCCCCCCCCCCCCCCC(=O)SCCNC(=O)CCNC(=O)[C@@H](C(C)(C)COP(=O)(O)OP(=O)(O)OC[C@@H]1[C@H]([C@H]([C@@H](O1)N2C=NC3=C(N=CN=C32)N)O)OP(=O)(O)O)O,-0.988670468,-2.102882385,0.178239509
arm_ACOADAGAT16018111Z180,Glycerolipid metabolism,A0A2K3E7S4_wild,CCCCCCCCCCCCCCCC(=O)OC[C@H](CO)OC(=O)CCCCCCCCC/C=C\CCCCCC,-0.065754443,-1.427867413,1.069924593
arm_ACOADAGAT16018111Z180,Glycerolipid metabolism,A0A2K3E7S4_wild,CCCCCCCCCCCCCCCCCC(=O)SCCNC(=O)CCNC(=O)[C@@H](C(C)(C)COP(=O)(O)OP(=O)(O)OC[C@@H]1[C@H]([C@H]([C@@H](O1)N2C=NC3=C(N=CN=C32)N)O)OP(=O)(O)O)O,-0.181244582,-2.183717728,1.468280315
arm_ACOADAGAT16018111Z180,Glycerolipid metabolism,A8INZ7_wild,CCCCCCCCCCCCCCCC(=O)OC[C@H](CO)OC(=O)CCCCCCCCC/C=C\CCCCCC,-0.410587013,-0.982997894,0.411292166
arm_ACOADAGAT16018111Z180,Glycerolipid metabolism,A8INZ7_wild,CCCCCCCCCCCCCCCCCC(=O)SCCNC(=O)CCNC(=O)[C@@H](C(C)(C)COP(=O)(O)OP(=O)(O)OC[C@@H]1[C@H]([C@H]([C@@H](O1)N2C=NC3=C(N=CN=C32)N)O)OP(=O)(O)O)O,-0.679227352,-1.782314897,0.910313606
arm_ACOADAGAT16018111Z180,Glycerolipid metabolism,A8IXB2_wild,CCCCCCCCCCCCCCCC(=O)OC[C@H](CO)OC(=O)CCCCCCCCC/C=C\CCCCCC,-0.21326074,-1.18075943,0.798231065
arm_ACOADAGAT16018111Z180,Glycerolipid metabolism,A8IXB2_wild,CCCCCCCCCCCCCCCCCC(=O)SCCNC(=O)CCNC(=O)[C@@H](C(C)(C)COP(=O)(O)OP(=O)(O)OC[C@@H]1[C@H]([C@H]([C@@H](O1)N2C=NC3=C(N=CN=C32)N)O)OP(=O)(O)O)O,-0.506414294,-1.993384361,1.324663281
arm_ACOADAGAT16018111Z180,Glycerolipid metabolism,A8J110_wild,CCCCCCCCCCCCCCCC(=O)OC[C@H](CO)OC(=O)CCCCCCCCC/C=C\CCCCCC,-0.259999365,-1.128093004,0.678357065
arm_ACOADAGAT16018111Z180,Glycerolipid metabolism,A8J110_wild,CCCCCCCCCCCCCCCCCC(=O)SCCNC(=O)CCNC(=O)[C@@H](C(C)(C)COP(=O)(O)OP(=O)(O)OC[C@@H]1[C@H]([C@H]([C@@H](O1)N2C=NC3=C(N=CN=C32)N)O)OP(=O)(O)O)O,-0.4894467,-1.954936266,1.246888161
arm_ACOADAGAT16018111Z180,Glycerolipid metabolism,R9YW17_wild,CCCCCCCCCCCCCCCC(=O)OC[C@H](CO)OC(=O)CCCCCCCCC/C=C\CCCCCC,-0.129958957,-1.27174294,0.887099385
arm_ACOADAGAT16018111Z180,Glycerolipid metabolism,R9YW17_wild,CCCCCCCCCCCCCCCCCC(=O)SCCNC(=O)CCNC(=O)[C@@H](C(C)(C)COP(=O)(O)OP(=O)(O)OC[C@@H]1[C@H]([C@H]([C@@H](O1)N2C=NC3=C(N=CN=C32)N)O)OP(=O)(O)O)O,-0.383729786,-2.201469183,1.424914002
arm_ACOADAGAT16018111Z18111Z,Glycerolipid metabolism,A0A2K3E0F5_wild,CCCCCCCCCCCCCCCC(=O)OC[C@H](CO)OC(=O)CCCCCCCCC/C=C\CCCCCC,-0.802513599,-1.288288474,-0.243166357
arm_ACOADAGAT16018111Z18111Z,Glycerolipid metabolism,A0A2K3E0F5_wild,CCCCCC/C=C\CCCCCCCCCC(=O)SCCNC(=O)CCNC(=O)[C@@H](C(C)(C)COP(=O)(O)OP(=O)(O)OC[C@@H]1[C@H]([C@H]([C@@H](O1)N2C=NC3=C(N=CN=C32)N)O)OP(=O)(O)O)O,-0.958792865,-2.186134338,0.244214967
arm_ACOADAGAT16018111Z18111Z,Glycerolipid metabolism,A0A2K3E7S4_wild,CCCCCCCCCCCCCCCC(=O)OC[C@H](CO)OC(=O)CCCCCCCCC/C=C\CCCCCC,-0.065754443,-1.427867413,1.069924593
arm_ACOADAGAT16018111Z18111Z,Glycerolipid metabolism,A0A2K3E7S4_wild,CCCCCC/C=C\CCCCCCCCCC(=O)SCCNC(=O)CCNC(=O)[C@@H](C(C)(C)COP(=O)(O)OP(=O)(O)OC[C@@H]1[C@H]([C@H]([C@@H](O1)N2C=NC3=C(N=CN=C32)N)O)OP(=O)(O)O)O,-0.139606848,-2.265109062,1.54622817
arm_ACOADAGAT16018111Z18111Z,Glycerolipid metabolism,A8INZ7_wild,CCCCCCCCCCCCCCCC(=O)OC[C@H](CO)OC(=O)CCCCCCCCC/C=C\CCCCCC,-0.410587013,-0.982997894,0.411292166
arm_ACOADAGAT16018111Z18111Z,Glycerolipid metabolism,A8INZ7_wild,CCCCCC/C=C\CCCCCCCCCC(=O)SCCNC(=O)CCNC(=O)[C@@H](C(C)(C)COP(=O)(O)OP(=O)(O)OC[C@@H]1[C@H]([C@H]([C@@H](O1)N2C=NC3=C(N=CN=C32)N)O)OP(=O)(O)O)O,-0.641332388,-1.850459337,0.998588204
arm_ACOADAGAT16018111Z18111Z,Glycerolipid metabolism,A8IXB2_wild,CCCCCCCCCCCCCCCC(=O)OC[C@H](CO)OC(=O)CCCCCCCCC/C=C\CCCCCC,-0.21326074,-1.18075943,0.798231065
arm_ACOADAGAT16018111Z18111Z,Glycerolipid metabolism,A8IXB2_wild,CCCCCC/C=C\CCCCCCCCCC(=O)SCCNC(=O)CCNC(=O)[C@@H](C(C)(C)COP(=O)(O)OP(=O)(O)OC[C@@H]1[C@H]([C@H]([C@@H](O1)N2C=NC3=C(N=CN=C32)N)O)OP(=O)(O)O)O,-0.46555081,-2.05525279,1.414631128
arm_ACOADAGAT16018111Z18111Z,Glycerolipid metabolism,A8J110_wild,CCCCCCCCCCCCCCCC(=O)OC[C@H](CO)OC(=O)CCCCCCCCC/C=C\CCCCCC,-0.259999365,-1.128093004,0.678357065
arm_ACOADAGAT16018111Z18111Z,Glycerolipid metabolism,A8J110_wild,CCCCCC/C=C\CCCCCCCCCC(=O)SCCNC(=O)CCNC(=O)[C@@H](C(C)(C)COP(=O)(O)OP(=O)(O)OC[C@@H]1[C@H]([C@H]([C@@H](O1)N2C=NC3=C(N=CN=C32)N)O)OP(=O)(O)O)O,-0.443384349,-2.027663708,1.336664796
arm_ACOADAGAT16018111Z18111Z,Glycerolipid metabolism,R9YW17_wild,CCCCCCCCCCCCCCCC(=O)OC[C@H](CO)OC(=O)CCCCCCCCC/C=C\CCCCCC,-0.129958957,-1.27174294,0.887099385
arm_ACOADAGAT16018111Z18111Z,Glycerolipid metabolism,R9YW17_wild,CCCCCC/C=C\CCCCCCCCCC(=O)SCCNC(=O)CCNC(=O)[C@@H](C(C)(C)COP(=O)(O)OP(=O)(O)OC[C@@H]1[C@H]([C@H]([C@@H](O1)N2C=NC3=C(N=CN=C32)N)O)OP(=O)(O)O)O,-0.338522255,-2.278577089,1.511727333
arm_ACOADAGAT16018111Z1819Z,Glycerolipid metabolism,A0A2K3E0F5_wild,CCCCCCCCCCCCCCCC(=O)OC[C@H](CO)OC(=O)CCCCCCCCC/C=C\CCCCCC,-0.802513599,-1.288288474,-0.243166357
arm_ACOADAGAT16018111Z1819Z,Glycerolipid metabolism,A0A2K3E0F5_wild,CCCCCCCC/C=C\CCCCCCCC(=O)SCCNC(=O)CCNC(=O)[C@@H](C(C)(C)COP(=O)(O)OP(=O)(O)OC[C@@H]1[C@H]([C@H]([C@@H](O1)N2C=NC3=C(N=CN=C32)N)O)OP(=O)(O)O)O,-0.950058281,-2.188270569,0.229686022
arm_ACOADAGAT16018111Z1819Z,Glycerolipid metabolism,A0A2K3E7S4_wild,CCCCCCCCCCCCCCCC(=O)OC[C@H](CO)OC(=O)CCCCCCCCC/C=C\CCCCCC,-0.065754443,-1.427867413,1.069924593
arm_ACOADAGAT16018111Z1819Z,Glycerolipid metabolism,A0A2K3E7S4_wild,CCCCCCCC/C=C\CCCCCCCC(=O)SCCNC(=O)CCNC(=O)[C@@H](C(C)(C)COP(=O)(O)OP(=O)(O)OC[C@@H]1[C@H]([C@H]([C@@H](O1)N2C=NC3=C(N=CN=C32)N)O)OP(=O)(O)O)O,-0.13576813,-2.262068987,1.533686757
arm_ACOADAGAT16018111Z1819Z,Glycerolipid metabolism,A8INZ7_wild,CCCCCCCCCCCCCCCC(=O)OC[C@H](CO)OC(=O)CCCCCCCCC/C=C\CCCCCC,-0.410587013,-0.982997894,0.411292166
arm_ACOADAGAT16018111Z1819Z,Glycerolipid metabolism,A8INZ7_wild,CCCCCCCC/C=C\CCCCCCCC(=O)SCCNC(=O)CCNC(=O)[C@@H](C(C)(C)COP(=O)(O)OP(=O)(O)OC[C@@H]1[C@H]([C@H]([C@@H](O1)N2C=NC3=C(N=CN=C32)N)O)OP(=O)(O)O)O,-0.632360101,-1.841377497,0.989084363
arm_ACOADAGAT16018111Z1819Z,Glycerolipid metabolism,A8IXB2_wild,CCCCCCCCCCCCCCCC(=O)OC[C@H](CO)OC(=O)CCCCCCCCC/C=C\CCCCCC,-0.21326074,-1.18075943,0.798231065
arm_ACOADAGAT16018111Z1819Z,Glycerolipid metabolism,A8IXB2_wild,CCCCCCCC/C=C\CCCCCCCC(=O)SCCNC(=O)CCNC(=O)[C@@H](C(C)(C)COP(=O)(O)OP(=O)(O)OC[C@@H]1[C@H]([C@H]([C@@H](O1)N2C=NC3=C(N=CN=C32)N)O)OP(=O)(O)O)O,-0.458693653,-2.048892021,1.40261519
arm_ACOADAGAT16018111Z1819Z,Glycerolipid metabolism,A8J110_wild,CCCCCCCCCCCCCCCC(=O)OC[C@H](CO)OC(=O)CCCCCCCCC/C=C\CCCCCC,-0.259999365,-1.128093004,0.678357065
arm_ACOADAGAT16018111Z1819Z,Glycerolipid metabolism,A8J110_wild,CCCCCCCC/C=C\CCCCCCCC(=O)SCCNC(=O)CCNC(=O)[C@@H](C(C)(C)COP(=O)(O)OP(=O)(O)OC[C@@H]1[C@H]([C@H]([C@@H](O1)N2C=NC3=C(N=CN=C32)N)O)OP(=O)(O)O)O,-0.430952072,-2.017700195,1.327082753
arm_ACOADAGAT16018111Z1819Z,Glycerolipid metabolism,R9YW17_wild,CCCCCCCCCCCCCCCC(=O)OC[C@H](CO)OC(=O)CCCCCCCCC/C=C\CCCCCC,-0.129958957,-1.27174294,0.887099385
arm_ACOADAGAT16018111Z1819Z,Glycerolipid metabolism,R9YW17_wild,CCCCCCCC/C=C\CCCCCCCC(=O)SCCNC(=O)CCNC(=O)[C@@H](C(C)(C)COP(=O)(O)OP(=O)(O)OC[C@@H]1[C@H]([C@H]([C@@H](O1)N2C=NC3=C(N=CN=C32)N)O)OP(=O)(O)O)O,-0.327018589,-2.276785851,1.504701972
arm_ACOADAGAT16018111Z1835Z9Z12Z,Glycerolipid metabolism,A0A2K3E0F5_wild,CCCCCCCCCCCCCCCC(=O)OC[C@H](CO)OC(=O)CCCCCCCCC/C=C\CCCCCC,-0.802513599,-1.288288474,-0.243166357
arm_ACOADAGAT16018111Z1835Z9Z12Z,Glycerolipid metabolism,A0A2K3E0F5_wild,CCCCC/C=C\C/C=C\CC/C=C\CCCC(=O)SCCNC(=O)CCNC(=O)[C@H](O)C(C)(C)COP(=O)(O)OP(=O)(O)OC[C@H]1O[C@H](n2cnc3c(N)ncnc23)[C@H](O)[C@@H]1OP(=O)(O)O,-0.955715775,-1.922716737,0.02490272
arm_ACOADAGAT16018111Z1835Z9Z12Z,Glycerolipid metabolism,A0A2K3E7S4_wild,CCCCCCCCCCCCCCCC(=O)OC[C@H](CO)OC(=O)CCCCCCCCC/C=C\CCCCCC,-0.065754443,-1.427867413,1.069924593
arm_ACOADAGAT16018111Z1835Z9Z12Z,Glycerolipid metabolism,A0A2K3E7S4_wild,CCCCC/C=C\C/C=C\CC/C=C\CCCC(=O)SCCNC(=O)CCNC(=O)[C@H](O)C(C)(C)COP(=O)(O)OP(=O)(O)OC[C@H]1O[C@H](n2cnc3c(N)ncnc23)[C@H](O)[C@@H]1OP(=O)(O)O,-0.166532278,-2.039987803,1.319892406
arm_ACOADAGAT16018111Z1835Z9Z12Z,Glycerolipid metabolism,A8INZ7_wild,CCCCCCCCCCCCCCCC(=O)OC[C@H](CO)OC(=O)CCCCCCCCC/C=C\CCCCCC,-0.410587013,-0.982997894,0.411292166
arm_ACOADAGAT16018111Z1835Z9Z12Z,Glycerolipid metabolism,A8INZ7_wild,CCCCC/C=C\C/C=C\CC/C=C\CCCC(=O)SCCNC(=O)CCNC(=O)[C@H](O)C(C)(C)COP(=O)(O)OP(=O)(O)OC[C@H]1O[C@H](n2cnc3c(N)ncnc23)[C@H](O)[C@@H]1OP(=O)(O)O,-0.685171008,-1.642513633,0.746748149
arm_ACOADAGAT16018111Z1835Z9Z12Z,Glycerolipid metabolism,A8IXB2_wild,CCCCCCCCCCCCCCCC(=O)OC[C@H](CO)OC(=O)CCCCCCCCC/C=C\CCCCCC,-0.21326074,-1.18075943,0.798231065
arm_ACOADAGAT16018111Z1835Z9Z12Z,Glycerolipid metabolism,A8IXB2_wild,CCCCC/C=C\C/C=C\CC/C=C\CCCC(=O)SCCNC(=O)CCNC(=O)[C@H](O)C(C)(C)COP(=O)(O)OP(=O)(O)OC[C@H]1O[C@H](n2cnc3c(N)ncnc23)[C@H](O)[C@@H]1OP(=O)(O)O,-0.512004614,-1.82445085,1.100109339
arm_ACOADAGAT16018111Z1835Z9Z12Z,Glycerolipid metabolism,A8J110_wild,CCCCCCCCCCCCCCCC(=O)OC[C@H](CO)OC(=O)CCCCCCCCC/C=C\CCCCCC,-0.259999365,-1.128093004,0.678357065
arm_ACOADAGAT16018111Z1835Z9Z12Z,Glycerolipid metabolism,A8J110_wild,CCCCC/C=C\C/C=C\CC/C=C\CCCC(=O)SCCNC(=O)CCNC(=O)[C@H](O)C(C)(C)COP(=O)(O)OP(=O)(O)OC[C@H]1O[C@H](n2cnc3c(N)ncnc23)[C@H](O)[C@@H]1OP(=O)(O)O,-0.494826972,-1.828402877,1.064731717
arm_ACOADAGAT16018111Z1835Z9Z12Z,Glycerolipid metabolism,R9YW17_wild,CCCCCCCCCCCCCCCC(=O)OC[C@H](CO)OC(=O)CCCCCCCCC/C=C\CCCCCC,-0.129958957,-1.27174294,0.887099385
arm_ACOADAGAT16018111Z1835Z9Z12Z,Glycerolipid metabolism,R9YW17_wild,CCCCC/C=C\C/C=C\CC/C=C\CCCC(=O)SCCNC(=O)CCNC(=O)[C@H](O)C(C)(C)COP(=O)(O)OP(=O)(O)OC[C@H]1O[C@H](n2cnc3c(N)ncnc23)[C@H](O)[C@@H]1OP(=O)(O)O,-0.402753353,-2.080656528,1.211815
arm_ACOADAGAT16018111Z1845Z9Z12Z15Z,Glycerolipid metabolism,A0A2K3E0F5_wild,CCCCCCCCCCCCCCCC(=O)OC[C@H](CO)OC(=O)CCCCCCCCC/C=C\CCCCCC,-0.802513599,-1.288288474,-0.243166357
arm_ACOADAGAT16018111Z1845Z9Z12Z15Z,Glycerolipid metabolism,A0A2K3E0F5_wild,CC/C=C\C/C=C\C/C=C\CC/C=C\CCCC(=O)SCCNC(=O)CCNC(=O)[C@H](O)C(C)(C)COP(=O)(O)OP(=O)(O)OC[C@H]1O[C@H](n2cnc3c(N)ncnc23)[C@H](O)[C@@H]1OP(=O)(O)O,-0.888253868,-1.786203742,-0.002470529
arm_ACOADAGAT16018111Z1845Z9Z12Z15Z,Glycerolipid metabolism,A0A2K3E7S4_wild,CCCCCCCCCCCCCCCC(=O)OC[C@H](CO)OC(=O)CCCCCCCCC/C=C\CCCCCC,-0.065754443,-1.427867413,1.069924593
arm_ACOADAGAT16018111Z1845Z9Z12Z15Z,Glycerolipid metabolism,A0A2K3E7S4_wild,CC/C=C\C/C=C\C/C=C\CC/C=C\CCCC(=O)SCCNC(=O)CCNC(=O)[C@H](O)C(C)(C)COP(=O)(O)OP(=O)(O)OC[C@H]1O[C@H](n2cnc3c(N)ncnc23)[C@H](O)[C@@H]1OP(=O)(O)O,-0.051184826,-1.908426523,1.324058771
arm_ACOADAGAT16018111Z1845Z9Z12Z15Z,Glycerolipid metabolism,A8INZ7_wild,CCCCCCCCCCCCCCCC(=O)OC[C@H](CO)OC(=O)CCCCCCCCC/C=C\CCCCCC,-0.410587013,-0.982997894,0.411292166
arm_ACOADAGAT16018111Z1845Z9Z12Z15Z,Glycerolipid metabolism,A8INZ7_wild,CC/C=C\C/C=C\C/C=C\CC/C=C\CCCC(=O)SCCNC(=O)CCNC(=O)[C@H](O)C(C)(C)COP(=O)(O)OP(=O)(O)OC[C@H]1O[C@H](n2cnc3c(N)ncnc23)[C@H](O)[C@@H]1OP(=O)(O)O,-0.579727173,-1.496019602,0.74698782
arm_ACOADAGAT16018111Z1845Z9Z12Z15Z,Glycerolipid metabolism,A8IXB2_wild,CCCCCCCCCCCCCCCC(=O)OC[C@H](CO)OC(=O)CCCCCCCCC/C=C\CCCCCC,-0.21326074,-1.18075943,0.798231065
arm_ACOADAGAT16018111Z1845Z9Z12Z15Z,Glycerolipid metabolism,A8IXB2_wild,CC/C=C\C/C=C\C/C=C\CC/C=C\CCCC(=O)SCCNC(=O)CCNC(=O)[C@H](O)C(C)(C)COP(=O)(O)OP(=O)(O)OC[C@H]1O[C@H](n2cnc3c(N)ncnc23)[C@H](O)[C@@H]1OP(=O)(O)O,-0.441274941,-1.678317428,1.086244822
arm_ACOADAGAT16018111Z1845Z9Z12Z15Z,Glycerolipid metabolism,A8J110_wild,CCCCCCCCCCCCCCCC(=O)OC[C@H](CO)OC(=O)CCCCCCCCC/C=C\CCCCCC,-0.259999365,-1.128093004,0.678357065
arm_ACOADAGAT16018111Z1845Z9Z12Z15Z,Glycerolipid metabolism,A8J110_wild,CC/C=C\C/C=C\C/C=C\CC/C=C\CCCC(=O)SCCNC(=O)CCNC(=O)[C@H](O)C(C)(C)COP(=O)(O)OP(=O)(O)OC[C@H]1O[C@H](n2cnc3c(N)ncnc23)[C@H](O)[C@@H]1OP(=O)(O)O,-0.401623815,-1.675989509,1.063006043
arm_ACOADAGAT16018111Z1845Z9Z12Z15Z,Glycerolipid metabolism,R9YW17_wild,CCCCCCCCCCCCCCCC(=O)OC[C@H](CO)OC(=O)CCCCCCCCC/C=C\CCCCCC,-0.129958957,-1.27174294,0.887099385
arm_ACOADAGAT16018111Z1845Z9Z12Z15Z,Glycerolipid metabolism,R9YW17_wild,CC/C=C\C/C=C\C/C=C\CC/C=C\CCCC(=O)SCCNC(=O)CCNC(=O)[C@H](O)C(C)(C)COP(=O)(O)OP(=O)(O)OC[C@H]1O[C@H](n2cnc3c(N)ncnc23)[C@H](O)[C@@H]1OP(=O)(O)O,-0.316542208,-1.931420565,1.206967711
arm_ACOADAGAT1601819Z160,Glycerolipid metabolism,A0A2K3E0F5_wild,CCCCCCCCCCCCCCCC(=O)OC[C@H](CO)OC(=O)CCCCCCC/C=C\CCCCCCCC,-0.739321351,-1.28712368,-0.195850074
arm_ACOADAGAT1601819Z160,Glycerolipid metabolism,A0A2K3E0F5_wild,CCCCCCCCCCCCCCCC(=O)SCCNC(=O)CCNC(=O)[C@@H](C(C)(C)COP(=O)([O-])OP(=O)([O-])OC[C@@H]1[C@H]([C@H]([C@@H](O1)N2C=NC3=C(N=CN=C32)N)O)OP(=O)([O-])[O-])O,-0.95089674,-1.913199186,0.114740014
arm_ACOADAGAT1601819Z160,Glycerolipid metabolism,A0A2K3E7S4_wild,CCCCCCCCCCCCCCCC(=O)OC[C@H](CO)OC(=O)CCCCCCC/C=C\CCCCCCCC,0.001031718,-1.452019453,1.122466087
arm_ACOADAGAT1601819Z160,Glycerolipid metabolism,A0A2K3E7S4_wild,CCCCCCCCCCCCCCCC(=O)SCCNC(=O)CCNC(=O)[C@@H](C(C)(C)COP(=O)([O-])OP(=O)([O-])OC[C@@H]1[C@H]([C@H]([C@@H](O1)N2C=NC3=C(N=CN=C32)N)O)OP(=O)([O-])[O-])O,-0.132745713,-2.002805471,1.396184325
arm_ACOADAGAT1601819Z160,Glycerolipid metabolism,A8INZ7_wild,CCCCCCCCCCCCCCCC(=O)OC[C@H](CO)OC(=O)CCCCCCC/C=C\CCCCCCCC,-0.34346357,-0.99987793,0.460110486
arm_ACOADAGAT1601819Z160,Glycerolipid metabolism,A8INZ7_wild,CCCCCCCCCCCCCCCC(=O)SCCNC(=O)CCNC(=O)[C@@H](C(C)(C)COP(=O)([O-])OP(=O)([O-])OC[C@@H]1[C@H]([C@H]([C@@H](O1)N2C=NC3=C(N=CN=C32)N)O)OP(=O)([O-])[O-])O,-0.683105588,-1.608872652,0.82840997
arm_ACOADAGAT1601819Z160,Glycerolipid metabolism,A8IXB2_wild,CCCCCCCCCCCCCCCC(=O)OC[C@H](CO)OC(=O)CCCCCCC/C=C\CCCCCCCC,-0.138884842,-1.205865026,0.851348996
arm_ACOADAGAT1601819Z160,Glycerolipid metabolism,A8IXB2_wild,CCCCCCCCCCCCCCCC(=O)SCCNC(=O)CCNC(=O)[C@@H](C(C)(C)COP(=O)([O-])OP(=O)([O-])OC[C@@H]1[C@H]([C@H]([C@@H](O1)N2C=NC3=C(N=CN=C32)N)O)OP(=O)([O-])[O-])O,-0.484507859,-1.763291717,1.202972651
arm_ACOADAGAT1601819Z160,Glycerolipid metabolism,A8J110_wild,CCCCCCCCCCCCCCCC(=O)OC[C@H](CO)OC(=O)CCCCCCC/C=C\CCCCCCCC,-0.194182247,-1.155861259,0.726856112
arm_ACOADAGAT1601819Z160,Glycerolipid metabolism,A8J110_wild,CCCCCCCCCCCCCCCC(=O)SCCNC(=O)CCNC(=O)[C@@H](C(C)(C)COP(=O)([O-])OP(=O)([O-])OC[C@@H]1[C@H]([C@H]([C@@H](O1)N2C=NC3=C(N=CN=C32)N)O)OP(=O)([O-])[O-])O,-0.464399636,-1.762728453,1.144281149
arm_ACOADAGAT1601819Z160,Glycerolipid metabolism,R9YW17_wild,CCCCCCCCCCCCCCCC(=O)OC[C@H](CO)OC(=O)CCCCCCC/C=C\CCCCCCCC,-0.073782049,-1.312985182,0.938897431
arm_ACOADAGAT1601819Z160,Glycerolipid metabolism,R9YW17_wild,CCCCCCCCCCCCCCCC(=O)SCCNC(=O)CCNC(=O)[C@@H](C(C)(C)COP(=O)([O-])OP(=O)([O-])OC[C@@H]1[C@H]([C@H]([C@@H](O1)N2C=NC3=C(N=CN=C32)N)O)OP(=O)([O-])[O-])O,-0.365277857,-1.985770583,1.310820818
arm_ACOADAGAT1601819Z180,Glycerolipid metabolism,A0A2K3E0F5_wild,CCCCCCCCCCCCCCCC(=O)OC[C@H](CO)OC(=O)CCCCCCC/C=C\CCCCCCCC,-0.739321351,-1.28712368,-0.195850074
arm_ACOADAGAT1601819Z180,Glycerolipid metabolism,A0A2K3E0F5_wild,CCCCCCCCCCCCCCCCCC(=O)SCCNC(=O)CCNC(=O)[C@@H](C(C)(C)COP(=O)(O)OP(=O)(O)OC[C@@H]1[C@H]([C@H]([C@@H](O1)N2C=NC3=C(N=CN=C32)N)O)OP(=O)(O)O)O,-0.988670468,-2.102882385,0.178239509
arm_ACOADAGAT1601819Z180,Glycerolipid metabolism,A0A2K3E7S4_wild,CCCCCCCCCCCCCCCC(=O)OC[C@H](CO)OC(=O)CCCCCCC/C=C\CCCCCCCC,0.001031718,-1.452019453,1.122466087
arm_ACOADAGAT1601819Z180,Glycerolipid metabolism,A0A2K3E7S4_wild,CCCCCCCCCCCCCCCCCC(=O)SCCNC(=O)CCNC(=O)[C@@H](C(C)(C)COP(=O)(O)OP(=O)(O)OC[C@@H]1[C@H]([C@H]([C@@H](O1)N2C=NC3=C(N=CN=C32)N)O)OP(=O)(O)O)O,-0.181244582,-2.183717728,1.468280315
arm_ACOADAGAT1601819Z180,Glycerolipid metabolism,A8INZ7_wild,CCCCCCCCCCCCCCCC(=O)OC[C@H](CO)OC(=O)CCCCCCC/C=C\CCCCCCCC,-0.34346357,-0.99987793,0.460110486
arm_ACOADAGAT1601819Z180,Glycerolipid metabolism,A8INZ7_wild,CCCCCCCCCCCCCCCCCC(=O)SCCNC(=O)CCNC(=O)[C@@H](C(C)(C)COP(=O)(O)OP(=O)(O)OC[C@@H]1[C@H]([C@H]([C@@H](O1)N2C=NC3=C(N=CN=C32)N)O)OP(=O)(O)O)O,-0.679227352,-1.782314897,0.910313606
arm_ACOADAGAT1601819Z180,Glycerolipid metabolism,A8IXB2_wild,CCCCCCCCCCCCCCCC(=O)OC[C@H](CO)OC(=O)CCCCCCC/C=C\CCCCCCCC,-0.138884842,-1.205865026,0.851348996
arm_ACOADAGAT1601819Z180,Glycerolipid metabolism,A8IXB2_wild,CCCCCCCCCCCCCCCCCC(=O)SCCNC(=O)CCNC(=O)[C@@H](C(C)(C)COP(=O)(O)OP(=O)(O)OC[C@@H]1[C@H]([C@H]([C@@H](O1)N2C=NC3=C(N=CN=C32)N)O)OP(=O)(O)O)O,-0.506414294,-1.993384361,1.324663281
arm_ACOADAGAT1601819Z180,Glycerolipid metabolism,A8J110_wild,CCCCCCCCCCCCCCCC(=O)OC[C@H](CO)OC(=O)CCCCCCC/C=C\CCCCCCCC,-0.194182247,-1.155861259,0.726856112
arm_ACOADAGAT1601819Z180,Glycerolipid metabolism,A8J110_wild,CCCCCCCCCCCCCCCCCC(=O)SCCNC(=O)CCNC(=O)[C@@H](C(C)(C)COP(=O)(O)OP(=O)(O)OC[C@@H]1[C@H]([C@H]([C@@H](O1)N2C=NC3=C(N=CN=C32)N)O)OP(=O)(O)O)O,-0.4894467,-1.954936266,1.246888161
arm_ACOADAGAT1601819Z180,Glycerolipid metabolism,R9YW17_wild,CCCCCCCCCCCCCCCC(=O)OC[C@H](CO)OC(=O)CCCCCCC/C=C\CCCCCCCC,-0.073782049,-1.312985182,0.938897431
arm_ACOADAGAT1601819Z180,Glycerolipid metabolism,R9YW17_wild,CCCCCCCCCCCCCCCCCC(=O)SCCNC(=O)CCNC(=O)[C@@H](C(C)(C)COP(=O)(O)OP(=O)(O)OC[C@@H]1[C@H]([C@H]([C@@H](O1)N2C=NC3=C(N=CN=C32)N)O)OP(=O)(O)O)O,-0.383729786,-2.201469183,1.424914002
arm_ACOADAGAT1601819Z18111Z,Glycerolipid metabolism,A0A2K3E0F5_wild,CCCCCCCCCCCCCCCC(=O)OC[C@H](CO)OC(=O)CCCCCCC/C=C\CCCCCCCC,-0.739321351,-1.28712368,-0.195850074
arm_ACOADAGAT1601819Z18111Z,Glycerolipid metabolism,A0A2K3E0F5_wild,CCCCCC/C=C\CCCCCCCCCC(=O)SCCNC(=O)CCNC(=O)[C@@H](C(C)(C)COP(=O)(O)OP(=O)(O)OC[C@@H]1[C@H]([C@H]([C@@H](O1)N2C=NC3=C(N=CN=C32)N)O)OP(=O)(O)O)O,-0.958792865,-2.186134338,0.244214967
arm_ACOADAGAT1601819Z18111Z,Glycerolipid metabolism,A0A2K3E7S4_wild,CCCCCCCCCCCCCCCC(=O)OC[C@H](CO)OC(=O)CCCCCCC/C=C\CCCCCCCC,0.001031718,-1.452019453,1.122466087
arm_ACOADAGAT1601819Z18111Z,Glycerolipid metabolism,A0A2K3E7S4_wild,CCCCCC/C=C\CCCCCCCCCC(=O)SCCNC(=O)CCNC(=O)[C@@H](C(C)(C)COP(=O)(O)OP(=O)(O)OC[C@@H]1[C@H]([C@H]([C@@H](O1)N2C=NC3=C(N=CN=C32)N)O)OP(=O)(O)O)O,-0.139606848,-2.265109062,1.54622817
arm_ACOADAGAT1601819Z18111Z,Glycerolipid metabolism,A8INZ7_wild,CCCCCCCCCCCCCCCC(=O)OC[C@H](CO)OC(=O)CCCCCCC/C=C\CCCCCCCC,-0.34346357,-0.99987793,0.460110486
arm_ACOADAGAT1601819Z18111Z,Glycerolipid metabolism,A8INZ7_wild,CCCCCC/C=C\CCCCCCCCCC(=O)SCCNC(=O)CCNC(=O)[C@@H](C(C)(C)COP(=O)(O)OP(=O)(O)OC[C@@H]1[C@H]([C@H]([C@@H](O1)N2C=NC3=C(N=CN=C32)N)O)OP(=O)(O)O)O,-0.641332388,-1.850459337,0.998588204
arm_ACOADAGAT1601819Z18111Z,Glycerolipid metabolism,A8IXB2_wild,CCCCCCCCCCCCCCCC(=O)OC[C@H](CO)OC(=O)CCCCCCC/C=C\CCCCCCCC,-0.138884842,-1.205865026,0.851348996
arm_ACOADAGAT1601819Z18111Z,Glycerolipid metabolism,A8IXB2_wild,CCCCCC/C=C\CCCCCCCCCC(=O)SCCNC(=O)CCNC(=O)[C@@H](C(C)(C)COP(=O)(O)OP(=O)(O)OC[C@@H]1[C@H]([C@H]([C@@H](O1)N2C=NC3=C(N=CN=C32)N)O)OP(=O)(O)O)O,-0.46555081,-2.05525279,1.414631128
arm_ACOADAGAT1601819Z18111Z,Glycerolipid metabolism,A8J110_wild,CCCCCCCCCCCCCCCC(=O)OC[C@H](CO)OC(=O)CCCCCCC/C=C\CCCCCCCC,-0.194182247,-1.155861259,0.726856112
arm_ACOADAGAT1601819Z18111Z,Glycerolipid metabolism,A8J110_wild,CCCCCC/C=C\CCCCCCCCCC(=O)SCCNC(=O)CCNC(=O)[C@@H](C(C)(C)COP(=O)(O)OP(=O)(O)OC[C@@H]1[C@H]([C@H]([C@@H](O1)N2C=NC3=C(N=CN=C32)N)O)OP(=O)(O)O)O,-0.443384349,-2.027663708,1.336664796
arm_ACOADAGAT1601819Z18111Z,Glycerolipid metabolism,R9YW17_wild,CCCCCCCCCCCCCCCC(=O)OC[C@H](CO)OC(=O)CCCCCCC/C=C\CCCCCCCC,-0.073782049,-1.312985182,0.938897431
arm_ACOADAGAT1601819Z18111Z,Glycerolipid metabolism,R9YW17_wild,CCCCCC/C=C\CCCCCCCCCC(=O)SCCNC(=O)CCNC(=O)[C@@H](C(C)(C)COP(=O)(O)OP(=O)(O)OC[C@@H]1[C@H]([C@H]([C@@H](O1)N2C=NC3=C(N=CN=C32)N)O)OP(=O)(O)O)O,-0.338522255,-2.278577089,1.511727333
arm_ACOADAGAT1601819Z1819Z,Glycerolipid metabolism,A0A2K3E0F5_wild,CCCCCCCCCCCCCCCC(=O)OC[C@H](CO)OC(=O)CCCCCCC/C=C\CCCCCCCC,-0.739321351,-1.28712368,-0.195850074
arm_ACOADAGAT1601819Z1819Z,Glycerolipid metabolism,A0A2K3E0F5_wild,CCCCCCCC/C=C\CCCCCCCC(=O)SCCNC(=O)CCNC(=O)[C@@H](C(C)(C)COP(=O)(O)OP(=O)(O)OC[C@@H]1[C@H]([C@H]([C@@H](O1)N2C=NC3=C(N=CN=C32)N)O)OP(=O)(O)O)O,-0.950058281,-2.188270569,0.229686022
arm_ACOADAGAT1601819Z1819Z,Glycerolipid metabolism,A0A2K3E7S4_wild,CCCCCCCCCCCCCCCC(=O)OC[C@H](CO)OC(=O)CCCCCCC/C=C\CCCCCCCC,0.001031718,-1.452019453,1.122466087
arm_ACOADAGAT1601819Z1819Z,Glycerolipid metabolism,A0A2K3E7S4_wild,CCCCCCCC/C=C\CCCCCCCC(=O)SCCNC(=O)CCNC(=O)[C@@H](C(C)(C)COP(=O)(O)OP(=O)(O)OC[C@@H]1[C@H]([C@H]([C@@H](O1)N2C=NC3=C(N=CN=C32)N)O)OP(=O)(O)O)O,-0.13576813,-2.262068987,1.533686757
arm_ACOADAGAT1601819Z1819Z,Glycerolipid metabolism,A8INZ7_wild,CCCCCCCCCCCCCCCC(=O)OC[C@H](CO)OC(=O)CCCCCCC/C=C\CCCCCCCC,-0.34346357,-0.99987793,0.460110486
arm_ACOADAGAT1601819Z1819Z,Glycerolipid metabolism,A8INZ7_wild,CCCCCCCC/C=C\CCCCCCCC(=O)SCCNC(=O)CCNC(=O)[C@@H](C(C)(C)COP(=O)(O)OP(=O)(O)OC[C@@H]1[C@H]([C@H]([C@@H](O1)N2C=NC3=C(N=CN=C32)N)O)OP(=O)(O)O)O,-0.632360101,-1.841377497,0.989084363
arm_ACOADAGAT1601819Z1819Z,Glycerolipid metabolism,A8IXB2_wild,CCCCCCCCCCCCCCCC(=O)OC[C@H](CO)OC(=O)CCCCCCC/C=C\CCCCCCCC,-0.138884842,-1.205865026,0.851348996
arm_ACOADAGAT1601819Z1819Z,Glycerolipid metabolism,A8IXB2_wild,CCCCCCCC/C=C\CCCCCCCC(=O)SCCNC(=O)CCNC(=O)[C@@H](C(C)(C)COP(=O)(O)OP(=O)(O)OC[C@@H]1[C@H]([C@H]([C@@H](O1)N2C=NC3=C(N=CN=C32)N)O)OP(=O)(O)O)O,-0.458693653,-2.048892021,1.40261519
arm_ACOADAGAT1601819Z1819Z,Glycerolipid metabolism,A8J110_wild,CCCCCCCCCCCCCCCC(=O)OC[C@H](CO)OC(=O)CCCCCCC/C=C\CCCCCCCC,-0.194182247,-1.155861259,0.726856112
arm_ACOADAGAT1601819Z1819Z,Glycerolipid metabolism,A8J110_wild,CCCCCCCC/C=C\CCCCCCCC(=O)SCCNC(=O)CCNC(=O)[C@@H](C(C)(C)COP(=O)(O)OP(=O)(O)OC[C@@H]1[C@H]([C@H]([C@@H](O1)N2C=NC3=C(N=CN=C32)N)O)OP(=O)(O)O)O,-0.430952072,-2.017700195,1.327082753
arm_ACOADAGAT1601819Z1819Z,Glycerolipid metabolism,R9YW17_wild,CCCCCCCCCCCCCCCC(=O)OC[C@H](CO)OC(=O)CCCCCCC/C=C\CCCCCCCC,-0.073782049,-1.312985182,0.938897431
arm_ACOADAGAT1601819Z1819Z,Glycerolipid metabolism,R9YW17_wild,CCCCCCCC/C=C\CCCCCCCC(=O)SCCNC(=O)CCNC(=O)[C@@H](C(C)(C)COP(=O)(O)OP(=O)(O)OC[C@@H]1[C@H]([C@H]([C@@H](O1)N2C=NC3=C(N=CN=C32)N)O)OP(=O)(O)O)O,-0.327018589,-2.276785851,1.504701972
arm_ACOADAGAT1601819Z1835Z9Z12Z,Glycerolipid metabolism,A0A2K3E0F5_wild,CCCCCCCCCCCCCCCC(=O)OC[C@H](CO)OC(=O)CCCCCCC/C=C\CCCCCCCC,-0.739321351,-1.28712368,-0.195850074
arm_ACOADAGAT1601819Z1835Z9Z12Z,Glycerolipid metabolism,A0A2K3E0F5_wild,CCCCC/C=C\C/C=C\CC/C=C\CCCC(=O)SCCNC(=O)CCNC(=O)[C@H](O)C(C)(C)COP(=O)(O)OP(=O)(O)OC[C@H]1O[C@H](n2cnc3c(N)ncnc23)[C@H](O)[C@@H]1OP(=O)(O)O,-0.955715775,-1.922716737,0.02490272
arm_ACOADAGAT1601819Z1835Z9Z12Z,Glycerolipid metabolism,A0A2K3E7S4_wild,CCCCCCCCCCCCCCCC(=O)OC[C@H](CO)OC(=O)CCCCCCC/C=C\CCCCCCCC,0.001031718,-1.452019453,1.122466087
arm_ACOADAGAT1601819Z1835Z9Z12Z,Glycerolipid metabolism,A0A2K3E7S4_wild,CCCCC/C=C\C/C=C\CC/C=C\CCCC(=O)SCCNC(=O)CCNC(=O)[C@H](O)C(C)(C)COP(=O)(O)OP(=O)(O)OC[C@H]1O[C@H](n2cnc3c(N)ncnc23)[C@H](O)[C@@H]1OP(=O)(O)O,-0.166532278,-2.039987803,1.319892406
arm_ACOADAGAT1601819Z1835Z9Z12Z,Glycerolipid metabolism,A8INZ7_wild,CCCCCCCCCCCCCCCC(=O)OC[C@H](CO)OC(=O)CCCCCCC/C=C\CCCCCCCC,-0.34346357,-0.99987793,0.460110486
arm_ACOADAGAT1601819Z1835Z9Z12Z,Glycerolipid metabolism,A8INZ7_wild,CCCCC/C=C\C/C=C\CC/C=C\CCCC(=O)SCCNC(=O)CCNC(=O)[C@H](O)C(C)(C)COP(=O)(O)OP(=O)(O)OC[C@H]1O[C@H](n2cnc3c(N)ncnc23)[C@H](O)[C@@H]1OP(=O)(O)O,-0.685171008,-1.642513633,0.746748149
arm_ACOADAGAT1601819Z1835Z9Z12Z,Glycerolipid metabolism,A8IXB2_wild,CCCCCCCCCCCCCCCC(=O)OC[C@H](CO)OC(=O)CCCCCCC/C=C\CCCCCCCC,-0.138884842,-1.205865026,0.851348996
arm_ACOADAGAT1601819Z1835Z9Z12Z,Glycerolipid metabolism,A8IXB2_wild,CCCCC/C=C\C/C=C\CC/C=C\CCCC(=O)SCCNC(=O)CCNC(=O)[C@H](O)C(C)(C)COP(=O)(O)OP(=O)(O)OC[C@H]1O[C@H](n2cnc3c(N)ncnc23)[C@H](O)[C@@H]1OP(=O)(O)O,-0.512004614,-1.82445085,1.100109339
arm_ACOADAGAT1601819Z1835Z9Z12Z,Glycerolipid metabolism,A8J110_wild,CCCCCCCCCCCCCCCC(=O)OC[C@H](CO)OC(=O)CCCCCCC/C=C\CCCCCCCC,-0.194182247,-1.155861259,0.726856112
arm_ACOADAGAT1601819Z1835Z9Z12Z,Glycerolipid metabolism,A8J110_wild,CCCCC/C=C\C/C=C\CC/C=C\CCCC(=O)SCCNC(=O)CCNC(=O)[C@H](O)C(C)(C)COP(=O)(O)OP(=O)(O)OC[C@H]1O[C@H](n2cnc3c(N)ncnc23)[C@H](O)[C@@H]1OP(=O)(O)O,-0.494826972,-1.828402877,1.064731717
arm_ACOADAGAT1601819Z1835Z9Z12Z,Glycerolipid metabolism,R9YW17_wild,CCCCCCCCCCCCCCCC(=O)OC[C@H](CO)OC(=O)CCCCCCC/C=C\CCCCCCCC,-0.073782049,-1.312985182,0.938897431
arm_ACOADAGAT1601819Z1835Z9Z12Z,Glycerolipid metabolism,R9YW17_wild,CCCCC/C=C\C/C=C\CC/C=C\CCCC(=O)SCCNC(=O)CCNC(=O)[C@H](O)C(C)(C)COP(=O)(O)OP(=O)(O)OC[C@H]1O[C@H](n2cnc3c(N)ncnc23)[C@H](O)[C@@H]1OP(=O)(O)O,-0.402753353,-2.080656528,1.211815
arm_ACOADAGAT1601819Z1845Z9Z12Z15Z,Glycerolipid metabolism,A0A2K3E0F5_wild,CCCCCCCCCCCCCCCC(=O)OC[C@H](CO)OC(=O)CCCCCCC/C=C\CCCCCCCC,-0.739321351,-1.28712368,-0.195850074
arm_ACOADAGAT1601819Z1845Z9Z12Z15Z,Glycerolipid metabolism,A0A2K3E0F5_wild,CC/C=C\C/C=C\C/C=C\CC/C=C\CCCC(=O)SCCNC(=O)CCNC(=O)[C@H](O)C(C)(C)COP(=O)(O)OP(=O)(O)OC[C@H]1O[C@H](n2cnc3c(N)ncnc23)[C@H](O)[C@@H]1OP(=O)(O)O,-0.888253868,-1.786203742,-0.002470529
arm_ACOADAGAT1601819Z1845Z9Z12Z15Z,Glycerolipid metabolism,A0A2K3E7S4_wild,CCCCCCCCCCCCCCCC(=O)OC[C@H](CO)OC(=O)CCCCCCC/C=C\CCCCCCCC,0.001031718,-1.452019453,1.122466087
arm_ACOADAGAT1601819Z1845Z9Z12Z15Z,Glycerolipid metabolism,A0A2K3E7S4_wild,CC/C=C\C/C=C\C/C=C\CC/C=C\CCCC(=O)SCCNC(=O)CCNC(=O)[C@H](O)C(C)(C)COP(=O)(O)OP(=O)(O)OC[C@H]1O[C@H](n2cnc3c(N)ncnc23)[C@H](O)[C@@H]1OP(=O)(O)O,-0.051184826,-1.908426523,1.324058771
arm_ACOADAGAT1601819Z1845Z9Z12Z15Z,Glycerolipid metabolism,A8INZ7_wild,CCCCCCCCCCCCCCCC(=O)OC[C@H](CO)OC(=O)CCCCCCC/C=C\CCCCCCCC,-0.34346357,-0.99987793,0.460110486
arm_ACOADAGAT1601819Z1845Z9Z12Z15Z,Glycerolipid metabolism,A8INZ7_wild,CC/C=C\C/C=C\C/C=C\CC/C=C\CCCC(=O)SCCNC(=O)CCNC(=O)[C@H](O)C(C)(C)COP(=O)(O)OP(=O)(O)OC[C@H]1O[C@H](n2cnc3c(N)ncnc23)[C@H](O)[C@@H]1OP(=O)(O)O,-0.579727173,-1.496019602,0.74698782
arm_ACOADAGAT1601819Z1845Z9Z12Z15Z,Glycerolipid metabolism,A8IXB2_wild,CCCCCCCCCCCCCCCC(=O)OC[C@H](CO)OC(=O)CCCCCCC/C=C\CCCCCCCC,-0.138884842,-1.205865026,0.851348996
arm_ACOADAGAT1601819Z1845Z9Z12Z15Z,Glycerolipid metabolism,A8IXB2_wild,CC/C=C\C/C=C\C/C=C\CC/C=C\CCCC(=O)SCCNC(=O)CCNC(=O)[C@H](O)C(C)(C)COP(=O)(O)OP(=O)(O)OC[C@H]1O[C@H](n2cnc3c(N)ncnc23)[C@H](O)[C@@H]1OP(=O)(O)O,-0.441274941,-1.678317428,1.086244822
arm_ACOADAGAT1601819Z1845Z9Z12Z15Z,Glycerolipid metabolism,A8J110_wild,CCCCCCCCCCCCCCCC(=O)OC[C@H](CO)OC(=O)CCCCCCC/C=C\CCCCCCCC,-0.194182247,-1.155861259,0.726856112
arm_ACOADAGAT1601819Z1845Z9Z12Z15Z,Glycerolipid metabolism,A8J110_wild,CC/C=C\C/C=C\C/C=C\CC/C=C\CCCC(=O)SCCNC(=O)CCNC(=O)[C@H](O)C(C)(C)COP(=O)(O)OP(=O)(O)OC[C@H]1O[C@H](n2cnc3c(N)ncnc23)[C@H](O)[C@@H]1OP(=O)(O)O,-0.401623815,-1.675989509,1.063006043
arm_ACOADAGAT1601819Z1845Z9Z12Z15Z,Glycerolipid metabolism,R9YW17_wild,CCCCCCCCCCCCCCCC(=O)OC[C@H](CO)OC(=O)CCCCCCC/C=C\CCCCCCCC,-0.073782049,-1.312985182,0.938897431
arm_ACOADAGAT1601819Z1845Z9Z12Z15Z,Glycerolipid metabolism,R9YW17_wild,CC/C=C\C/C=C\C/C=C\CC/C=C\CCCC(=O)SCCNC(=O)CCNC(=O)[C@H](O)C(C)(C)COP(=O)(O)OP(=O)(O)OC[C@H]1O[C@H](n2cnc3c(N)ncnc23)[C@H](O)[C@@H]1OP(=O)(O)O,-0.316542208,-1.931420565,1.206967711
arm_ACOADAGAT1801819Z160,Glycerolipid metabolism,A0A2K3E0F5_wild,CCCCCCCCCCCCCCCCCC(=O)OC[C@H](CO)OC(=O)CCCCCCC/C=C\CCCCCCCC,-0.795833051,-1.282496095,-0.211025313
arm_ACOADAGAT1801819Z160,Glycerolipid metabolism,A0A2K3E0F5_wild,CCCCCCCCCCCCCCCC(=O)SCCNC(=O)CCNC(=O)[C@@H](C(C)(C)COP(=O)([O-])OP(=O)([O-])OC[C@@H]1[C@H]([C@H]([C@@H](O1)N2C=NC3=C(N=CN=C32)N)O)OP(=O)([O-])[O-])O,-0.95089674,-1.913199186,0.114740014
arm_ACOADAGAT1801819Z160,Glycerolipid metabolism,A0A2K3E7S4_wild,CCCCCCCCCCCCCCCCCC(=O)OC[C@H](CO)OC(=O)CCCCCCC/C=C\CCCCCCCC,-0.040204894,-1.46621263,1.131271124
arm_ACOADAGAT1801819Z160,Glycerolipid metabolism,A0A2K3E7S4_wild,CCCCCCCCCCCCCCCC(=O)SCCNC(=O)CCNC(=O)[C@@H](C(C)(C)COP(=O)([O-])OP(=O)([O-])OC[C@@H]1[C@H]([C@H]([C@@H](O1)N2C=NC3=C(N=CN=C32)N)O)OP(=O)([O-])[O-])O,-0.132745713,-2.002805471,1.396184325
arm_ACOADAGAT1801819Z160,Glycerolipid metabolism,A8INZ7_wild,CCCCCCCCCCCCCCCCCC(=O)OC[C@H](CO)OC(=O)CCCCCCC/C=C\CCCCCCCC,-0.393648058,-0.99308902,0.452832371
arm_ACOADAGAT1801819Z160,Glycerolipid metabolism,A8INZ7_wild,CCCCCCCCCCCCCCCC(=O)SCCNC(=O)CCNC(=O)[C@@H](C(C)(C)COP(=O)([O-])OP(=O)([O-])OC[C@@H]1[C@H]([C@H]([C@@H](O1)N2C=NC3=C(N=CN=C32)N)O)OP(=O)([O-])[O-])O,-0.683105588,-1.608872652,0.82840997
arm_ACOADAGAT1801819Z160,Glycerolipid metabolism,A8IXB2_wild,CCCCCCCCCCCCCCCCCC(=O)OC[C@H](CO)OC(=O)CCCCCCC/C=C\CCCCCCCC,-0.194875881,-1.21005249,0.837059617
arm_ACOADAGAT1801819Z160,Glycerolipid metabolism,A8IXB2_wild,CCCCCCCCCCCCCCCC(=O)SCCNC(=O)CCNC(=O)[C@@H](C(C)(C)COP(=O)([O-])OP(=O)([O-])OC[C@@H]1[C@H]([C@H]([C@@H](O1)N2C=NC3=C(N=CN=C32)N)O)OP(=O)([O-])[O-])O,-0.484507859,-1.763291717,1.202972651
arm_ACOADAGAT1801819Z160,Glycerolipid metabolism,A8J110_wild,CCCCCCCCCCCCCCCCCC(=O)OC[C@H](CO)OC(=O)CCCCCCC/C=C\CCCCCCCC,-0.242088959,-1.14057982,0.723095715
arm_ACOADAGAT1801819Z160,Glycerolipid metabolism,A8J110_wild,CCCCCCCCCCCCCCCC(=O)SCCNC(=O)CCNC(=O)[C@@H](C(C)(C)COP(=O)([O-])OP(=O)([O-])OC[C@@H]1[C@H]([C@H]([C@@H](O1)N2C=NC3=C(N=CN=C32)N)O)OP(=O)([O-])[O-])O,-0.464399636,-1.762728453,1.144281149
arm_ACOADAGAT1801819Z160,Glycerolipid metabolism,R9YW17_wild,CCCCCCCCCCCCCCCCCC(=O)OC[C@H](CO)OC(=O)CCCCCCC/C=C\CCCCCCCC,-0.125634909,-1.304318666,0.936940014
arm_ACOADAGAT1801819Z160,Glycerolipid metabolism,R9YW17_wild,CCCCCCCCCCCCCCCC(=O)SCCNC(=O)CCNC(=O)[C@@H](C(C)(C)COP(=O)([O-])OP(=O)([O-])OC[C@@H]1[C@H]([C@H]([C@@H](O1)N2C=NC3=C(N=CN=C32)N)O)OP(=O)([O-])[O-])O,-0.365277857,-1.985770583,1.310820818
arm_ACOADAGAT1801819Z180,Glycerolipid metabolism,A0A2K3E0F5_wild,CCCCCCCCCCCCCCCCCC(=O)OC[C@H](CO)OC(=O)CCCCCCC/C=C\CCCCCCCC,-0.795833051,-1.282496095,-0.211025313
arm_ACOADAGAT1801819Z180,Glycerolipid metabolism,A0A2K3E0F5_wild,CCCCCCCCCCCCCCCCCC(=O)SCCNC(=O)CCNC(=O)[C@@H](C(C)(C)COP(=O)(O)OP(=O)(O)OC[C@@H]1[C@H]([C@H]([C@@H](O1)N2C=NC3=C(N=CN=C32)N)O)OP(=O)(O)O)O,-0.988670468,-2.102882385,0.178239509
arm_ACOADAGAT1801819Z180,Glycerolipid metabolism,A0A2K3E7S4_wild,CCCCCCCCCCCCCCCCCC(=O)OC[C@H](CO)OC(=O)CCCCCCC/C=C\CCCCCCCC,-0.040204894,-1.46621263,1.131271124
arm_ACOADAGAT1801819Z180,Glycerolipid metabolism,A0A2K3E7S4_wild,CCCCCCCCCCCCCCCCCC(=O)SCCNC(=O)CCNC(=O)[C@@H](C(C)(C)COP(=O)(O)OP(=O)(O)OC[C@@H]1[C@H]([C@H]([C@@H](O1)N2C=NC3=C(N=CN=C32)N)O)OP(=O)(O)O)O,-0.181244582,-2.183717728,1.468280315
arm_ACOADAGAT1801819Z180,Glycerolipid metabolism,A8INZ7_wild,CCCCCCCCCCCCCCCCCC(=O)OC[C@H](CO)OC(=O)CCCCCCC/C=C\CCCCCCCC,-0.393648058,-0.99308902,0.452832371
arm_ACOADAGAT1801819Z180,Glycerolipid metabolism,A8INZ7_wild,CCCCCCCCCCCCCCCCCC(=O)SCCNC(=O)CCNC(=O)[C@@H](C(C)(C)COP(=O)(O)OP(=O)(O)OC[C@@H]1[C@H]([C@H]([C@@H](O1)N2C=NC3=C(N=CN=C32)N)O)OP(=O)(O)O)O,-0.679227352,-1.782314897,0.910313606
arm_ACOADAGAT1801819Z180,Glycerolipid metabolism,A8IXB2_wild,CCCCCCCCCCCCCCCCCC(=O)OC[C@H](CO)OC(=O)CCCCCCC/C=C\CCCCCCCC,-0.194875881,-1.21005249,0.837059617
arm_ACOADAGAT1801819Z180,Glycerolipid metabolism,A8IXB2_wild,CCCCCCCCCCCCCCCCCC(=O)SCCNC(=O)CCNC(=O)[C@@H](C(C)(C)COP(=O)(O)OP(=O)(O)OC[C@@H]1[C@H]([C@H]([C@@H](O1)N2C=NC3=C(N=CN=C32)N)O)OP(=O)(O)O)O,-0.506414294,-1.993384361,1.324663281
arm_ACOADAGAT1801819Z180,Glycerolipid metabolism,A8J110_wild,CCCCCCCCCCCCCCCCCC(=O)OC[C@H](CO)OC(=O)CCCCCCC/C=C\CCCCCCCC,-0.242088959,-1.14057982,0.723095715
arm_ACOADAGAT1801819Z180,Glycerolipid metabolism,A8J110_wild,CCCCCCCCCCCCCCCCCC(=O)SCCNC(=O)CCNC(=O)[C@@H](C(C)(C)COP(=O)(O)OP(=O)(O)OC[C@@H]1[C@H]([C@H]([C@@H](O1)N2C=NC3=C(N=CN=C32)N)O)OP(=O)(O)O)O,-0.4894467,-1.954936266,1.246888161
arm_ACOADAGAT1801819Z180,Glycerolipid metabolism,R9YW17_wild,CCCCCCCCCCCCCCCCCC(=O)OC[C@H](CO)OC(=O)CCCCCCC/C=C\CCCCCCCC,-0.125634909,-1.304318666,0.936940014
arm_ACOADAGAT1801819Z180,Glycerolipid metabolism,R9YW17_wild,CCCCCCCCCCCCCCCCCC(=O)SCCNC(=O)CCNC(=O)[C@@H](C(C)(C)COP(=O)(O)OP(=O)(O)OC[C@@H]1[C@H]([C@H]([C@@H](O1)N2C=NC3=C(N=CN=C32)N)O)OP(=O)(O)O)O,-0.383729786,-2.201469183,1.424914002
arm_ACOADAGAT1801819Z18111Z,Glycerolipid metabolism,A0A2K3E0F5_wild,CCCCCCCCCCCCCCCCCC(=O)OC[C@H](CO)OC(=O)CCCCCCC/C=C\CCCCCCCC,-0.795833051,-1.282496095,-0.211025313
arm_ACOADAGAT1801819Z18111Z,Glycerolipid metabolism,A0A2K3E0F5_wild,CCCCCC/C=C\CCCCCCCCCC(=O)SCCNC(=O)CCNC(=O)[C@@H](C(C)(C)COP(=O)(O)OP(=O)(O)OC[C@@H]1[C@H]([C@H]([C@@H](O1)N2C=NC3=C(N=CN=C32)N)O)OP(=O)(O)O)O,-0.958792865,-2.186134338,0.244214967
arm_ACOADAGAT1801819Z18111Z,Glycerolipid metabolism,A0A2K3E7S4_wild,CCCCCCCCCCCCCCCCCC(=O)OC[C@H](CO)OC(=O)CCCCCCC/C=C\CCCCCCCC,-0.040204894,-1.46621263,1.131271124
arm_ACOADAGAT1801819Z18111Z,Glycerolipid metabolism,A0A2K3E7S4_wild,CCCCCC/C=C\CCCCCCCCCC(=O)SCCNC(=O)CCNC(=O)[C@@H](C(C)(C)COP(=O)(O)OP(=O)(O)OC[C@@H]1[C@H]([C@H]([C@@H](O1)N2C=NC3=C(N=CN=C32)N)O)OP(=O)(O)O)O,-0.139606848,-2.265109062,1.54622817
arm_ACOADAGAT1801819Z18111Z,Glycerolipid metabolism,A8INZ7_wild,CCCCCCCCCCCCCCCCCC(=O)OC[C@H](CO)OC(=O)CCCCCCC/C=C\CCCCCCCC,-0.393648058,-0.99308902,0.452832371
arm_ACOADAGAT1801819Z18111Z,Glycerolipid metabolism,A8INZ7_wild,CCCCCC/C=C\CCCCCCCCCC(=O)SCCNC(=O)CCNC(=O)[C@@H](C(C)(C)COP(=O)(O)OP(=O)(O)OC[C@@H]1[C@H]([C@H]([C@@H](O1)N2C=NC3=C(N=CN=C32)N)O)OP(=O)(O)O)O,-0.641332388,-1.850459337,0.998588204
arm_ACOADAGAT1801819Z18111Z,Glycerolipid metabolism,A8IXB2_wild,CCCCCCCCCCCCCCCCCC(=O)OC[C@H](CO)OC(=O)CCCCCCC/C=C\CCCCCCCC,-0.194875881,-1.21005249,0.837059617
arm_ACOADAGAT1801819Z18111Z,Glycerolipid metabolism,A8IXB2_wild,CCCCCC/C=C\CCCCCCCCCC(=O)SCCNC(=O)CCNC(=O)[C@@H](C(C)(C)COP(=O)(O)OP(=O)(O)OC[C@@H]1[C@H]([C@H]([C@@H](O1)N2C=NC3=C(N=CN=C32)N)O)OP(=O)(O)O)O,-0.46555081,-2.05525279,1.414631128
arm_ACOADAGAT1801819Z18111Z,Glycerolipid metabolism,A8J110_wild,CCCCCCCCCCCCCCCCCC(=O)OC[C@H](CO)OC(=O)CCCCCCC/C=C\CCCCCCCC,-0.242088959,-1.14057982,0.723095715
arm_ACOADAGAT1801819Z18111Z,Glycerolipid metabolism,A8J110_wild,CCCCCC/C=C\CCCCCCCCCC(=O)SCCNC(=O)CCNC(=O)[C@@H](C(C)(C)COP(=O)(O)OP(=O)(O)OC[C@@H]1[C@H]([C@H]([C@@H](O1)N2C=NC3=C(N=CN=C32)N)O)OP(=O)(O)O)O,-0.443384349,-2.027663708,1.336664796
arm_ACOADAGAT1801819Z18111Z,Glycerolipid metabolism,R9YW17_wild,CCCCCCCCCCCCCCCCCC(=O)OC[C@H](CO)OC(=O)CCCCCCC/C=C\CCCCCCCC,-0.125634909,-1.304318666,0.936940014
arm_ACOADAGAT1801819Z18111Z,Glycerolipid metabolism,R9YW17_wild,CCCCCC/C=C\CCCCCCCCCC(=O)SCCNC(=O)CCNC(=O)[C@@H](C(C)(C)COP(=O)(O)OP(=O)(O)OC[C@@H]1[C@H]([C@H]([C@@H](O1)N2C=NC3=C(N=CN=C32)N)O)OP(=O)(O)O)O,-0.338522255,-2.278577089,1.511727333
arm_ACOADAGAT1801819Z1819Z,Glycerolipid metabolism,A0A2K3E0F5_wild,CCCCCCCCCCCCCCCCCC(=O)OC[C@H](CO)OC(=O)CCCCCCC/C=C\CCCCCCCC,-0.795833051,-1.282496095,-0.211025313
arm_ACOADAGAT1801819Z1819Z,Glycerolipid metabolism,A0A2K3E0F5_wild,CCCCCCCC/C=C\CCCCCCCC(=O)SCCNC(=O)CCNC(=O)[C@@H](C(C)(C)COP(=O)(O)OP(=O)(O)OC[C@@H]1[C@H]([C@H]([C@@H](O1)N2C=NC3=C(N=CN=C32)N)O)OP(=O)(O)O)O,-0.950058281,-2.188270569,0.229686022
arm_ACOADAGAT1801819Z1819Z,Glycerolipid metabolism,A0A2K3E7S4_wild,CCCCCCCCCCCCCCCCCC(=O)OC[C@H](CO)OC(=O)CCCCCCC/C=C\CCCCCCCC,-0.040204894,-1.46621263,1.131271124
arm_ACOADAGAT1801819Z1819Z,Glycerolipid metabolism,A0A2K3E7S4_wild,CCCCCCCC/C=C\CCCCCCCC(=O)SCCNC(=O)CCNC(=O)[C@@H](C(C)(C)COP(=O)(O)OP(=O)(O)OC[C@@H]1[C@H]([C@H]([C@@H](O1)N2C=NC3=C(N=CN=C32)N)O)OP(=O)(O)O)O,-0.13576813,-2.262068987,1.533686757
arm_ACOADAGAT1801819Z1819Z,Glycerolipid metabolism,A8INZ7_wild,CCCCCCCCCCCCCCCCCC(=O)OC[C@H](CO)OC(=O)CCCCCCC/C=C\CCCCCCCC,-0.393648058,-0.99308902,0.452832371
arm_ACOADAGAT1801819Z1819Z,Glycerolipid metabolism,A8INZ7_wild,CCCCCCCC/C=C\CCCCCCCC(=O)SCCNC(=O)CCNC(=O)[C@@H](C(C)(C)COP(=O)(O)OP(=O)(O)OC[C@@H]1[C@H]([C@H]([C@@H](O1)N2C=NC3=C(N=CN=C32)N)O)OP(=O)(O)O)O,-0.632360101,-1.841377497,0.989084363
arm_ACOADAGAT1801819Z1819Z,Glycerolipid metabolism,A8IXB2_wild,CCCCCCCCCCCCCCCCCC(=O)OC[C@H](CO)OC(=O)CCCCCCC/C=C\CCCCCCCC,-0.194875881,-1.21005249,0.837059617
arm_ACOADAGAT1801819Z1819Z,Glycerolipid metabolism,A8IXB2_wild,CCCCCCCC/C=C\CCCCCCCC(=O)SCCNC(=O)CCNC(=O)[C@@H](C(C)(C)COP(=O)(O)OP(=O)(O)OC[C@@H]1[C@H]([C@H]([C@@H](O1)N2C=NC3=C(N=CN=C32)N)O)OP(=O)(O)O)O,-0.458693653,-2.048892021,1.40261519
arm_ACOADAGAT1801819Z1819Z,Glycerolipid metabolism,A8J110_wild,CCCCCCCCCCCCCCCCCC(=O)OC[C@H](CO)OC(=O)CCCCCCC/C=C\CCCCCCCC,-0.242088959,-1.14057982,0.723095715
arm_ACOADAGAT1801819Z1819Z,Glycerolipid metabolism,A8J110_wild,CCCCCCCC/C=C\CCCCCCCC(=O)SCCNC(=O)CCNC(=O)[C@@H](C(C)(C)COP(=O)(O)OP(=O)(O)OC[C@@H]1[C@H]([C@H]([C@@H](O1)N2C=NC3=C(N=CN=C32)N)O)OP(=O)(O)O)O,-0.430952072,-2.017700195,1.327082753
arm_ACOADAGAT1801819Z1819Z,Glycerolipid metabolism,R9YW17_wild,CCCCCCCCCCCCCCCCCC(=O)OC[C@H](CO)OC(=O)CCCCCCC/C=C\CCCCCCCC,-0.125634909,-1.304318666,0.936940014
arm_ACOADAGAT1801819Z1819Z,Glycerolipid metabolism,R9YW17_wild,CCCCCCCC/C=C\CCCCCCCC(=O)SCCNC(=O)CCNC(=O)[C@@H](C(C)(C)COP(=O)(O)OP(=O)(O)OC[C@@H]1[C@H]([C@H]([C@@H](O1)N2C=NC3=C(N=CN=C32)N)O)OP(=O)(O)O)O,-0.327018589,-2.276785851,1.504701972
arm_ACOADAGAT1801819Z1835Z9Z12Z,Glycerolipid metabolism,A0A2K3E0F5_wild,CCCCCCCCCCCCCCCCCC(=O)OC[C@H](CO)OC(=O)CCCCCCC/C=C\CCCCCCCC,-0.795833051,-1.282496095,-0.211025313
arm_ACOADAGAT1801819Z1835Z9Z12Z,Glycerolipid metabolism,A0A2K3E0F5_wild,CCCCC/C=C\C/C=C\CC/C=C\CCCC(=O)SCCNC(=O)CCNC(=O)[C@H](O)C(C)(C)COP(=O)(O)OP(=O)(O)OC[C@H]1O[C@H](n2cnc3c(N)ncnc23)[C@H](O)[C@@H]1OP(=O)(O)O,-0.955715775,-1.922716737,0.02490272
arm_ACOADAGAT1801819Z1835Z9Z12Z,Glycerolipid metabolism,A0A2K3E7S4_wild,CCCCCCCCCCCCCCCCCC(=O)OC[C@H](CO)OC(=O)CCCCCCC/C=C\CCCCCCCC,-0.040204894,-1.46621263,1.131271124
arm_ACOADAGAT1801819Z1835Z9Z12Z,Glycerolipid metabolism,A0A2K3E7S4_wild,CCCCC/C=C\C/C=C\CC/C=C\CCCC(=O)SCCNC(=O)CCNC(=O)[C@H](O)C(C)(C)COP(=O)(O)OP(=O)(O)OC[C@H]1O[C@H](n2cnc3c(N)ncnc23)[C@H](O)[C@@H]1OP(=O)(O)O,-0.166532278,-2.039987803,1.319892406
arm_ACOADAGAT1801819Z1835Z9Z12Z,Glycerolipid metabolism,A8INZ7_wild,CCCCCCCCCCCCCCCCCC(=O)OC[C@H](CO)OC(=O)CCCCCCC/C=C\CCCCCCCC,-0.393648058,-0.99308902,0.452832371
arm_ACOADAGAT1801819Z1835Z9Z12Z,Glycerolipid metabolism,A8INZ7_wild,CCCCC/C=C\C/C=C\CC/C=C\CCCC(=O)SCCNC(=O)CCNC(=O)[C@H](O)C(C)(C)COP(=O)(O)OP(=O)(O)OC[C@H]1O[C@H](n2cnc3c(N)ncnc23)[C@H](O)[C@@H]1OP(=O)(O)O,-0.685171008,-1.642513633,0.746748149
arm_ACOADAGAT1801819Z1835Z9Z12Z,Glycerolipid metabolism,A8IXB2_wild,CCCCCCCCCCCCCCCCCC(=O)OC[C@H](CO)OC(=O)CCCCCCC/C=C\CCCCCCCC,-0.194875881,-1.21005249,0.837059617
arm_ACOADAGAT1801819Z1835Z9Z12Z,Glycerolipid metabolism,A8IXB2_wild,CCCCC/C=C\C/C=C\CC/C=C\CCCC(=O)SCCNC(=O)CCNC(=O)[C@H](O)C(C)(C)COP(=O)(O)OP(=O)(O)OC[C@H]1O[C@H](n2cnc3c(N)ncnc23)[C@H](O)[C@@H]1OP(=O)(O)O,-0.512004614,-1.82445085,1.100109339
arm_ACOADAGAT1801819Z1835Z9Z12Z,Glycerolipid metabolism,A8J110_wild,CCCCCCCCCCCCCCCCCC(=O)OC[C@H](CO)OC(=O)CCCCCCC/C=C\CCCCCCCC,-0.242088959,-1.14057982,0.723095715
arm_ACOADAGAT1801819Z1835Z9Z12Z,Glycerolipid metabolism,A8J110_wild,CCCCC/C=C\C/C=C\CC/C=C\CCCC(=O)SCCNC(=O)CCNC(=O)[C@H](O)C(C)(C)COP(=O)(O)OP(=O)(O)OC[C@H]1O[C@H](n2cnc3c(N)ncnc23)[C@H](O)[C@@H]1OP(=O)(O)O,-0.494826972,-1.828402877,1.064731717
arm_ACOADAGAT1801819Z1835Z9Z12Z,Glycerolipid metabolism,R9YW17_wild,CCCCCCCCCCCCCCCCCC(=O)OC[C@H](CO)OC(=O)CCCCCCC/C=C\CCCCCCCC,-0.125634909,-1.304318666,0.936940014
arm_ACOADAGAT1801819Z1835Z9Z12Z,Glycerolipid metabolism,R9YW17_wild,CCCCC/C=C\C/C=C\CC/C=C\CCCC(=O)SCCNC(=O)CCNC(=O)[C@H](O)C(C)(C)COP(=O)(O)OP(=O)(O)OC[C@H]1O[C@H](n2cnc3c(N)ncnc23)[C@H](O)[C@@H]1OP(=O)(O)O,-0.402753353,-2.080656528,1.211815
arm_ACOADAGAT1801819Z1845Z9Z12Z15Z,Glycerolipid metabolism,A0A2K3E0F5_wild,CCCCCCCCCCCCCCCCCC(=O)OC[C@H](CO)OC(=O)CCCCCCC/C=C\CCCCCCCC,-0.795833051,-1.282496095,-0.211025313
arm_ACOADAGAT1801819Z1845Z9Z12Z15Z,Glycerolipid metabolism,A0A2K3E0F5_wild,CC/C=C\C/C=C\C/C=C\CC/C=C\CCCC(=O)SCCNC(=O)CCNC(=O)[C@H](O)C(C)(C)COP(=O)(O)OP(=O)(O)OC[C@H]1O[C@H](n2cnc3c(N)ncnc23)[C@H](O)[C@@H]1OP(=O)(O)O,-0.888253868,-1.786203742,-0.002470529
arm_ACOADAGAT1801819Z1845Z9Z12Z15Z,Glycerolipid metabolism,A0A2K3E7S4_wild,CCCCCCCCCCCCCCCCCC(=O)OC[C@H](CO)OC(=O)CCCCCCC/C=C\CCCCCCCC,-0.040204894,-1.46621263,1.131271124
arm_ACOADAGAT1801819Z1845Z9Z12Z15Z,Glycerolipid metabolism,A0A2K3E7S4_wild,CC/C=C\C/C=C\C/C=C\CC/C=C\CCCC(=O)SCCNC(=O)CCNC(=O)[C@H](O)C(C)(C)COP(=O)(O)OP(=O)(O)OC[C@H]1O[C@H](n2cnc3c(N)ncnc23)[C@H](O)[C@@H]1OP(=O)(O)O,-0.051184826,-1.908426523,1.324058771
arm_ACOADAGAT1801819Z1845Z9Z12Z15Z,Glycerolipid metabolism,A8INZ7_wild,CCCCCCCCCCCCCCCCCC(=O)OC[C@H](CO)OC(=O)CCCCCCC/C=C\CCCCCCCC,-0.393648058,-0.99308902,0.452832371
arm_ACOADAGAT1801819Z1845Z9Z12Z15Z,Glycerolipid metabolism,A8INZ7_wild,CC/C=C\C/C=C\C/C=C\CC/C=C\CCCC(=O)SCCNC(=O)CCNC(=O)[C@H](O)C(C)(C)COP(=O)(O)OP(=O)(O)OC[C@H]1O[C@H](n2cnc3c(N)ncnc23)[C@H](O)[C@@H]1OP(=O)(O)O,-0.579727173,-1.496019602,0.74698782
arm_ACOADAGAT1801819Z1845Z9Z12Z15Z,Glycerolipid metabolism,A8IXB2_wild,CCCCCCCCCCCCCCCCCC(=O)OC[C@H](CO)OC(=O)CCCCCCC/C=C\CCCCCCCC,-0.194875881,-1.21005249,0.837059617
arm_ACOADAGAT1801819Z1845Z9Z12Z15Z,Glycerolipid metabolism,A8IXB2_wild,CC/C=C\C/C=C\C/C=C\CC/C=C\CCCC(=O)SCCNC(=O)CCNC(=O)[C@H](O)C(C)(C)COP(=O)(O)OP(=O)(O)OC[C@H]1O[C@H](n2cnc3c(N)ncnc23)[C@H](O)[C@@H]1OP(=O)(O)O,-0.441274941,-1.678317428,1.086244822
arm_ACOADAGAT1801819Z1845Z9Z12Z15Z,Glycerolipid metabolism,A8J110_wild,CCCCCCCCCCCCCCCCCC(=O)OC[C@H](CO)OC(=O)CCCCCCC/C=C\CCCCCCCC,-0.242088959,-1.14057982,0.723095715
arm_ACOADAGAT1801819Z1845Z9Z12Z15Z,Glycerolipid metabolism,A8J110_wild,CC/C=C\C/C=C\C/C=C\CC/C=C\CCCC(=O)SCCNC(=O)CCNC(=O)[C@H](O)C(C)(C)COP(=O)(O)OP(=O)(O)OC[C@H]1O[C@H](n2cnc3c(N)ncnc23)[C@H](O)[C@@H]1OP(=O)(O)O,-0.401623815,-1.675989509,1.063006043
arm_ACOADAGAT1801819Z1845Z9Z12Z15Z,Glycerolipid metabolism,R9YW17_wild,CCCCCCCCCCCCCCCCCC(=O)OC[C@H](CO)OC(=O)CCCCCCC/C=C\CCCCCCCC,-0.125634909,-1.304318666,0.936940014
arm_ACOADAGAT1801819Z1845Z9Z12Z15Z,Glycerolipid metabolism,R9YW17_wild,CC/C=C\C/C=C\C/C=C\CC/C=C\CCCC(=O)SCCNC(=O)CCNC(=O)[C@H](O)C(C)(C)COP(=O)(O)OP(=O)(O)OC[C@H]1O[C@H](n2cnc3c(N)ncnc23)[C@H](O)[C@@H]1OP(=O)(O)O,-0.316542208,-1.931420565,1.206967711
arm_ACOADAGAT18111Z18111Z160,Glycerolipid metabolism,A0A2K3E0F5_wild,CCCCCC/C=C\CCCCCCCCCC(=O)OC[C@H](CO)OC(=O)CCCCCCCCC/C=C\CCCCCC,-0.796279609,-1.290315032,-0.18468231
arm_ACOADAGAT18111Z18111Z160,Glycerolipid metabolism,A0A2K3E0F5_wild,CCCCCCCCCCCCCCCC(=O)SCCNC(=O)CCNC(=O)[C@@H](C(C)(C)COP(=O)([O-])OP(=O)([O-])OC[C@@H]1[C@H]([C@H]([C@@H](O1)N2C=NC3=C(N=CN=C32)N)O)OP(=O)([O-])[O-])O,-0.95089674,-1.913199186,0.114740014
arm_ACOADAGAT18111Z18111Z160,Glycerolipid metabolism,A0A2K3E7S4_wild,CCCCCC/C=C\CCCCCCCCCC(=O)OC[C@H](CO)OC(=O)CCCCCCCCC/C=C\CCCCCC,-0.053068556,-1.436952472,1.132570028
arm_ACOADAGAT18111Z18111Z160,Glycerolipid metabolism,A0A2K3E7S4_wild,CCCCCCCCCCCCCCCC(=O)SCCNC(=O)CCNC(=O)[C@@H](C(C)(C)COP(=O)([O-])OP(=O)([O-])OC[C@@H]1[C@H]([C@H]([C@@H](O1)N2C=NC3=C(N=CN=C32)N)O)OP(=O)([O-])[O-])O,-0.132745713,-2.002805471,1.396184325
arm_ACOADAGAT18111Z18111Z160,Glycerolipid metabolism,A8INZ7_wild,CCCCCC/C=C\CCCCCCCCCC(=O)OC[C@H](CO)OC(=O)CCCCCCCCC/C=C\CCCCCC,-0.370812595,-0.98564446,0.486285299
arm_ACOADAGAT18111Z18111Z160,Glycerolipid metabolism,A8INZ7_wild,CCCCCCCCCCCCCCCC(=O)SCCNC(=O)CCNC(=O)[C@@H](C(C)(C)COP(=O)([O-])OP(=O)([O-])OC[C@@H]1[C@H]([C@H]([C@@H](O1)N2C=NC3=C(N=CN=C32)N)O)OP(=O)([O-])[O-])O,-0.683105588,-1.608872652,0.82840997
arm_ACOADAGAT18111Z18111Z160,Glycerolipid metabolism,A8IXB2_wild,CCCCCC/C=C\CCCCCCCCCC(=O)OC[C@H](CO)OC(=O)CCCCCCCCC/C=C\CCCCCC,-0.195367202,-1.167093635,0.866179287
arm_ACOADAGAT18111Z18111Z160,Glycerolipid metabolism,A8IXB2_wild,CCCCCCCCCCCCCCCC(=O)SCCNC(=O)CCNC(=O)[C@@H](C(C)(C)COP(=O)([O-])OP(=O)([O-])OC[C@@H]1[C@H]([C@H]([C@@H](O1)N2C=NC3=C(N=CN=C32)N)O)OP(=O)([O-])[O-])O,-0.484507859,-1.763291717,1.202972651
arm_ACOADAGAT18111Z18111Z160,Glycerolipid metabolism,A8J110_wild,CCCCCC/C=C\CCCCCCCCCC(=O)OC[C@H](CO)OC(=O)CCCCCCCCC/C=C\CCCCCC,-0.213735059,-1.136588573,0.733385086
arm_ACOADAGAT18111Z18111Z160,Glycerolipid metabolism,A8J110_wild,CCCCCCCCCCCCCCCC(=O)SCCNC(=O)CCNC(=O)[C@@H](C(C)(C)COP(=O)([O-])OP(=O)([O-])OC[C@@H]1[C@H]([C@H]([C@@H](O1)N2C=NC3=C(N=CN=C32)N)O)OP(=O)([O-])[O-])O,-0.464399636,-1.762728453,1.144281149
arm_ACOADAGAT18111Z18111Z160,Glycerolipid metabolism,R9YW17_wild,CCCCCC/C=C\CCCCCCCCCC(=O)OC[C@H](CO)OC(=O)CCCCCCCCC/C=C\CCCCCC,-0.086915791,-1.269639492,0.953442454
arm_ACOADAGAT18111Z18111Z160,Glycerolipid metabolism,R9YW17_wild,CCCCCCCCCCCCCCCC(=O)SCCNC(=O)CCNC(=O)[C@@H](C(C)(C)COP(=O)([O-])OP(=O)([O-])OC[C@@H]1[C@H]([C@H]([C@@H](O1)N2C=NC3=C(N=CN=C32)N)O)OP(=O)([O-])[O-])O,-0.365277857,-1.985770583,1.310820818
arm_ACOADAGAT18111Z18111Z180,Glycerolipid metabolism,A0A2K3E0F5_wild,CCCCCC/C=C\CCCCCCCCCC(=O)OC[C@H](CO)OC(=O)CCCCCCCCC/C=C\CCCCCC,-0.796279609,-1.290315032,-0.18468231
arm_ACOADAGAT18111Z18111Z180,Glycerolipid metabolism,A0A2K3E0F5_wild,CCCCCCCCCCCCCCCCCC(=O)SCCNC(=O)CCNC(=O)[C@@H](C(C)(C)COP(=O)(O)OP(=O)(O)OC[C@@H]1[C@H]([C@H]([C@@H](O1)N2C=NC3=C(N=CN=C32)N)O)OP(=O)(O)O)O,-0.988670468,-2.102882385,0.178239509
arm_ACOADAGAT18111Z18111Z180,Glycerolipid metabolism,A0A2K3E7S4_wild,CCCCCC/C=C\CCCCCCCCCC(=O)OC[C@H](CO)OC(=O)CCCCCCCCC/C=C\CCCCCC,-0.053068556,-1.436952472,1.132570028
arm_ACOADAGAT18111Z18111Z180,Glycerolipid metabolism,A0A2K3E7S4_wild,CCCCCCCCCCCCCCCCCC(=O)SCCNC(=O)CCNC(=O)[C@@H](C(C)(C)COP(=O)(O)OP(=O)(O)OC[C@@H]1[C@H]([C@H]([C@@H](O1)N2C=NC3=C(N=CN=C32)N)O)OP(=O)(O)O)O,-0.181244582,-2.183717728,1.468280315
arm_ACOADAGAT18111Z18111Z180,Glycerolipid metabolism,A8INZ7_wild,CCCCCC/C=C\CCCCCCCCCC(=O)OC[C@H](CO)OC(=O)CCCCCCCCC/C=C\CCCCCC,-0.370812595,-0.98564446,0.486285299
arm_ACOADAGAT18111Z18111Z180,Glycerolipid metabolism,A8INZ7_wild,CCCCCCCCCCCCCCCCCC(=O)SCCNC(=O)CCNC(=O)[C@@H](C(C)(C)COP(=O)(O)OP(=O)(O)OC[C@@H]1[C@H]([C@H]([C@@H](O1)N2C=NC3=C(N=CN=C32)N)O)OP(=O)(O)O)O,-0.679227352,-1.782314897,0.910313606
arm_ACOADAGAT18111Z18111Z180,Glycerolipid metabolism,A8IXB2_wild,CCCCCC/C=C\CCCCCCCCCC(=O)OC[C@H](CO)OC(=O)CCCCCCCCC/C=C\CCCCCC,-0.195367202,-1.167093635,0.866179287
arm_ACOADAGAT18111Z18111Z180,Glycerolipid metabolism,A8IXB2_wild,CCCCCCCCCCCCCCCCCC(=O)SCCNC(=O)CCNC(=O)[C@@H](C(C)(C)COP(=O)(O)OP(=O)(O)OC[C@@H]1[C@H]([C@H]([C@@H](O1)N2C=NC3=C(N=CN=C32)N)O)OP(=O)(O)O)O,-0.506414294,-1.993384361,1.324663281
arm_ACOADAGAT18111Z18111Z180,Glycerolipid metabolism,A8J110_wild,CCCCCC/C=C\CCCCCCCCCC(=O)OC[C@H](CO)OC(=O)CCCCCCCCC/C=C\CCCCCC,-0.213735059,-1.136588573,0.733385086
arm_ACOADAGAT18111Z18111Z180,Glycerolipid metabolism,A8J110_wild,CCCCCCCCCCCCCCCCCC(=O)SCCNC(=O)CCNC(=O)[C@@H](C(C)(C)COP(=O)(O)OP(=O)(O)OC[C@@H]1[C@H]([C@H]([C@@H](O1)N2C=NC3=C(N=CN=C32)N)O)OP(=O)(O)O)O,-0.4894467,-1.954936266,1.246888161
arm_ACOADAGAT18111Z18111Z180,Glycerolipid metabolism,R9YW17_wild,CCCCCC/C=C\CCCCCCCCCC(=O)OC[C@H](CO)OC(=O)CCCCCCCCC/C=C\CCCCCC,-0.086915791,-1.269639492,0.953442454
arm_ACOADAGAT18111Z18111Z180,Glycerolipid metabolism,R9YW17_wild,CCCCCCCCCCCCCCCCCC(=O)SCCNC(=O)CCNC(=O)[C@@H](C(C)(C)COP(=O)(O)OP(=O)(O)OC[C@@H]1[C@H]([C@H]([C@@H](O1)N2C=NC3=C(N=CN=C32)N)O)OP(=O)(O)O)O,-0.383729786,-2.201469183,1.424914002
arm_ACOADAGAT18111Z18111Z18111Z,Glycerolipid metabolism,A0A2K3E0F5_wild,CCCCCC/C=C\CCCCCCCCCC(=O)OC[C@H](CO)OC(=O)CCCCCCCCC/C=C\CCCCCC,-0.796279609,-1.290315032,-0.18468231
arm_ACOADAGAT18111Z18111Z18111Z,Glycerolipid metabolism,A0A2K3E0F5_wild,CCCCCC/C=C\CCCCCCCCCC(=O)SCCNC(=O)CCNC(=O)[C@@H](C(C)(C)COP(=O)(O)OP(=O)(O)OC[C@@H]1[C@H]([C@H]([C@@H](O1)N2C=NC3=C(N=CN=C32)N)O)OP(=O)(O)O)O,-0.958792865,-2.186134338,0.244214967
arm_ACOADAGAT18111Z18111Z18111Z,Glycerolipid metabolism,A0A2K3E7S4_wild,CCCCCC/C=C\CCCCCCCCCC(=O)OC[C@H](CO)OC(=O)CCCCCCCCC/C=C\CCCCCC,-0.053068556,-1.436952472,1.132570028
arm_ACOADAGAT18111Z18111Z18111Z,Glycerolipid metabolism,A0A2K3E7S4_wild,CCCCCC/C=C\CCCCCCCCCC(=O)SCCNC(=O)CCNC(=O)[C@@H](C(C)(C)COP(=O)(O)OP(=O)(O)OC[C@@H]1[C@H]([C@H]([C@@H](O1)N2C=NC3=C(N=CN=C32)N)O)OP(=O)(O)O)O,-0.139606848,-2.265109062,1.54622817
arm_ACOADAGAT18111Z18111Z18111Z,Glycerolipid metabolism,A8INZ7_wild,CCCCCC/C=C\CCCCCCCCCC(=O)OC[C@H](CO)OC(=O)CCCCCCCCC/C=C\CCCCCC,-0.370812595,-0.98564446,0.486285299
arm_ACOADAGAT18111Z18111Z18111Z,Glycerolipid metabolism,A8INZ7_wild,CCCCCC/C=C\CCCCCCCCCC(=O)SCCNC(=O)CCNC(=O)[C@@H](C(C)(C)COP(=O)(O)OP(=O)(O)OC[C@@H]1[C@H]([C@H]([C@@H](O1)N2C=NC3=C(N=CN=C32)N)O)OP(=O)(O)O)O,-0.641332388,-1.850459337,0.998588204
arm_ACOADAGAT18111Z18111Z18111Z,Glycerolipid metabolism,A8IXB2_wild,CCCCCC/C=C\CCCCCCCCCC(=O)OC[C@H](CO)OC(=O)CCCCCCCCC/C=C\CCCCCC,-0.195367202,-1.167093635,0.866179287
arm_ACOADAGAT18111Z18111Z18111Z,Glycerolipid metabolism,A8IXB2_wild,CCCCCC/C=C\CCCCCCCCCC(=O)SCCNC(=O)CCNC(=O)[C@@H](C(C)(C)COP(=O)(O)OP(=O)(O)OC[C@@H]1[C@H]([C@H]([C@@H](O1)N2C=NC3=C(N=CN=C32)N)O)OP(=O)(O)O)O,-0.46555081,-2.05525279,1.414631128
arm_ACOADAGAT18111Z18111Z18111Z,Glycerolipid metabolism,A8J110_wild,CCCCCC/C=C\CCCCCCCCCC(=O)OC[C@H](CO)OC(=O)CCCCCCCCC/C=C\CCCCCC,-0.213735059,-1.136588573,0.733385086
arm_ACOADAGAT18111Z18111Z18111Z,Glycerolipid metabolism,A8J110_wild,CCCCCC/C=C\CCCCCCCCCC(=O)SCCNC(=O)CCNC(=O)[C@@H](C(C)(C)COP(=O)(O)OP(=O)(O)OC[C@@H]1[C@H]([C@H]([C@@H](O1)N2C=NC3=C(N=CN=C32)N)O)OP(=O)(O)O)O,-0.443384349,-2.027663708,1.336664796
arm_ACOADAGAT18111Z18111Z18111Z,Glycerolipid metabolism,R9YW17_wild,CCCCCC/C=C\CCCCCCCCCC(=O)OC[C@H](CO)OC(=O)CCCCCCCCC/C=C\CCCCCC,-0.086915791,-1.269639492,0.953442454
arm_ACOADAGAT18111Z18111Z18111Z,Glycerolipid metabolism,R9YW17_wild,CCCCCC/C=C\CCCCCCCCCC(=O)SCCNC(=O)CCNC(=O)[C@@H](C(C)(C)COP(=O)(O)OP(=O)(O)OC[C@@H]1[C@H]([C@H]([C@@H](O1)N2C=NC3=C(N=CN=C32)N)O)OP(=O)(O)O)O,-0.338522255,-2.278577089,1.511727333
arm_ACOADAGAT18111Z18111Z1819Z,Glycerolipid metabolism,A0A2K3E0F5_wild,CCCCCC/C=C\CCCCCCCCCC(=O)OC[C@H](CO)OC(=O)CCCCCCCCC/C=C\CCCCCC,-0.796279609,-1.290315032,-0.18468231
arm_ACOADAGAT18111Z18111Z1819Z,Glycerolipid metabolism,A0A2K3E0F5_wild,CCCCCCCC/C=C\CCCCCCCC(=O)SCCNC(=O)CCNC(=O)[C@@H](C(C)(C)COP(=O)(O)OP(=O)(O)OC[C@@H]1[C@H]([C@H]([C@@H](O1)N2C=NC3=C(N=CN=C32)N)O)OP(=O)(O)O)O,-0.950058281,-2.188270569,0.229686022
arm_ACOADAGAT18111Z18111Z1819Z,Glycerolipid metabolism,A0A2K3E7S4_wild,CCCCCC/C=C\CCCCCCCCCC(=O)OC[C@H](CO)OC(=O)CCCCCCCCC/C=C\CCCCCC,-0.053068556,-1.436952472,1.132570028
arm_ACOADAGAT18111Z18111Z1819Z,Glycerolipid metabolism,A0A2K3E7S4_wild,CCCCCCCC/C=C\CCCCCCCC(=O)SCCNC(=O)CCNC(=O)[C@@H](C(C)(C)COP(=O)(O)OP(=O)(O)OC[C@@H]1[C@H]([C@H]([C@@H](O1)N2C=NC3=C(N=CN=C32)N)O)OP(=O)(O)O)O,-0.13576813,-2.262068987,1.533686757
arm_ACOADAGAT18111Z18111Z1819Z,Glycerolipid metabolism,A8INZ7_wild,CCCCCC/C=C\CCCCCCCCCC(=O)OC[C@H](CO)OC(=O)CCCCCCCCC/C=C\CCCCCC,-0.370812595,-0.98564446,0.486285299
arm_ACOADAGAT18111Z18111Z1819Z,Glycerolipid metabolism,A8INZ7_wild,CCCCCCCC/C=C\CCCCCCCC(=O)SCCNC(=O)CCNC(=O)[C@@H](C(C)(C)COP(=O)(O)OP(=O)(O)OC[C@@H]1[C@H]([C@H]([C@@H](O1)N2C=NC3=C(N=CN=C32)N)O)OP(=O)(O)O)O,-0.632360101,-1.841377497,0.989084363
arm_ACOADAGAT18111Z18111Z1819Z,Glycerolipid metabolism,A8IXB2_wild,CCCCCC/C=C\CCCCCCCCCC(=O)OC[C@H](CO)OC(=O)CCCCCCCCC/C=C\CCCCCC,-0.195367202,-1.167093635,0.866179287
arm_ACOADAGAT18111Z18111Z1819Z,Glycerolipid metabolism,A8IXB2_wild,CCCCCCCC/C=C\CCCCCCCC(=O)SCCNC(=O)CCNC(=O)[C@@H](C(C)(C)COP(=O)(O)OP(=O)(O)OC[C@@H]1[C@H]([C@H]([C@@H](O1)N2C=NC3=C(N=CN=C32)N)O)OP(=O)(O)O)O,-0.458693653,-2.048892021,1.40261519
arm_ACOADAGAT18111Z18111Z1819Z,Glycerolipid metabolism,A8J110_wild,CCCCCC/C=C\CCCCCCCCCC(=O)OC[C@H](CO)OC(=O)CCCCCCCCC/C=C\CCCCCC,-0.213735059,-1.136588573,0.733385086
arm_ACOADAGAT18111Z18111Z1819Z,Glycerolipid metabolism,A8J110_wild,CCCCCCCC/C=C\CCCCCCCC(=O)SCCNC(=O)CCNC(=O)[C@@H](C(C)(C)COP(=O)(O)OP(=O)(O)OC[C@@H]1[C@H]([C@H]([C@@H](O1)N2C=NC3=C(N=CN=C32)N)O)OP(=O)(O)O)O,-0.430952072,-2.017700195,1.327082753
arm_ACOADAGAT18111Z18111Z1819Z,Glycerolipid metabolism,R9YW17_wild,CCCCCC/C=C\CCCCCCCCCC(=O)OC[C@H](CO)OC(=O)CCCCCCCCC/C=C\CCCCCC,-0.086915791,-1.269639492,0.953442454
arm_ACOADAGAT18111Z18111Z1819Z,Glycerolipid metabolism,R9YW17_wild,CCCCCCCC/C=C\CCCCCCCC(=O)SCCNC(=O)CCNC(=O)[C@@H](C(C)(C)COP(=O)(O)OP(=O)(O)OC[C@@H]1[C@H]([C@H]([C@@H](O1)N2C=NC3=C(N=CN=C32)N)O)OP(=O)(O)O)O,-0.327018589,-2.276785851,1.504701972
arm_ACOADAGAT18111Z18111Z1835Z9Z12Z,Glycerolipid metabolism,A0A2K3E0F5_wild,CCCCCC/C=C\CCCCCCCCCC(=O)OC[C@H](CO)OC(=O)CCCCCCCCC/C=C\CCCCCC,-0.796279609,-1.290315032,-0.18468231
arm_ACOADAGAT18111Z18111Z1835Z9Z12Z,Glycerolipid metabolism,A0A2K3E0F5_wild,CCCCC/C=C\C/C=C\CC/C=C\CCCC(=O)SCCNC(=O)CCNC(=O)[C@H](O)C(C)(C)COP(=O)(O)OP(=O)(O)OC[C@H]1O[C@H](n2cnc3c(N)ncnc23)[C@H](O)[C@@H]1OP(=O)(O)O,-0.955715775,-1.922716737,0.02490272
arm_ACOADAGAT18111Z18111Z1835Z9Z12Z,Glycerolipid metabolism,A0A2K3E7S4_wild,CCCCCC/C=C\CCCCCCCCCC(=O)OC[C@H](CO)OC(=O)CCCCCCCCC/C=C\CCCCCC,-0.053068556,-1.436952472,1.132570028
arm_ACOADAGAT18111Z18111Z1835Z9Z12Z,Glycerolipid metabolism,A0A2K3E7S4_wild,CCCCC/C=C\C/C=C\CC/C=C\CCCC(=O)SCCNC(=O)CCNC(=O)[C@H](O)C(C)(C)COP(=O)(O)OP(=O)(O)OC[C@H]1O[C@H](n2cnc3c(N)ncnc23)[C@H](O)[C@@H]1OP(=O)(O)O,-0.166532278,-2.039987803,1.319892406
arm_ACOADAGAT18111Z18111Z1835Z9Z12Z,Glycerolipid metabolism,A8INZ7_wild,CCCCCC/C=C\CCCCCCCCCC(=O)OC[C@H](CO)OC(=O)CCCCCCCCC/C=C\CCCCCC,-0.370812595,-0.98564446,0.486285299
arm_ACOADAGAT18111Z18111Z1835Z9Z12Z,Glycerolipid metabolism,A8INZ7_wild,CCCCC/C=C\C/C=C\CC/C=C\CCCC(=O)SCCNC(=O)CCNC(=O)[C@H](O)C(C)(C)COP(=O)(O)OP(=O)(O)OC[C@H]1O[C@H](n2cnc3c(N)ncnc23)[C@H](O)[C@@H]1OP(=O)(O)O,-0.685171008,-1.642513633,0.746748149
arm_ACOADAGAT18111Z18111Z1835Z9Z12Z,Glycerolipid metabolism,A8IXB2_wild,CCCCCC/C=C\CCCCCCCCCC(=O)OC[C@H](CO)OC(=O)CCCCCCCCC/C=C\CCCCCC,-0.195367202,-1.167093635,0.866179287
arm_ACOADAGAT18111Z18111Z1835Z9Z12Z,Glycerolipid metabolism,A8IXB2_wild,CCCCC/C=C\C/C=C\CC/C=C\CCCC(=O)SCCNC(=O)CCNC(=O)[C@H](O)C(C)(C)COP(=O)(O)OP(=O)(O)OC[C@H]1O[C@H](n2cnc3c(N)ncnc23)[C@H](O)[C@@H]1OP(=O)(O)O,-0.512004614,-1.82445085,1.100109339
arm_ACOADAGAT18111Z18111Z1835Z9Z12Z,Glycerolipid metabolism,A8J110_wild,CCCCCC/C=C\CCCCCCCCCC(=O)OC[C@H](CO)OC(=O)CCCCCCCCC/C=C\CCCCCC,-0.213735059,-1.136588573,0.733385086
arm_ACOADAGAT18111Z18111Z1835Z9Z12Z,Glycerolipid metabolism,A8J110_wild,CCCCC/C=C\C/C=C\CC/C=C\CCCC(=O)SCCNC(=O)CCNC(=O)[C@H](O)C(C)(C)COP(=O)(O)OP(=O)(O)OC[C@H]1O[C@H](n2cnc3c(N)ncnc23)[C@H](O)[C@@H]1OP(=O)(O)O,-0.494826972,-1.828402877,1.064731717
arm_ACOADAGAT18111Z18111Z1835Z9Z12Z,Glycerolipid metabolism,R9YW17_wild,CCCCCC/C=C\CCCCCCCCCC(=O)OC[C@H](CO)OC(=O)CCCCCCCCC/C=C\CCCCCC,-0.086915791,-1.269639492,0.953442454
arm_ACOADAGAT18111Z18111Z1835Z9Z12Z,Glycerolipid metabolism,R9YW17_wild,CCCCC/C=C\C/C=C\CC/C=C\CCCC(=O)SCCNC(=O)CCNC(=O)[C@H](O)C(C)(C)COP(=O)(O)OP(=O)(O)OC[C@H]1O[C@H](n2cnc3c(N)ncnc23)[C@H](O)[C@@H]1OP(=O)(O)O,-0.402753353,-2.080656528,1.211815
arm_ACOADAGAT18111Z18111Z1845Z9Z12Z15Z,Glycerolipid metabolism,A0A2K3E0F5_wild,CCCCCC/C=C\CCCCCCCCCC(=O)OC[C@H](CO)OC(=O)CCCCCCCCC/C=C\CCCCCC,-0.796279609,-1.290315032,-0.18468231
arm_ACOADAGAT18111Z18111Z1845Z9Z12Z15Z,Glycerolipid metabolism,A0A2K3E0F5_wild,CC/C=C\C/C=C\C/C=C\CC/C=C\CCCC(=O)SCCNC(=O)CCNC(=O)[C@H](O)C(C)(C)COP(=O)(O)OP(=O)(O)OC[C@H]1O[C@H](n2cnc3c(N)ncnc23)[C@H](O)[C@@H]1OP(=O)(O)O,-0.888253868,-1.786203742,-0.002470529
arm_ACOADAGAT18111Z18111Z1845Z9Z12Z15Z,Glycerolipid metabolism,A0A2K3E7S4_wild,CCCCCC/C=C\CCCCCCCCCC(=O)OC[C@H](CO)OC(=O)CCCCCCCCC/C=C\CCCCCC,-0.053068556,-1.436952472,1.132570028
arm_ACOADAGAT18111Z18111Z1845Z9Z12Z15Z,Glycerolipid metabolism,A0A2K3E7S4_wild,CC/C=C\C/C=C\C/C=C\CC/C=C\CCCC(=O)SCCNC(=O)CCNC(=O)[C@H](O)C(C)(C)COP(=O)(O)OP(=O)(O)OC[C@H]1O[C@H](n2cnc3c(N)ncnc23)[C@H](O)[C@@H]1OP(=O)(O)O,-0.051184826,-1.908426523,1.324058771
arm_ACOADAGAT18111Z18111Z1845Z9Z12Z15Z,Glycerolipid metabolism,A8INZ7_wild,CCCCCC/C=C\CCCCCCCCCC(=O)OC[C@H](CO)OC(=O)CCCCCCCCC/C=C\CCCCCC,-0.370812595,-0.98564446,0.486285299
arm_ACOADAGAT18111Z18111Z1845Z9Z12Z15Z,Glycerolipid metabolism,A8INZ7_wild,CC/C=C\C/C=C\C/C=C\CC/C=C\CCCC(=O)SCCNC(=O)CCNC(=O)[C@H](O)C(C)(C)COP(=O)(O)OP(=O)(O)OC[C@H]1O[C@H](n2cnc3c(N)ncnc23)[C@H](O)[C@@H]1OP(=O)(O)O,-0.579727173,-1.496019602,0.74698782
arm_ACOADAGAT18111Z18111Z1845Z9Z12Z15Z,Glycerolipid metabolism,A8IXB2_wild,CCCCCC/C=C\CCCCCCCCCC(=O)OC[C@H](CO)OC(=O)CCCCCCCCC/C=C\CCCCCC,-0.195367202,-1.167093635,0.866179287
arm_ACOADAGAT18111Z18111Z1845Z9Z12Z15Z,Glycerolipid metabolism,A8IXB2_wild,CC/C=C\C/C=C\C/C=C\CC/C=C\CCCC(=O)SCCNC(=O)CCNC(=O)[C@H](O)C(C)(C)COP(=O)(O)OP(=O)(O)OC[C@H]1O[C@H](n2cnc3c(N)ncnc23)[C@H](O)[C@@H]1OP(=O)(O)O,-0.441274941,-1.678317428,1.086244822
arm_ACOADAGAT18111Z18111Z1845Z9Z12Z15Z,Glycerolipid metabolism,A8J110_wild,CCCCCC/C=C\CCCCCCCCCC(=O)OC[C@H](CO)OC(=O)CCCCCCCCC/C=C\CCCCCC,-0.213735059,-1.136588573,0.733385086
arm_ACOADAGAT18111Z18111Z1845Z9Z12Z15Z,Glycerolipid metabolism,A8J110_wild,CC/C=C\C/C=C\C/C=C\CC/C=C\CCCC(=O)SCCNC(=O)CCNC(=O)[C@H](O)C(C)(C)COP(=O)(O)OP(=O)(O)OC[C@H]1O[C@H](n2cnc3c(N)ncnc23)[C@H](O)[C@@H]1OP(=O)(O)O,-0.401623815,-1.675989509,1.063006043
arm_ACOADAGAT18111Z18111Z1845Z9Z12Z15Z,Glycerolipid metabolism,R9YW17_wild,CCCCCC/C=C\CCCCCCCCCC(=O)OC[C@H](CO)OC(=O)CCCCCCCCC/C=C\CCCCCC,-0.086915791,-1.269639492,0.953442454
arm_ACOADAGAT18111Z18111Z1845Z9Z12Z15Z,Glycerolipid metabolism,R9YW17_wild,CC/C=C\C/C=C\C/C=C\CC/C=C\CCCC(=O)SCCNC(=O)CCNC(=O)[C@H](O)C(C)(C)COP(=O)(O)OP(=O)(O)OC[C@H]1O[C@H](n2cnc3c(N)ncnc23)[C@H](O)[C@@H]1OP(=O)(O)O,-0.316542208,-1.931420565,1.206967711
arm_ACOADAGAT18111Z1819Z160,Glycerolipid metabolism,A0A2K3E0F5_wild,CCCCCC/C=C\CCCCCCCCCC(=O)OC[C@H](CO)OC(=O)CCCCCCC/C=C\CCCCCCCC,-0.775422096,-1.267196417,-0.159238383
arm_ACOADAGAT18111Z1819Z160,Glycerolipid metabolism,A0A2K3E0F5_wild,CCCCCCCCCCCCCCCC(=O)SCCNC(=O)CCNC(=O)[C@@H](C(C)(C)COP(=O)([O-])OP(=O)([O-])OC[C@@H]1[C@H]([C@H]([C@@H](O1)N2C=NC3=C(N=CN=C32)N)O)OP(=O)([O-])[O-])O,-0.95089674,-1.913199186,0.114740014
arm_ACOADAGAT18111Z1819Z160,Glycerolipid metabolism,A0A2K3E7S4_wild,CCCCCC/C=C\CCCCCCCCCC(=O)OC[C@H](CO)OC(=O)CCCCCCC/C=C\CCCCCCCC,-0.027429868,-1.442775846,1.159138441
arm_ACOADAGAT18111Z1819Z160,Glycerolipid metabolism,A0A2K3E7S4_wild,CCCCCCCCCCCCCCCC(=O)SCCNC(=O)CCNC(=O)[C@@H](C(C)(C)COP(=O)([O-])OP(=O)([O-])OC[C@@H]1[C@H]([C@H]([C@@H](O1)N2C=NC3=C(N=CN=C32)N)O)OP(=O)([O-])[O-])O,-0.132745713,-2.002805471,1.396184325
arm_ACOADAGAT18111Z1819Z160,Glycerolipid metabolism,A8INZ7_wild,CCCCCC/C=C\CCCCCCCCCC(=O)OC[C@H](CO)OC(=O)CCCCCCC/C=C\CCCCCCCC,-0.347565204,-0.971104443,0.515841901
arm_ACOADAGAT18111Z1819Z160,Glycerolipid metabolism,A8INZ7_wild,CCCCCCCCCCCCCCCC(=O)SCCNC(=O)CCNC(=O)[C@@H](C(C)(C)COP(=O)([O-])OP(=O)([O-])OC[C@@H]1[C@H]([C@H]([C@@H](O1)N2C=NC3=C(N=CN=C32)N)O)OP(=O)([O-])[O-])O,-0.683105588,-1.608872652,0.82840997
arm_ACOADAGAT18111Z1819Z160,Glycerolipid metabolism,A8IXB2_wild,CCCCCC/C=C\CCCCCCCCCC(=O)OC[C@H](CO)OC(=O)CCCCCCC/C=C\CCCCCCCC,-0.167508617,-1.160890341,0.889146626
arm_ACOADAGAT18111Z1819Z160,Glycerolipid metabolism,A8IXB2_wild,CCCCCCCCCCCCCCCC(=O)SCCNC(=O)CCNC(=O)[C@@H](C(C)(C)COP(=O)([O-])OP(=O)([O-])OC[C@@H]1[C@H]([C@H]([C@@H](O1)N2C=NC3=C(N=CN=C32)N)O)OP(=O)([O-])[O-])O,-0.484507859,-1.763291717,1.202972651
arm_ACOADAGAT18111Z1819Z160,Glycerolipid metabolism,A8J110_wild,CCCCCC/C=C\CCCCCCCCCC(=O)OC[C@H](CO)OC(=O)CCCCCCC/C=C\CCCCCCCC,-0.187750489,-1.124494791,0.764210582
arm_ACOADAGAT18111Z1819Z160,Glycerolipid metabolism,A8J110_wild,CCCCCCCCCCCCCCCC(=O)SCCNC(=O)CCNC(=O)[C@@H](C(C)(C)COP(=O)([O-])OP(=O)([O-])OC[C@@H]1[C@H]([C@H]([C@@H](O1)N2C=NC3=C(N=CN=C32)N)O)OP(=O)([O-])[O-])O,-0.464399636,-1.762728453,1.144281149
arm_ACOADAGAT18111Z1819Z160,Glycerolipid metabolism,R9YW17_wild,CCCCCC/C=C\CCCCCCCCCC(=O)OC[C@H](CO)OC(=O)CCCCCCC/C=C\CCCCCCCC,-0.069005445,-1.269247055,0.975807369
arm_ACOADAGAT18111Z1819Z160,Glycerolipid metabolism,R9YW17_wild,CCCCCCCCCCCCCCCC(=O)SCCNC(=O)CCNC(=O)[C@@H](C(C)(C)COP(=O)([O-])OP(=O)([O-])OC[C@@H]1[C@H]([C@H]([C@@H](O1)N2C=NC3=C(N=CN=C32)N)O)OP(=O)([O-])[O-])O,-0.365277857,-1.985770583,1.310820818
arm_ACOADAGAT18111Z1819Z180,Glycerolipid metabolism,A0A2K3E0F5_wild,CCCCCC/C=C\CCCCCCCCCC(=O)OC[C@H](CO)OC(=O)CCCCCCC/C=C\CCCCCCCC,-0.775422096,-1.267196417,-0.159238383
arm_ACOADAGAT18111Z1819Z180,Glycerolipid metabolism,A0A2K3E0F5_wild,CCCCCCCCCCCCCCCCCC(=O)SCCNC(=O)CCNC(=O)[C@@H](C(C)(C)COP(=O)(O)OP(=O)(O)OC[C@@H]1[C@H]([C@H]([C@@H](O1)N2C=NC3=C(N=CN=C32)N)O)OP(=O)(O)O)O,-0.988670468,-2.102882385,0.178239509
arm_ACOADAGAT18111Z1819Z180,Glycerolipid metabolism,A0A2K3E7S4_wild,CCCCCC/C=C\CCCCCCCCCC(=O)OC[C@H](CO)OC(=O)CCCCCCC/C=C\CCCCCCCC,-0.027429868,-1.442775846,1.159138441
arm_ACOADAGAT18111Z1819Z180,Glycerolipid metabolism,A0A2K3E7S4_wild,CCCCCCCCCCCCCCCCCC(=O)SCCNC(=O)CCNC(=O)[C@@H](C(C)(C)COP(=O)(O)OP(=O)(O)OC[C@@H]1[C@H]([C@H]([C@@H](O1)N2C=NC3=C(N=CN=C32)N)O)OP(=O)(O)O)O,-0.181244582,-2.183717728,1.468280315
arm_ACOADAGAT18111Z1819Z180,Glycerolipid metabolism,A8INZ7_wild,CCCCCC/C=C\CCCCCCCCCC(=O)OC[C@H](CO)OC(=O)CCCCCCC/C=C\CCCCCCCC,-0.347565204,-0.971104443,0.515841901
arm_ACOADAGAT18111Z1819Z180,Glycerolipid metabolism,A8INZ7_wild,CCCCCCCCCCCCCCCCCC(=O)SCCNC(=O)CCNC(=O)[C@@H](C(C)(C)COP(=O)(O)OP(=O)(O)OC[C@@H]1[C@H]([C@H]([C@@H](O1)N2C=NC3=C(N=CN=C32)N)O)OP(=O)(O)O)O,-0.679227352,-1.782314897,0.910313606
arm_ACOADAGAT18111Z1819Z180,Glycerolipid metabolism,A8IXB2_wild,CCCCCC/C=C\CCCCCCCCCC(=O)OC[C@H](CO)OC(=O)CCCCCCC/C=C\CCCCCCCC,-0.167508617,-1.160890341,0.889146626
arm_ACOADAGAT18111Z1819Z180,Glycerolipid metabolism,A8IXB2_wild,CCCCCCCCCCCCCCCCCC(=O)SCCNC(=O)CCNC(=O)[C@@H](C(C)(C)COP(=O)(O)OP(=O)(O)OC[C@@H]1[C@H]([C@H]([C@@H](O1)N2C=NC3=C(N=CN=C32)N)O)OP(=O)(O)O)O,-0.506414294,-1.993384361,1.324663281
arm_ACOADAGAT18111Z1819Z180,Glycerolipid metabolism,A8J110_wild,CCCCCC/C=C\CCCCCCCCCC(=O)OC[C@H](CO)OC(=O)CCCCCCC/C=C\CCCCCCCC,-0.187750489,-1.124494791,0.764210582
arm_ACOADAGAT18111Z1819Z180,Glycerolipid metabolism,A8J110_wild,CCCCCCCCCCCCCCCCCC(=O)SCCNC(=O)CCNC(=O)[C@@H](C(C)(C)COP(=O)(O)OP(=O)(O)OC[C@@H]1[C@H]([C@H]([C@@H](O1)N2C=NC3=C(N=CN=C32)N)O)OP(=O)(O)O)O,-0.4894467,-1.954936266,1.246888161
arm_ACOADAGAT18111Z1819Z180,Glycerolipid metabolism,R9YW17_wild,CCCCCC/C=C\CCCCCCCCCC(=O)OC[C@H](CO)OC(=O)CCCCCCC/C=C\CCCCCCCC,-0.069005445,-1.269247055,0.975807369
arm_ACOADAGAT18111Z1819Z180,Glycerolipid metabolism,R9YW17_wild,CCCCCCCCCCCCCCCCCC(=O)SCCNC(=O)CCNC(=O)[C@@H](C(C)(C)COP(=O)(O)OP(=O)(O)OC[C@@H]1[C@H]([C@H]([C@@H](O1)N2C=NC3=C(N=CN=C32)N)O)OP(=O)(O)O)O,-0.383729786,-2.201469183,1.424914002
arm_ACOADAGAT18111Z1819Z18111Z,Glycerolipid metabolism,A0A2K3E0F5_wild,CCCCCC/C=C\CCCCCCCCCC(=O)OC[C@H](CO)OC(=O)CCCCCCC/C=C\CCCCCCCC,-0.775422096,-1.267196417,-0.159238383
arm_ACOADAGAT18111Z1819Z18111Z,Glycerolipid metabolism,A0A2K3E0F5_wild,CCCCCC/C=C\CCCCCCCCCC(=O)SCCNC(=O)CCNC(=O)[C@@H](C(C)(C)COP(=O)(O)OP(=O)(O)OC[C@@H]1[C@H]([C@H]([C@@H](O1)N2C=NC3=C(N=CN=C32)N)O)OP(=O)(O)O)O,-0.958792865,-2.186134338,0.244214967
arm_ACOADAGAT18111Z1819Z18111Z,Glycerolipid metabolism,A0A2K3E7S4_wild,CCCCCC/C=C\CCCCCCCCCC(=O)OC[C@H](CO)OC(=O)CCCCCCC/C=C\CCCCCCCC,-0.027429868,-1.442775846,1.159138441
arm_ACOADAGAT18111Z1819Z18111Z,Glycerolipid metabolism,A0A2K3E7S4_wild,CCCCCC/C=C\CCCCCCCCCC(=O)SCCNC(=O)CCNC(=O)[C@@H](C(C)(C)COP(=O)(O)OP(=O)(O)OC[C@@H]1[C@H]([C@H]([C@@H](O1)N2C=NC3=C(N=CN=C32)N)O)OP(=O)(O)O)O,-0.139606848,-2.265109062,1.54622817
arm_ACOADAGAT18111Z1819Z18111Z,Glycerolipid metabolism,A8INZ7_wild,CCCCCC/C=C\CCCCCCCCCC(=O)OC[C@H](CO)OC(=O)CCCCCCC/C=C\CCCCCCCC,-0.347565204,-0.971104443,0.515841901
arm_ACOADAGAT18111Z1819Z18111Z,Glycerolipid metabolism,A8INZ7_wild,CCCCCC/C=C\CCCCCCCCCC(=O)SCCNC(=O)CCNC(=O)[C@@H](C(C)(C)COP(=O)(O)OP(=O)(O)OC[C@@H]1[C@H]([C@H]([C@@H](O1)N2C=NC3=C(N=CN=C32)N)O)OP(=O)(O)O)O,-0.641332388,-1.850459337,0.998588204
arm_ACOADAGAT18111Z1819Z18111Z,Glycerolipid metabolism,A8IXB2_wild,CCCCCC/C=C\CCCCCCCCCC(=O)OC[C@H](CO)OC(=O)CCCCCCC/C=C\CCCCCCCC,-0.167508617,-1.160890341,0.889146626
arm_ACOADAGAT18111Z1819Z18111Z,Glycerolipid metabolism,A8IXB2_wild,CCCCCC/C=C\CCCCCCCCCC(=O)SCCNC(=O)CCNC(=O)[C@@H](C(C)(C)COP(=O)(O)OP(=O)(O)OC[C@@H]1[C@H]([C@H]([C@@H](O1)N2C=NC3=C(N=CN=C32)N)O)OP(=O)(O)O)O,-0.46555081,-2.05525279,1.414631128
arm_ACOADAGAT18111Z1819Z18111Z,Glycerolipid metabolism,A8J110_wild,CCCCCC/C=C\CCCCCCCCCC(=O)OC[C@H](CO)OC(=O)CCCCCCC/C=C\CCCCCCCC,-0.187750489,-1.124494791,0.764210582
arm_ACOADAGAT18111Z1819Z18111Z,Glycerolipid metabolism,A8J110_wild,CCCCCC/C=C\CCCCCCCCCC(=O)SCCNC(=O)CCNC(=O)[C@@H](C(C)(C)COP(=O)(O)OP(=O)(O)OC[C@@H]1[C@H]([C@H]([C@@H](O1)N2C=NC3=C(N=CN=C32)N)O)OP(=O)(O)O)O,-0.443384349,-2.027663708,1.336664796
arm_ACOADAGAT18111Z1819Z18111Z,Glycerolipid metabolism,R9YW17_wild,CCCCCC/C=C\CCCCCCCCCC(=O)OC[C@H](CO)OC(=O)CCCCCCC/C=C\CCCCCCCC,-0.069005445,-1.269247055,0.975807369
arm_ACOADAGAT18111Z1819Z18111Z,Glycerolipid metabolism,R9YW17_wild,CCCCCC/C=C\CCCCCCCCCC(=O)SCCNC(=O)CCNC(=O)[C@@H](C(C)(C)COP(=O)(O)OP(=O)(O)OC[C@@H]1[C@H]([C@H]([C@@H](O1)N2C=NC3=C(N=CN=C32)N)O)OP(=O)(O)O)O,-0.338522255,-2.278577089,1.511727333
arm_ACOADAGAT18111Z1819Z1819Z,Glycerolipid metabolism,A0A2K3E0F5_wild,CCCCCC/C=C\CCCCCCCCCC(=O)OC[C@H](CO)OC(=O)CCCCCCC/C=C\CCCCCCCC,-0.775422096,-1.267196417,-0.159238383
arm_ACOADAGAT18111Z1819Z1819Z,Glycerolipid metabolism,A0A2K3E0F5_wild,CCCCCCCC/C=C\CCCCCCCC(=O)SCCNC(=O)CCNC(=O)[C@@H](C(C)(C)COP(=O)(O)OP(=O)(O)OC[C@@H]1[C@H]([C@H]([C@@H](O1)N2C=NC3=C(N=CN=C32)N)O)OP(=O)(O)O)O,-0.950058281,-2.188270569,0.229686022
arm_ACOADAGAT18111Z1819Z1819Z,Glycerolipid metabolism,A0A2K3E7S4_wild,CCCCCC/C=C\CCCCCCCCCC(=O)OC[C@H](CO)OC(=O)CCCCCCC/C=C\CCCCCCCC,-0.027429868,-1.442775846,1.159138441
arm_ACOADAGAT18111Z1819Z1819Z,Glycerolipid metabolism,A0A2K3E7S4_wild,CCCCCCCC/C=C\CCCCCCCC(=O)SCCNC(=O)CCNC(=O)[C@@H](C(C)(C)COP(=O)(O)OP(=O)(O)OC[C@@H]1[C@H]([C@H]([C@@H](O1)N2C=NC3=C(N=CN=C32)N)O)OP(=O)(O)O)O,-0.13576813,-2.262068987,1.533686757
arm_ACOADAGAT18111Z1819Z1819Z,Glycerolipid metabolism,A8INZ7_wild,CCCCCC/C=C\CCCCCCCCCC(=O)OC[C@H](CO)OC(=O)CCCCCCC/C=C\CCCCCCCC,-0.347565204,-0.971104443,0.515841901
arm_ACOADAGAT18111Z1819Z1819Z,Glycerolipid metabolism,A8INZ7_wild,CCCCCCCC/C=C\CCCCCCCC(=O)SCCNC(=O)CCNC(=O)[C@@H](C(C)(C)COP(=O)(O)OP(=O)(O)OC[C@@H]1[C@H]([C@H]([C@@H](O1)N2C=NC3=C(N=CN=C32)N)O)OP(=O)(O)O)O,-0.632360101,-1.841377497,0.989084363
arm_ACOADAGAT18111Z1819Z1819Z,Glycerolipid metabolism,A8IXB2_wild,CCCCCC/C=C\CCCCCCCCCC(=O)OC[C@H](CO)OC(=O)CCCCCCC/C=C\CCCCCCCC,-0.167508617,-1.160890341,0.889146626
arm_ACOADAGAT18111Z1819Z1819Z,Glycerolipid metabolism,A8IXB2_wild,CCCCCCCC/C=C\CCCCCCCC(=O)SCCNC(=O)CCNC(=O)[C@@H](C(C)(C)COP(=O)(O)OP(=O)(O)OC[C@@H]1[C@H]([C@H]([C@@H](O1)N2C=NC3=C(N=CN=C32)N)O)OP(=O)(O)O)O,-0.458693653,-2.048892021,1.40261519
arm_ACOADAGAT18111Z1819Z1819Z,Glycerolipid metabolism,A8J110_wild,CCCCCC/C=C\CCCCCCCCCC(=O)OC[C@H](CO)OC(=O)CCCCCCC/C=C\CCCCCCCC,-0.187750489,-1.124494791,0.764210582
arm_ACOADAGAT18111Z1819Z1819Z,Glycerolipid metabolism,A8J110_wild,CCCCCCCC/C=C\CCCCCCCC(=O)SCCNC(=O)CCNC(=O)[C@@H](C(C)(C)COP(=O)(O)OP(=O)(O)OC[C@@H]1[C@H]([C@H]([C@@H](O1)N2C=NC3=C(N=CN=C32)N)O)OP(=O)(O)O)O,-0.430952072,-2.017700195,1.327082753
arm_ACOADAGAT18111Z1819Z1819Z,Glycerolipid metabolism,R9YW17_wild,CCCCCC/C=C\CCCCCCCCCC(=O)OC[C@H](CO)OC(=O)CCCCCCC/C=C\CCCCCCCC,-0.069005445,-1.269247055,0.975807369
arm_ACOADAGAT18111Z1819Z1819Z,Glycerolipid metabolism,R9YW17_wild,CCCCCCCC/C=C\CCCCCCCC(=O)SCCNC(=O)CCNC(=O)[C@@H](C(C)(C)COP(=O)(O)OP(=O)(O)OC[C@@H]1[C@H]([C@H]([C@@H](O1)N2C=NC3=C(N=CN=C32)N)O)OP(=O)(O)O)O,-0.327018589,-2.276785851,1.504701972
arm_ACOADAGAT18111Z1819Z1835Z9Z12Z,Glycerolipid metabolism,A0A2K3E0F5_wild,CCCCCC/C=C\CCCCCCCCCC(=O)OC[C@H](CO)OC(=O)CCCCCCC/C=C\CCCCCCCC,-0.775422096,-1.267196417,-0.159238383
arm_ACOADAGAT18111Z1819Z1835Z9Z12Z,Glycerolipid metabolism,A0A2K3E0F5_wild,CCCCC/C=C\C/C=C\CC/C=C\CCCC(=O)SCCNC(=O)CCNC(=O)[C@H](O)C(C)(C)COP(=O)(O)OP(=O)(O)OC[C@H]1O[C@H](n2cnc3c(N)ncnc23)[C@H](O)[C@@H]1OP(=O)(O)O,-0.955715775,-1.922716737,0.02490272
arm_ACOADAGAT18111Z1819Z1835Z9Z12Z,Glycerolipid metabolism,A0A2K3E7S4_wild,CCCCCC/C=C\CCCCCCCCCC(=O)OC[C@H](CO)OC(=O)CCCCCCC/C=C\CCCCCCCC,-0.027429868,-1.442775846,1.159138441
arm_ACOADAGAT18111Z1819Z1835Z9Z12Z,Glycerolipid metabolism,A0A2K3E7S4_wild,CCCCC/C=C\C/C=C\CC/C=C\CCCC(=O)SCCNC(=O)CCNC(=O)[C@H](O)C(C)(C)COP(=O)(O)OP(=O)(O)OC[C@H]1O[C@H](n2cnc3c(N)ncnc23)[C@H](O)[C@@H]1OP(=O)(O)O,-0.166532278,-2.039987803,1.319892406
arm_ACOADAGAT18111Z1819Z1835Z9Z12Z,Glycerolipid metabolism,A8INZ7_wild,CCCCCC/C=C\CCCCCCCCCC(=O)OC[C@H](CO)OC(=O)CCCCCCC/C=C\CCCCCCCC,-0.347565204,-0.971104443,0.515841901
arm_ACOADAGAT18111Z1819Z1835Z9Z12Z,Glycerolipid metabolism,A8INZ7_wild,CCCCC/C=C\C/C=C\CC/C=C\CCCC(=O)SCCNC(=O)CCNC(=O)[C@H](O)C(C)(C)COP(=O)(O)OP(=O)(O)OC[C@H]1O[C@H](n2cnc3c(N)ncnc23)[C@H](O)[C@@H]1OP(=O)(O)O,-0.685171008,-1.642513633,0.746748149
arm_ACOADAGAT18111Z1819Z1835Z9Z12Z,Glycerolipid metabolism,A8IXB2_wild,CCCCCC/C=C\CCCCCCCCCC(=O)OC[C@H](CO)OC(=O)CCCCCCC/C=C\CCCCCCCC,-0.167508617,-1.160890341,0.889146626
arm_ACOADAGAT18111Z1819Z1835Z9Z12Z,Glycerolipid metabolism,A8IXB2_wild,CCCCC/C=C\C/C=C\CC/C=C\CCCC(=O)SCCNC(=O)CCNC(=O)[C@H](O)C(C)(C)COP(=O)(O)OP(=O)(O)OC[C@H]1O[C@H](n2cnc3c(N)ncnc23)[C@H](O)[C@@H]1OP(=O)(O)O,-0.512004614,-1.82445085,1.100109339
arm_ACOADAGAT18111Z1819Z1835Z9Z12Z,Glycerolipid metabolism,A8J110_wild,CCCCCC/C=C\CCCCCCCCCC(=O)OC[C@H](CO)OC(=O)CCCCCCC/C=C\CCCCCCCC,-0.187750489,-1.124494791,0.764210582
arm_ACOADAGAT18111Z1819Z1835Z9Z12Z,Glycerolipid metabolism,A8J110_wild,CCCCC/C=C\C/C=C\CC/C=C\CCCC(=O)SCCNC(=O)CCNC(=O)[C@H](O)C(C)(C)COP(=O)(O)OP(=O)(O)OC[C@H]1O[C@H](n2cnc3c(N)ncnc23)[C@H](O)[C@@H]1OP(=O)(O)O,-0.494826972,-1.828402877,1.064731717
arm_ACOADAGAT18111Z1819Z1835Z9Z12Z,Glycerolipid metabolism,R9YW17_wild,CCCCCC/C=C\CCCCCCCCCC(=O)OC[C@H](CO)OC(=O)CCCCCCC/C=C\CCCCCCCC,-0.069005445,-1.269247055,0.975807369
arm_ACOADAGAT18111Z1819Z1835Z9Z12Z,Glycerolipid metabolism,R9YW17_wild,CCCCC/C=C\C/C=C\CC/C=C\CCCC(=O)SCCNC(=O)CCNC(=O)[C@H](O)C(C)(C)COP(=O)(O)OP(=O)(O)OC[C@H]1O[C@H](n2cnc3c(N)ncnc23)[C@H](O)[C@@H]1OP(=O)(O)O,-0.402753353,-2.080656528,1.211815
arm_ACOADAGAT18111Z1819Z1845Z9Z12Z15Z,Glycerolipid metabolism,A0A2K3E0F5_wild,CCCCCC/C=C\CCCCCCCCCC(=O)OC[C@H](CO)OC(=O)CCCCCCC/C=C\CCCCCCCC,-0.775422096,-1.267196417,-0.159238383
arm_ACOADAGAT18111Z1819Z1845Z9Z12Z15Z,Glycerolipid metabolism,A0A2K3E0F5_wild,CC/C=C\C/C=C\C/C=C\CC/C=C\CCCC(=O)SCCNC(=O)CCNC(=O)[C@H](O)C(C)(C)COP(=O)(O)OP(=O)(O)OC[C@H]1O[C@H](n2cnc3c(N)ncnc23)[C@H](O)[C@@H]1OP(=O)(O)O,-0.888253868,-1.786203742,-0.002470529
arm_ACOADAGAT18111Z1819Z1845Z9Z12Z15Z,Glycerolipid metabolism,A0A2K3E7S4_wild,CCCCCC/C=C\CCCCCCCCCC(=O)OC[C@H](CO)OC(=O)CCCCCCC/C=C\CCCCCCCC,-0.027429868,-1.442775846,1.159138441
arm_ACOADAGAT18111Z1819Z1845Z9Z12Z15Z,Glycerolipid metabolism,A0A2K3E7S4_wild,CC/C=C\C/C=C\C/C=C\CC/C=C\CCCC(=O)SCCNC(=O)CCNC(=O)[C@H](O)C(C)(C)COP(=O)(O)OP(=O)(O)OC[C@H]1O[C@H](n2cnc3c(N)ncnc23)[C@H](O)[C@@H]1OP(=O)(O)O,-0.051184826,-1.908426523,1.324058771
arm_ACOADAGAT18111Z1819Z1845Z9Z12Z15Z,Glycerolipid metabolism,A8INZ7_wild,CCCCCC/C=C\CCCCCCCCCC(=O)OC[C@H](CO)OC(=O)CCCCCCC/C=C\CCCCCCCC,-0.347565204,-0.971104443,0.515841901
arm_ACOADAGAT18111Z1819Z1845Z9Z12Z15Z,Glycerolipid metabolism,A8INZ7_wild,CC/C=C\C/C=C\C/C=C\CC/C=C\CCCC(=O)SCCNC(=O)CCNC(=O)[C@H](O)C(C)(C)COP(=O)(O)OP(=O)(O)OC[C@H]1O[C@H](n2cnc3c(N)ncnc23)[C@H](O)[C@@H]1OP(=O)(O)O,-0.579727173,-1.496019602,0.74698782
arm_ACOADAGAT18111Z1819Z1845Z9Z12Z15Z,Glycerolipid metabolism,A8IXB2_wild,CCCCCC/C=C\CCCCCCCCCC(=O)OC[C@H](CO)OC(=O)CCCCCCC/C=C\CCCCCCCC,-0.167508617,-1.160890341,0.889146626
arm_ACOADAGAT18111Z1819Z1845Z9Z12Z15Z,Glycerolipid metabolism,A8IXB2_wild,CC/C=C\C/C=C\C/C=C\CC/C=C\CCCC(=O)SCCNC(=O)CCNC(=O)[C@H](O)C(C)(C)COP(=O)(O)OP(=O)(O)OC[C@H]1O[C@H](n2cnc3c(N)ncnc23)[C@H](O)[C@@H]1OP(=O)(O)O,-0.441274941,-1.678317428,1.086244822
arm_ACOADAGAT18111Z1819Z1845Z9Z12Z15Z,Glycerolipid metabolism,A8J110_wild,CCCCCC/C=C\CCCCCCCCCC(=O)OC[C@H](CO)OC(=O)CCCCCCC/C=C\CCCCCCCC,-0.187750489,-1.124494791,0.764210582
arm_ACOADAGAT18111Z1819Z1845Z9Z12Z15Z,Glycerolipid metabolism,A8J110_wild,CC/C=C\C/C=C\C/C=C\CC/C=C\CCCC(=O)SCCNC(=O)CCNC(=O)[C@H](O)C(C)(C)COP(=O)(O)OP(=O)(O)OC[C@H]1O[C@H](n2cnc3c(N)ncnc23)[C@H](O)[C@@H]1OP(=O)(O)O,-0.401623815,-1.675989509,1.063006043
arm_ACOADAGAT18111Z1819Z1845Z9Z12Z15Z,Glycerolipid metabolism,R9YW17_wild,CCCCCC/C=C\CCCCCCCCCC(=O)OC[C@H](CO)OC(=O)CCCCCCC/C=C\CCCCCCCC,-0.069005445,-1.269247055,0.975807369
arm_ACOADAGAT18111Z1819Z1845Z9Z12Z15Z,Glycerolipid metabolism,R9YW17_wild,CC/C=C\C/C=C\C/C=C\CC/C=C\CCCC(=O)SCCNC(=O)CCNC(=O)[C@H](O)C(C)(C)COP(=O)(O)OP(=O)(O)OC[C@H]1O[C@H](n2cnc3c(N)ncnc23)[C@H](O)[C@@H]1OP(=O)(O)O,-0.316542208,-1.931420565,1.206967711
arm_ACOADAGAT1819Z18111Z160,Glycerolipid metabolism,A0A2K3E0F5_wild,CCCCCCCC/C=C\CCCCCCCC(=O)OC[C@H](CO)OC(=O)CCCCCCCCC/C=C\CCCCCC,-0.848012745,-1.422929168,-0.184397891
arm_ACOADAGAT1819Z18111Z160,Glycerolipid metabolism,A0A2K3E0F5_wild,CCCCCCCCCCCCCCCC(=O)SCCNC(=O)CCNC(=O)[C@@H](C(C)(C)COP(=O)([O-])OP(=O)([O-])OC[C@@H]1[C@H]([C@H]([C@@H](O1)N2C=NC3=C(N=CN=C32)N)O)OP(=O)([O-])[O-])O,-0.95089674,-1.913199186,0.114740014
arm_ACOADAGAT1819Z18111Z160,Glycerolipid metabolism,A0A2K3E7S4_wild,CCCCCCCC/C=C\CCCCCCCC(=O)OC[C@H](CO)OC(=O)CCCCCCCCC/C=C\CCCCCC,-0.116945527,-1.530277252,1.114857674
arm_ACOADAGAT1819Z18111Z160,Glycerolipid metabolism,A0A2K3E7S4_wild,CCCCCCCCCCCCCCCC(=O)SCCNC(=O)CCNC(=O)[C@@H](C(C)(C)COP(=O)([O-])OP(=O)([O-])OC[C@@H]1[C@H]([C@H]([C@@H](O1)N2C=NC3=C(N=CN=C32)N)O)OP(=O)([O-])[O-])O,-0.132745713,-2.002805471,1.396184325
arm_ACOADAGAT1819Z18111Z160,Glycerolipid metabolism,A8INZ7_wild,CCCCCCCC/C=C\CCCCCCCC(=O)OC[C@H](CO)OC(=O)CCCCCCCCC/C=C\CCCCCC,-0.41277498,-1.08348763,0.488586962
arm_ACOADAGAT1819Z18111Z160,Glycerolipid metabolism,A8INZ7_wild,CCCCCCCCCCCCCCCC(=O)SCCNC(=O)CCNC(=O)[C@@H](C(C)(C)COP(=O)([O-])OP(=O)([O-])OC[C@@H]1[C@H]([C@H]([C@@H](O1)N2C=NC3=C(N=CN=C32)N)O)OP(=O)([O-])[O-])O,-0.683105588,-1.608872652,0.82840997
arm_ACOADAGAT1819Z18111Z160,Glycerolipid metabolism,A8IXB2_wild,CCCCCCCC/C=C\CCCCCCCC(=O)OC[C@H](CO)OC(=O)CCCCCCCCC/C=C\CCCCCC,-0.245370656,-1.283768892,0.872933865
arm_ACOADAGAT1819Z18111Z160,Glycerolipid metabolism,A8IXB2_wild,CCCCCCCCCCCCCCCC(=O)SCCNC(=O)CCNC(=O)[C@@H](C(C)(C)COP(=O)([O-])OP(=O)([O-])OC[C@@H]1[C@H]([C@H]([C@@H](O1)N2C=NC3=C(N=CN=C32)N)O)OP(=O)([O-])[O-])O,-0.484507859,-1.763291717,1.202972651
arm_ACOADAGAT1819Z18111Z160,Glycerolipid metabolism,A8J110_wild,CCCCCCCC/C=C\CCCCCCCC(=O)OC[C@H](CO)OC(=O)CCCCCCCCC/C=C\CCCCCC,-0.257274002,-1.239363432,0.747390866
arm_ACOADAGAT1819Z18111Z160,Glycerolipid metabolism,A8J110_wild,CCCCCCCCCCCCCCCC(=O)SCCNC(=O)CCNC(=O)[C@@H](C(C)(C)COP(=O)([O-])OP(=O)([O-])OC[C@@H]1[C@H]([C@H]([C@@H](O1)N2C=NC3=C(N=CN=C32)N)O)OP(=O)([O-])[O-])O,-0.464399636,-1.762728453,1.144281149
arm_ACOADAGAT1819Z18111Z160,Glycerolipid metabolism,R9YW17_wild,CCCCCCCC/C=C\CCCCCCCC(=O)OC[C@H](CO)OC(=O)CCCCCCCCC/C=C\CCCCCC,-0.14025566,-1.391858339,0.963616967
arm_ACOADAGAT1819Z18111Z160,Glycerolipid metabolism,R9YW17_wild,CCCCCCCCCCCCCCCC(=O)SCCNC(=O)CCNC(=O)[C@@H](C(C)(C)COP(=O)([O-])OP(=O)([O-])OC[C@@H]1[C@H]([C@H]([C@@H](O1)N2C=NC3=C(N=CN=C32)N)O)OP(=O)([O-])[O-])O,-0.365277857,-1.985770583,1.310820818
arm_ACOADAGAT1819Z18111Z180,Glycerolipid metabolism,A0A2K3E0F5_wild,CCCCCCCC/C=C\CCCCCCCC(=O)OC[C@H](CO)OC(=O)CCCCCCCCC/C=C\CCCCCC,-0.848012745,-1.422929168,-0.184397891
arm_ACOADAGAT1819Z18111Z180,Glycerolipid metabolism,A0A2K3E0F5_wild,CCCCCCCCCCCCCCCCCC(=O)SCCNC(=O)CCNC(=O)[C@@H](C(C)(C)COP(=O)(O)OP(=O)(O)OC[C@@H]1[C@H]([C@H]([C@@H](O1)N2C=NC3=C(N=CN=C32)N)O)OP(=O)(O)O)O,-0.988670468,-2.102882385,0.178239509
arm_ACOADAGAT1819Z18111Z180,Glycerolipid metabolism,A0A2K3E7S4_wild,CCCCCCCC/C=C\CCCCCCCC(=O)OC[C@H](CO)OC(=O)CCCCCCCCC/C=C\CCCCCC,-0.116945527,-1.530277252,1.114857674
arm_ACOADAGAT1819Z18111Z180,Glycerolipid metabolism,A0A2K3E7S4_wild,CCCCCCCCCCCCCCCCCC(=O)SCCNC(=O)CCNC(=O)[C@@H](C(C)(C)COP(=O)(O)OP(=O)(O)OC[C@@H]1[C@H]([C@H]([C@@H](O1)N2C=NC3=C(N=CN=C32)N)O)OP(=O)(O)O)O,-0.181244582,-2.183717728,1.468280315
arm_ACOADAGAT1819Z18111Z180,Glycerolipid metabolism,A8INZ7_wild,CCCCCCCC/C=C\CCCCCCCC(=O)OC[C@H](CO)OC(=O)CCCCCCCCC/C=C\CCCCCC,-0.41277498,-1.08348763,0.488586962
arm_ACOADAGAT1819Z18111Z180,Glycerolipid metabolism,A8INZ7_wild,CCCCCCCCCCCCCCCCCC(=O)SCCNC(=O)CCNC(=O)[C@@H](C(C)(C)COP(=O)(O)OP(=O)(O)OC[C@@H]1[C@H]([C@H]([C@@H](O1)N2C=NC3=C(N=CN=C32)N)O)OP(=O)(O)O)O,-0.679227352,-1.782314897,0.910313606
arm_ACOADAGAT1819Z18111Z180,Glycerolipid metabolism,A8IXB2_wild,CCCCCCCC/C=C\CCCCCCCC(=O)OC[C@H](CO)OC(=O)CCCCCCCCC/C=C\CCCCCC,-0.245370656,-1.283768892,0.872933865
arm_ACOADAGAT1819Z18111Z180,Glycerolipid metabolism,A8IXB2_wild,CCCCCCCCCCCCCCCCCC(=O)SCCNC(=O)CCNC(=O)[C@@H](C(C)(C)COP(=O)(O)OP(=O)(O)OC[C@@H]1[C@H]([C@H]([C@@H](O1)N2C=NC3=C(N=CN=C32)N)O)OP(=O)(O)O)O,-0.506414294,-1.993384361,1.324663281
arm_ACOADAGAT1819Z18111Z180,Glycerolipid metabolism,A8J110_wild,CCCCCCCC/C=C\CCCCCCCC(=O)OC[C@H](CO)OC(=O)CCCCCCCCC/C=C\CCCCCC,-0.257274002,-1.239363432,0.747390866
arm_ACOADAGAT1819Z18111Z180,Glycerolipid metabolism,A8J110_wild,CCCCCCCCCCCCCCCCCC(=O)SCCNC(=O)CCNC(=O)[C@@H](C(C)(C)COP(=O)(O)OP(=O)(O)OC[C@@H]1[C@H]([C@H]([C@@H](O1)N2C=NC3=C(N=CN=C32)N)O)OP(=O)(O)O)O,-0.4894467,-1.954936266,1.246888161
arm_ACOADAGAT1819Z18111Z180,Glycerolipid metabolism,R9YW17_wild,CCCCCCCC/C=C\CCCCCCCC(=O)OC[C@H](CO)OC(=O)CCCCCCCCC/C=C\CCCCCC,-0.14025566,-1.391858339,0.963616967
arm_ACOADAGAT1819Z18111Z180,Glycerolipid metabolism,R9YW17_wild,CCCCCCCCCCCCCCCCCC(=O)SCCNC(=O)CCNC(=O)[C@@H](C(C)(C)COP(=O)(O)OP(=O)(O)OC[C@@H]1[C@H]([C@H]([C@@H](O1)N2C=NC3=C(N=CN=C32)N)O)OP(=O)(O)O)O,-0.383729786,-2.201469183,1.424914002
arm_ACOADAGAT1819Z18111Z18111Z,Glycerolipid metabolism,A0A2K3E0F5_wild,CCCCCCCC/C=C\CCCCCCCC(=O)OC[C@H](CO)OC(=O)CCCCCCCCC/C=C\CCCCCC,-0.848012745,-1.422929168,-0.184397891
arm_ACOADAGAT1819Z18111Z18111Z,Glycerolipid metabolism,A0A2K3E0F5_wild,CCCCCC/C=C\CCCCCCCCCC(=O)SCCNC(=O)CCNC(=O)[C@@H](C(C)(C)COP(=O)(O)OP(=O)(O)OC[C@@H]1[C@H]([C@H]([C@@H](O1)N2C=NC3=C(N=CN=C32)N)O)OP(=O)(O)O)O,-0.958792865,-2.186134338,0.244214967
arm_ACOADAGAT1819Z18111Z18111Z,Glycerolipid metabolism,A0A2K3E7S4_wild,CCCCCCCC/C=C\CCCCCCCC(=O)OC[C@H](CO)OC(=O)CCCCCCCCC/C=C\CCCCCC,-0.116945527,-1.530277252,1.114857674
arm_ACOADAGAT1819Z18111Z18111Z,Glycerolipid metabolism,A0A2K3E7S4_wild,CCCCCC/C=C\CCCCCCCCCC(=O)SCCNC(=O)CCNC(=O)[C@@H](C(C)(C)COP(=O)(O)OP(=O)(O)OC[C@@H]1[C@H]([C@H]([C@@H](O1)N2C=NC3=C(N=CN=C32)N)O)OP(=O)(O)O)O,-0.139606848,-2.265109062,1.54622817
arm_ACOADAGAT1819Z18111Z18111Z,Glycerolipid metabolism,A8INZ7_wild,CCCCCCCC/C=C\CCCCCCCC(=O)OC[C@H](CO)OC(=O)CCCCCCCCC/C=C\CCCCCC,-0.41277498,-1.08348763,0.488586962
arm_ACOADAGAT1819Z18111Z18111Z,Glycerolipid metabolism,A8INZ7_wild,CCCCCC/C=C\CCCCCCCCCC(=O)SCCNC(=O)CCNC(=O)[C@@H](C(C)(C)COP(=O)(O)OP(=O)(O)OC[C@@H]1[C@H]([C@H]([C@@H](O1)N2C=NC3=C(N=CN=C32)N)O)OP(=O)(O)O)O,-0.641332388,-1.850459337,0.998588204
arm_ACOADAGAT1819Z18111Z18111Z,Glycerolipid metabolism,A8IXB2_wild,CCCCCCCC/C=C\CCCCCCCC(=O)OC[C@H](CO)OC(=O)CCCCCCCCC/C=C\CCCCCC,-0.245370656,-1.283768892,0.872933865
arm_ACOADAGAT1819Z18111Z18111Z,Glycerolipid metabolism,A8IXB2_wild,CCCCCC/C=C\CCCCCCCCCC(=O)SCCNC(=O)CCNC(=O)[C@@H](C(C)(C)COP(=O)(O)OP(=O)(O)OC[C@@H]1[C@H]([C@H]([C@@H](O1)N2C=NC3=C(N=CN=C32)N)O)OP(=O)(O)O)O,-0.46555081,-2.05525279,1.414631128
arm_ACOADAGAT1819Z18111Z18111Z,Glycerolipid metabolism,A8J110_wild,CCCCCCCC/C=C\CCCCCCCC(=O)OC[C@H](CO)OC(=O)CCCCCCCCC/C=C\CCCCCC,-0.257274002,-1.239363432,0.747390866
arm_ACOADAGAT1819Z18111Z18111Z,Glycerolipid metabolism,A8J110_wild,CCCCCC/C=C\CCCCCCCCCC(=O)SCCNC(=O)CCNC(=O)[C@@H](C(C)(C)COP(=O)(O)OP(=O)(O)OC[C@@H]1[C@H]([C@H]([C@@H](O1)N2C=NC3=C(N=CN=C32)N)O)OP(=O)(O)O)O,-0.443384349,-2.027663708,1.336664796
arm_ACOADAGAT1819Z18111Z18111Z,Glycerolipid metabolism,R9YW17_wild,CCCCCCCC/C=C\CCCCCCCC(=O)OC[C@H](CO)OC(=O)CCCCCCCCC/C=C\CCCCCC,-0.14025566,-1.391858339,0.963616967
arm_ACOADAGAT1819Z18111Z18111Z,Glycerolipid metabolism,R9YW17_wild,CCCCCC/C=C\CCCCCCCCCC(=O)SCCNC(=O)CCNC(=O)[C@@H](C(C)(C)COP(=O)(O)OP(=O)(O)OC[C@@H]1[C@H]([C@H]([C@@H](O1)N2C=NC3=C(N=CN=C32)N)O)OP(=O)(O)O)O,-0.338522255,-2.278577089,1.511727333
arm_ACOADAGAT1819Z18111Z1819Z,Glycerolipid metabolism,A0A2K3E0F5_wild,CCCCCCCC/C=C\CCCCCCCC(=O)OC[C@H](CO)OC(=O)CCCCCCCCC/C=C\CCCCCC,-0.848012745,-1.422929168,-0.184397891
arm_ACOADAGAT1819Z18111Z1819Z,Glycerolipid metabolism,A0A2K3E0F5_wild,CCCCCCCC/C=C\CCCCCCCC(=O)SCCNC(=O)CCNC(=O)[C@@H](C(C)(C)COP(=O)(O)OP(=O)(O)OC[C@@H]1[C@H]([C@H]([C@@H](O1)N2C=NC3=C(N=CN=C32)N)O)OP(=O)(O)O)O,-0.950058281,-2.188270569,0.229686022
arm_ACOADAGAT1819Z18111Z1819Z,Glycerolipid metabolism,A0A2K3E7S4_wild,CCCCCCCC/C=C\CCCCCCCC(=O)OC[C@H](CO)OC(=O)CCCCCCCCC/C=C\CCCCCC,-0.116945527,-1.530277252,1.114857674
arm_ACOADAGAT1819Z18111Z1819Z,Glycerolipid metabolism,A0A2K3E7S4_wild,CCCCCCCC/C=C\CCCCCCCC(=O)SCCNC(=O)CCNC(=O)[C@@H](C(C)(C)COP(=O)(O)OP(=O)(O)OC[C@@H]1[C@H]([C@H]([C@@H](O1)N2C=NC3=C(N=CN=C32)N)O)OP(=O)(O)O)O,-0.13576813,-2.262068987,1.533686757
arm_ACOADAGAT1819Z18111Z1819Z,Glycerolipid metabolism,A8INZ7_wild,CCCCCCCC/C=C\CCCCCCCC(=O)OC[C@H](CO)OC(=O)CCCCCCCCC/C=C\CCCCCC,-0.41277498,-1.08348763,0.488586962
arm_ACOADAGAT1819Z18111Z1819Z,Glycerolipid metabolism,A8INZ7_wild,CCCCCCCC/C=C\CCCCCCCC(=O)SCCNC(=O)CCNC(=O)[C@@H](C(C)(C)COP(=O)(O)OP(=O)(O)OC[C@@H]1[C@H]([C@H]([C@@H](O1)N2C=NC3=C(N=CN=C32)N)O)OP(=O)(O)O)O,-0.632360101,-1.841377497,0.989084363
arm_ACOADAGAT1819Z18111Z1819Z,Glycerolipid metabolism,A8IXB2_wild,CCCCCCCC/C=C\CCCCCCCC(=O)OC[C@H](CO)OC(=O)CCCCCCCCC/C=C\CCCCCC,-0.245370656,-1.283768892,0.872933865
arm_ACOADAGAT1819Z18111Z1819Z,Glycerolipid metabolism,A8IXB2_wild,CCCCCCCC/C=C\CCCCCCCC(=O)SCCNC(=O)CCNC(=O)[C@@H](C(C)(C)COP(=O)(O)OP(=O)(O)OC[C@@H]1[C@H]([C@H]([C@@H](O1)N2C=NC3=C(N=CN=C32)N)O)OP(=O)(O)O)O,-0.458693653,-2.048892021,1.40261519
arm_ACOADAGAT1819Z18111Z1819Z,Glycerolipid metabolism,A8J110_wild,CCCCCCCC/C=C\CCCCCCCC(=O)OC[C@H](CO)OC(=O)CCCCCCCCC/C=C\CCCCCC,-0.257274002,-1.239363432,0.747390866
arm_ACOADAGAT1819Z18111Z1819Z,Glycerolipid metabolism,A8J110_wild,CCCCCCCC/C=C\CCCCCCCC(=O)SCCNC(=O)CCNC(=O)[C@@H](C(C)(C)COP(=O)(O)OP(=O)(O)OC[C@@H]1[C@H]([C@H]([C@@H](O1)N2C=NC3=C(N=CN=C32)N)O)OP(=O)(O)O)O,-0.430952072,-2.017700195,1.327082753
arm_ACOADAGAT1819Z18111Z1819Z,Glycerolipid metabolism,R9YW17_wild,CCCCCCCC/C=C\CCCCCCCC(=O)OC[C@H](CO)OC(=O)CCCCCCCCC/C=C\CCCCCC,-0.14025566,-1.391858339,0.963616967
arm_ACOADAGAT1819Z18111Z1819Z,Glycerolipid metabolism,R9YW17_wild,CCCCCCCC/C=C\CCCCCCCC(=O)SCCNC(=O)CCNC(=O)[C@@H](C(C)(C)COP(=O)(O)OP(=O)(O)OC[C@@H]1[C@H]([C@H]([C@@H](O1)N2C=NC3=C(N=CN=C32)N)O)OP(=O)(O)O)O,-0.327018589,-2.276785851,1.504701972
arm_ACOADAGAT1819Z18111Z1835Z9Z12Z,Glycerolipid metabolism,A0A2K3E0F5_wild,CCCCCCCC/C=C\CCCCCCCC(=O)OC[C@H](CO)OC(=O)CCCCCCCCC/C=C\CCCCCC,-0.848012745,-1.422929168,-0.184397891
arm_ACOADAGAT1819Z18111Z1835Z9Z12Z,Glycerolipid metabolism,A0A2K3E0F5_wild,CCCCC/C=C\C/C=C\CC/C=C\CCCC(=O)SCCNC(=O)CCNC(=O)[C@H](O)C(C)(C)COP(=O)(O)OP(=O)(O)OC[C@H]1O[C@H](n2cnc3c(N)ncnc23)[C@H](O)[C@@H]1OP(=O)(O)O,-0.955715775,-1.922716737,0.02490272
arm_ACOADAGAT1819Z18111Z1835Z9Z12Z,Glycerolipid metabolism,A0A2K3E7S4_wild,CCCCCCCC/C=C\CCCCCCCC(=O)OC[C@H](CO)OC(=O)CCCCCCCCC/C=C\CCCCCC,-0.116945527,-1.530277252,1.114857674
arm_ACOADAGAT1819Z18111Z1835Z9Z12Z,Glycerolipid metabolism,A0A2K3E7S4_wild,CCCCC/C=C\C/C=C\CC/C=C\CCCC(=O)SCCNC(=O)CCNC(=O)[C@H](O)C(C)(C)COP(=O)(O)OP(=O)(O)OC[C@H]1O[C@H](n2cnc3c(N)ncnc23)[C@H](O)[C@@H]1OP(=O)(O)O,-0.166532278,-2.039987803,1.319892406
arm_ACOADAGAT1819Z18111Z1835Z9Z12Z,Glycerolipid metabolism,A8INZ7_wild,CCCCCCCC/C=C\CCCCCCCC(=O)OC[C@H](CO)OC(=O)CCCCCCCCC/C=C\CCCCCC,-0.41277498,-1.08348763,0.488586962
arm_ACOADAGAT1819Z18111Z1835Z9Z12Z,Glycerolipid metabolism,A8INZ7_wild,CCCCC/C=C\C/C=C\CC/C=C\CCCC(=O)SCCNC(=O)CCNC(=O)[C@H](O)C(C)(C)COP(=O)(O)OP(=O)(O)OC[C@H]1O[C@H](n2cnc3c(N)ncnc23)[C@H](O)[C@@H]1OP(=O)(O)O,-0.685171008,-1.642513633,0.746748149
arm_ACOADAGAT1819Z18111Z1835Z9Z12Z,Glycerolipid metabolism,A8IXB2_wild,CCCCCCCC/C=C\CCCCCCCC(=O)OC[C@H](CO)OC(=O)CCCCCCCCC/C=C\CCCCCC,-0.245370656,-1.283768892,0.872933865
arm_ACOADAGAT1819Z18111Z1835Z9Z12Z,Glycerolipid metabolism,A8IXB2_wild,CCCCC/C=C\C/C=C\CC/C=C\CCCC(=O)SCCNC(=O)CCNC(=O)[C@H](O)C(C)(C)COP(=O)(O)OP(=O)(O)OC[C@H]1O[C@H](n2cnc3c(N)ncnc23)[C@H](O)[C@@H]1OP(=O)(O)O,-0.512004614,-1.82445085,1.100109339
arm_ACOADAGAT1819Z18111Z1835Z9Z12Z,Glycerolipid metabolism,A8J110_wild,CCCCCCCC/C=C\CCCCCCCC(=O)OC[C@H](CO)OC(=O)CCCCCCCCC/C=C\CCCCCC,-0.257274002,-1.239363432,0.747390866
arm_ACOADAGAT1819Z18111Z1835Z9Z12Z,Glycerolipid metabolism,A8J110_wild,CCCCC/C=C\C/C=C\CC/C=C\CCCC(=O)SCCNC(=O)CCNC(=O)[C@H](O)C(C)(C)COP(=O)(O)OP(=O)(O)OC[C@H]1O[C@H](n2cnc3c(N)ncnc23)[C@H](O)[C@@H]1OP(=O)(O)O,-0.494826972,-1.828402877,1.064731717
arm_ACOADAGAT1819Z18111Z1835Z9Z12Z,Glycerolipid metabolism,R9YW17_wild,CCCCCCCC/C=C\CCCCCCCC(=O)OC[C@H](CO)OC(=O)CCCCCCCCC/C=C\CCCCCC,-0.14025566,-1.391858339,0.963616967
arm_ACOADAGAT1819Z18111Z1835Z9Z12Z,Glycerolipid metabolism,R9YW17_wild,CCCCC/C=C\C/C=C\CC/C=C\CCCC(=O)SCCNC(=O)CCNC(=O)[C@H](O)C(C)(C)COP(=O)(O)OP(=O)(O)OC[C@H]1O[C@H](n2cnc3c(N)ncnc23)[C@H](O)[C@@H]1OP(=O)(O)O,-0.402753353,-2.080656528,1.211815
arm_ACOADAGAT1819Z18111Z1845Z9Z12Z15Z,Glycerolipid metabolism,A0A2K3E0F5_wild,CCCCCCCC/C=C\CCCCCCCC(=O)OC[C@H](CO)OC(=O)CCCCCCCCC/C=C\CCCCCC,-0.848012745,-1.422929168,-0.184397891
arm_ACOADAGAT1819Z18111Z1845Z9Z12Z15Z,Glycerolipid metabolism,A0A2K3E0F5_wild,CC/C=C\C/C=C\C/C=C\CC/C=C\CCCC(=O)SCCNC(=O)CCNC(=O)[C@H](O)C(C)(C)COP(=O)(O)OP(=O)(O)OC[C@H]1O[C@H](n2cnc3c(N)ncnc23)[C@H](O)[C@@H]1OP(=O)(O)O,-0.888253868,-1.786203742,-0.002470529
arm_ACOADAGAT1819Z18111Z1845Z9Z12Z15Z,Glycerolipid metabolism,A0A2K3E7S4_wild,CCCCCCCC/C=C\CCCCCCCC(=O)OC[C@H](CO)OC(=O)CCCCCCCCC/C=C\CCCCCC,-0.116945527,-1.530277252,1.114857674
arm_ACOADAGAT1819Z18111Z1845Z9Z12Z15Z,Glycerolipid metabolism,A0A2K3E7S4_wild,CC/C=C\C/C=C\C/C=C\CC/C=C\CCCC(=O)SCCNC(=O)CCNC(=O)[C@H](O)C(C)(C)COP(=O)(O)OP(=O)(O)OC[C@H]1O[C@H](n2cnc3c(N)ncnc23)[C@H](O)[C@@H]1OP(=O)(O)O,-0.051184826,-1.908426523,1.324058771
arm_ACOADAGAT1819Z18111Z1845Z9Z12Z15Z,Glycerolipid metabolism,A8INZ7_wild,CCCCCCCC/C=C\CCCCCCCC(=O)OC[C@H](CO)OC(=O)CCCCCCCCC/C=C\CCCCCC,-0.41277498,-1.08348763,0.488586962
arm_ACOADAGAT1819Z18111Z1845Z9Z12Z15Z,Glycerolipid metabolism,A8INZ7_wild,CC/C=C\C/C=C\C/C=C\CC/C=C\CCCC(=O)SCCNC(=O)CCNC(=O)[C@H](O)C(C)(C)COP(=O)(O)OP(=O)(O)OC[C@H]1O[C@H](n2cnc3c(N)ncnc23)[C@H](O)[C@@H]1OP(=O)(O)O,-0.579727173,-1.496019602,0.74698782
arm_ACOADAGAT1819Z18111Z1845Z9Z12Z15Z,Glycerolipid metabolism,A8IXB2_wild,CCCCCCCC/C=C\CCCCCCCC(=O)OC[C@H](CO)OC(=O)CCCCCCCCC/C=C\CCCCCC,-0.245370656,-1.283768892,0.872933865
arm_ACOADAGAT1819Z18111Z1845Z9Z12Z15Z,Glycerolipid metabolism,A8IXB2_wild,CC/C=C\C/C=C\C/C=C\CC/C=C\CCCC(=O)SCCNC(=O)CCNC(=O)[C@H](O)C(C)(C)COP(=O)(O)OP(=O)(O)OC[C@H]1O[C@H](n2cnc3c(N)ncnc23)[C@H](O)[C@@H]1OP(=O)(O)O,-0.441274941,-1.678317428,1.086244822
arm_ACOADAGAT1819Z18111Z1845Z9Z12Z15Z,Glycerolipid metabolism,A8J110_wild,CCCCCCCC/C=C\CCCCCCCC(=O)OC[C@H](CO)OC(=O)CCCCCCCCC/C=C\CCCCCC,-0.257274002,-1.239363432,0.747390866
arm_ACOADAGAT1819Z18111Z1845Z9Z12Z15Z,Glycerolipid metabolism,A8J110_wild,CC/C=C\C/C=C\C/C=C\CC/C=C\CCCC(=O)SCCNC(=O)CCNC(=O)[C@H](O)C(C)(C)COP(=O)(O)OP(=O)(O)OC[C@H]1O[C@H](n2cnc3c(N)ncnc23)[C@H](O)[C@@H]1OP(=O)(O)O,-0.401623815,-1.675989509,1.063006043
arm_ACOADAGAT1819Z18111Z1845Z9Z12Z15Z,Glycerolipid metabolism,R9YW17_wild,CCCCCCCC/C=C\CCCCCCCC(=O)OC[C@H](CO)OC(=O)CCCCCCCCC/C=C\CCCCCC,-0.14025566,-1.391858339,0.963616967
arm_ACOADAGAT1819Z18111Z1845Z9Z12Z15Z,Glycerolipid metabolism,R9YW17_wild,CC/C=C\C/C=C\C/C=C\CC/C=C\CCCC(=O)SCCNC(=O)CCNC(=O)[C@H](O)C(C)(C)COP(=O)(O)OP(=O)(O)OC[C@H]1O[C@H](n2cnc3c(N)ncnc23)[C@H](O)[C@@H]1OP(=O)(O)O,-0.316542208,-1.931420565,1.206967711
arm_ACOADAGAT1819Z1819Z160,Glycerolipid metabolism,A0A2K3E0F5_wild,CCCCCCCC/C=C\CCCCCCCC(=O)OC[C@H](CO)OC(=O)CCCCCCC/C=C\CCCCCCCC,-0.841779888,-1.401867509,-0.155131802
arm_ACOADAGAT1819Z1819Z160,Glycerolipid metabolism,A0A2K3E0F5_wild,CCCCCCCCCCCCCCCC(=O)SCCNC(=O)CCNC(=O)[C@@H](C(C)(C)COP(=O)([O-])OP(=O)([O-])OC[C@@H]1[C@H]([C@H]([C@@H](O1)N2C=NC3=C(N=CN=C32)N)O)OP(=O)([O-])[O-])O,-0.95089674,-1.913199186,0.114740014
arm_ACOADAGAT1819Z1819Z160,Glycerolipid metabolism,A0A2K3E7S4_wild,CCCCCCCC/C=C\CCCCCCCC(=O)OC[C@H](CO)OC(=O)CCCCCCC/C=C\CCCCCCCC,-0.111850165,-1.526998758,1.145325899
arm_ACOADAGAT1819Z1819Z160,Glycerolipid metabolism,A0A2K3E7S4_wild,CCCCCCCCCCCCCCCC(=O)SCCNC(=O)CCNC(=O)[C@@H](C(C)(C)COP(=O)([O-])OP(=O)([O-])OC[C@@H]1[C@H]([C@H]([C@@H](O1)N2C=NC3=C(N=CN=C32)N)O)OP(=O)([O-])[O-])O,-0.132745713,-2.002805471,1.396184325
arm_ACOADAGAT1819Z1819Z160,Glycerolipid metabolism,A8INZ7_wild,CCCCCCCC/C=C\CCCCCCCC(=O)OC[C@H](CO)OC(=O)CCCCCCC/C=C\CCCCCCCC,-0.399151176,-1.059081197,0.515234709
arm_ACOADAGAT1819Z1819Z160,Glycerolipid metabolism,A8INZ7_wild,CCCCCCCCCCCCCCCC(=O)SCCNC(=O)CCNC(=O)[C@@H](C(C)(C)COP(=O)([O-])OP(=O)([O-])OC[C@@H]1[C@H]([C@H]([C@@H](O1)N2C=NC3=C(N=CN=C32)N)O)OP(=O)([O-])[O-])O,-0.683105588,-1.608872652,0.82840997
arm_ACOADAGAT1819Z1819Z160,Glycerolipid metabolism,A8IXB2_wild,CCCCCCCC/C=C\CCCCCCCC(=O)OC[C@H](CO)OC(=O)CCCCCCC/C=C\CCCCCCCC,-0.231775835,-1.264286399,0.895719886
arm_ACOADAGAT1819Z1819Z160,Glycerolipid metabolism,A8IXB2_wild,CCCCCCCCCCCCCCCC(=O)SCCNC(=O)CCNC(=O)[C@@H](C(C)(C)COP(=O)([O-])OP(=O)([O-])OC[C@@H]1[C@H]([C@H]([C@@H](O1)N2C=NC3=C(N=CN=C32)N)O)OP(=O)([O-])[O-])O,-0.484507859,-1.763291717,1.202972651
arm_ACOADAGAT1819Z1819Z160,Glycerolipid metabolism,A8J110_wild,CCCCCCCC/C=C\CCCCCCCC(=O)OC[C@H](CO)OC(=O)CCCCCCC/C=C\CCCCCCCC,-0.246173665,-1.215621114,0.776031733
arm_ACOADAGAT1819Z1819Z160,Glycerolipid metabolism,A8J110_wild,CCCCCCCCCCCCCCCC(=O)SCCNC(=O)CCNC(=O)[C@@H](C(C)(C)COP(=O)([O-])OP(=O)([O-])OC[C@@H]1[C@H]([C@H]([C@@H](O1)N2C=NC3=C(N=CN=C32)N)O)OP(=O)([O-])[O-])O,-0.464399636,-1.762728453,1.144281149
arm_ACOADAGAT1819Z1819Z160,Glycerolipid metabolism,R9YW17_wild,CCCCCCCC/C=C\CCCCCCCC(=O)OC[C@H](CO)OC(=O)CCCCCCC/C=C\CCCCCCCC,-0.134657875,-1.383265257,0.987733841
arm_ACOADAGAT1819Z1819Z160,Glycerolipid metabolism,R9YW17_wild,CCCCCCCCCCCCCCCC(=O)SCCNC(=O)CCNC(=O)[C@@H](C(C)(C)COP(=O)([O-])OP(=O)([O-])OC[C@@H]1[C@H]([C@H]([C@@H](O1)N2C=NC3=C(N=CN=C32)N)O)OP(=O)([O-])[O-])O,-0.365277857,-1.985770583,1.310820818
arm_ACOADAGAT1819Z1819Z180,Glycerolipid metabolism,A0A2K3E0F5_wild,CCCCCCCC/C=C\CCCCCCCC(=O)OC[C@H](CO)OC(=O)CCCCCCC/C=C\CCCCCCCC,-0.841779888,-1.401867509,-0.155131802
arm_ACOADAGAT1819Z1819Z180,Glycerolipid metabolism,A0A2K3E0F5_wild,CCCCCCCCCCCCCCCCCC(=O)SCCNC(=O)CCNC(=O)[C@@H](C(C)(C)COP(=O)(O)OP(=O)(O)OC[C@@H]1[C@H]([C@H]([C@@H](O1)N2C=NC3=C(N=CN=C32)N)O)OP(=O)(O)O)O,-0.988670468,-2.102882385,0.178239509
arm_ACOADAGAT1819Z1819Z180,Glycerolipid metabolism,A0A2K3E7S4_wild,CCCCCCCC/C=C\CCCCCCCC(=O)OC[C@H](CO)OC(=O)CCCCCCC/C=C\CCCCCCCC,-0.111850165,-1.526998758,1.145325899
arm_ACOADAGAT1819Z1819Z180,Glycerolipid metabolism,A0A2K3E7S4_wild,CCCCCCCCCCCCCCCCCC(=O)SCCNC(=O)CCNC(=O)[C@@H](C(C)(C)COP(=O)(O)OP(=O)(O)OC[C@@H]1[C@H]([C@H]([C@@H](O1)N2C=NC3=C(N=CN=C32)N)O)OP(=O)(O)O)O,-0.181244582,-2.183717728,1.468280315
arm_ACOADAGAT1819Z1819Z180,Glycerolipid metabolism,A8INZ7_wild,CCCCCCCC/C=C\CCCCCCCC(=O)OC[C@H](CO)OC(=O)CCCCCCC/C=C\CCCCCCCC,-0.399151176,-1.059081197,0.515234709
arm_ACOADAGAT1819Z1819Z180,Glycerolipid metabolism,A8INZ7_wild,CCCCCCCCCCCCCCCCCC(=O)SCCNC(=O)CCNC(=O)[C@@H](C(C)(C)COP(=O)(O)OP(=O)(O)OC[C@@H]1[C@H]([C@H]([C@@H](O1)N2C=NC3=C(N=CN=C32)N)O)OP(=O)(O)O)O,-0.679227352,-1.782314897,0.910313606
arm_ACOADAGAT1819Z1819Z180,Glycerolipid metabolism,A8IXB2_wild,CCCCCCCC/C=C\CCCCCCCC(=O)OC[C@H](CO)OC(=O)CCCCCCC/C=C\CCCCCCCC,-0.231775835,-1.264286399,0.895719886
arm_ACOADAGAT1819Z1819Z180,Glycerolipid metabolism,A8IXB2_wild,CCCCCCCCCCCCCCCCCC(=O)SCCNC(=O)CCNC(=O)[C@@H](C(C)(C)COP(=O)(O)OP(=O)(O)OC[C@@H]1[C@H]([C@H]([C@@H](O1)N2C=NC3=C(N=CN=C32)N)O)OP(=O)(O)O)O,-0.506414294,-1.993384361,1.324663281
arm_ACOADAGAT1819Z1819Z180,Glycerolipid metabolism,A8J110_wild,CCCCCCCC/C=C\CCCCCCCC(=O)OC[C@H](CO)OC(=O)CCCCCCC/C=C\CCCCCCCC,-0.246173665,-1.215621114,0.776031733
arm_ACOADAGAT1819Z1819Z180,Glycerolipid metabolism,A8J110_wild,CCCCCCCCCCCCCCCCCC(=O)SCCNC(=O)CCNC(=O)[C@@H](C(C)(C)COP(=O)(O)OP(=O)(O)OC[C@@H]1[C@H]([C@H]([C@@H](O1)N2C=NC3=C(N=CN=C32)N)O)OP(=O)(O)O)O,-0.4894467,-1.954936266,1.246888161
arm_ACOADAGAT1819Z1819Z180,Glycerolipid metabolism,R9YW17_wild,CCCCCCCC/C=C\CCCCCCCC(=O)OC[C@H](CO)OC(=O)CCCCCCC/C=C\CCCCCCCC,-0.134657875,-1.383265257,0.987733841
arm_ACOADAGAT1819Z1819Z180,Glycerolipid metabolism,R9YW17_wild,CCCCCCCCCCCCCCCCCC(=O)SCCNC(=O)CCNC(=O)[C@@H](C(C)(C)COP(=O)(O)OP(=O)(O)OC[C@@H]1[C@H]([C@H]([C@@H](O1)N2C=NC3=C(N=CN=C32)N)O)OP(=O)(O)O)O,-0.383729786,-2.201469183,1.424914002
arm_ACOADAGAT1819Z1819Z18111Z,Glycerolipid metabolism,A0A2K3E0F5_wild,CCCCCCCC/C=C\CCCCCCCC(=O)OC[C@H](CO)OC(=O)CCCCCCC/C=C\CCCCCCCC,-0.841779888,-1.401867509,-0.155131802
arm_ACOADAGAT1819Z1819Z18111Z,Glycerolipid metabolism,A0A2K3E0F5_wild,CCCCCC/C=C\CCCCCCCCCC(=O)SCCNC(=O)CCNC(=O)[C@@H](C(C)(C)COP(=O)(O)OP(=O)(O)OC[C@@H]1[C@H]([C@H]([C@@H](O1)N2C=NC3=C(N=CN=C32)N)O)OP(=O)(O)O)O,-0.958792865,-2.186134338,0.244214967
arm_ACOADAGAT1819Z1819Z18111Z,Glycerolipid metabolism,A0A2K3E7S4_wild,CCCCCCCC/C=C\CCCCCCCC(=O)OC[C@H](CO)OC(=O)CCCCCCC/C=C\CCCCCCCC,-0.111850165,-1.526998758,1.145325899
arm_ACOADAGAT1819Z1819Z18111Z,Glycerolipid metabolism,A0A2K3E7S4_wild,CCCCCC/C=C\CCCCCCCCCC(=O)SCCNC(=O)CCNC(=O)[C@@H](C(C)(C)COP(=O)(O)OP(=O)(O)OC[C@@H]1[C@H]([C@H]([C@@H](O1)N2C=NC3=C(N=CN=C32)N)O)OP(=O)(O)O)O,-0.139606848,-2.265109062,1.54622817
arm_ACOADAGAT1819Z1819Z18111Z,Glycerolipid metabolism,A8INZ7_wild,CCCCCCCC/C=C\CCCCCCCC(=O)OC[C@H](CO)OC(=O)CCCCCCC/C=C\CCCCCCCC,-0.399151176,-1.059081197,0.515234709
arm_ACOADAGAT1819Z1819Z18111Z,Glycerolipid metabolism,A8INZ7_wild,CCCCCC/C=C\CCCCCCCCCC(=O)SCCNC(=O)CCNC(=O)[C@@H](C(C)(C)COP(=O)(O)OP(=O)(O)OC[C@@H]1[C@H]([C@H]([C@@H](O1)N2C=NC3=C(N=CN=C32)N)O)OP(=O)(O)O)O,-0.641332388,-1.850459337,0.998588204
arm_ACOADAGAT1819Z1819Z18111Z,Glycerolipid metabolism,A8IXB2_wild,CCCCCCCC/C=C\CCCCCCCC(=O)OC[C@H](CO)OC(=O)CCCCCCC/C=C\CCCCCCCC,-0.231775835,-1.264286399,0.895719886
arm_ACOADAGAT1819Z1819Z18111Z,Glycerolipid metabolism,A8IXB2_wild,CCCCCC/C=C\CCCCCCCCCC(=O)SCCNC(=O)CCNC(=O)[C@@H](C(C)(C)COP(=O)(O)OP(=O)(O)OC[C@@H]1[C@H]([C@H]([C@@H](O1)N2C=NC3=C(N=CN=C32)N)O)OP(=O)(O)O)O,-0.46555081,-2.05525279,1.414631128
arm_ACOADAGAT1819Z1819Z18111Z,Glycerolipid metabolism,A8J110_wild,CCCCCCCC/C=C\CCCCCCCC(=O)OC[C@H](CO)OC(=O)CCCCCCC/C=C\CCCCCCCC,-0.246173665,-1.215621114,0.776031733
arm_ACOADAGAT1819Z1819Z18111Z,Glycerolipid metabolism,A8J110_wild,CCCCCC/C=C\CCCCCCCCCC(=O)SCCNC(=O)CCNC(=O)[C@@H](C(C)(C)COP(=O)(O)OP(=O)(O)OC[C@@H]1[C@H]([C@H]([C@@H](O1)N2C=NC3=C(N=CN=C32)N)O)OP(=O)(O)O)O,-0.443384349,-2.027663708,1.336664796
arm_ACOADAGAT1819Z1819Z18111Z,Glycerolipid metabolism,R9YW17_wild,CCCCCCCC/C=C\CCCCCCCC(=O)OC[C@H](CO)OC(=O)CCCCCCC/C=C\CCCCCCCC,-0.134657875,-1.383265257,0.987733841
arm_ACOADAGAT1819Z1819Z18111Z,Glycerolipid metabolism,R9YW17_wild,CCCCCC/C=C\CCCCCCCCCC(=O)SCCNC(=O)CCNC(=O)[C@@H](C(C)(C)COP(=O)(O)OP(=O)(O)OC[C@@H]1[C@H]([C@H]([C@@H](O1)N2C=NC3=C(N=CN=C32)N)O)OP(=O)(O)O)O,-0.338522255,-2.278577089,1.511727333
arm_ACOADAGAT1819Z1819Z1819Z,Glycerolipid metabolism,A0A2K3E0F5_wild,CCCCCCCC/C=C\CCCCCCCC(=O)OC[C@H](CO)OC(=O)CCCCCCC/C=C\CCCCCCCC,-0.841779888,-1.401867509,-0.155131802
arm_ACOADAGAT1819Z1819Z1819Z,Glycerolipid metabolism,A0A2K3E0F5_wild,CCCCCCCC/C=C\CCCCCCCC(=O)SCCNC(=O)CCNC(=O)[C@@H](C(C)(C)COP(=O)(O)OP(=O)(O)OC[C@@H]1[C@H]([C@H]([C@@H](O1)N2C=NC3=C(N=CN=C32)N)O)OP(=O)(O)O)O,-0.950058281,-2.188270569,0.229686022
arm_ACOADAGAT1819Z1819Z1819Z,Glycerolipid metabolism,A0A2K3E7S4_wild,CCCCCCCC/C=C\CCCCCCCC(=O)OC[C@H](CO)OC(=O)CCCCCCC/C=C\CCCCCCCC,-0.111850165,-1.526998758,1.145325899
arm_ACOADAGAT1819Z1819Z1819Z,Glycerolipid metabolism,A0A2K3E7S4_wild,CCCCCCCC/C=C\CCCCCCCC(=O)SCCNC(=O)CCNC(=O)[C@@H](C(C)(C)COP(=O)(O)OP(=O)(O)OC[C@@H]1[C@H]([C@H]([C@@H](O1)N2C=NC3=C(N=CN=C32)N)O)OP(=O)(O)O)O,-0.13576813,-2.262068987,1.533686757
arm_ACOADAGAT1819Z1819Z1819Z,Glycerolipid metabolism,A8INZ7_wild,CCCCCCCC/C=C\CCCCCCCC(=O)OC[C@H](CO)OC(=O)CCCCCCC/C=C\CCCCCCCC,-0.399151176,-1.059081197,0.515234709
arm_ACOADAGAT1819Z1819Z1819Z,Glycerolipid metabolism,A8INZ7_wild,CCCCCCCC/C=C\CCCCCCCC(=O)SCCNC(=O)CCNC(=O)[C@@H](C(C)(C)COP(=O)(O)OP(=O)(O)OC[C@@H]1[C@H]([C@H]([C@@H](O1)N2C=NC3=C(N=CN=C32)N)O)OP(=O)(O)O)O,-0.632360101,-1.841377497,0.989084363
arm_ACOADAGAT1819Z1819Z1819Z,Glycerolipid metabolism,A8IXB2_wild,CCCCCCCC/C=C\CCCCCCCC(=O)OC[C@H](CO)OC(=O)CCCCCCC/C=C\CCCCCCCC,-0.231775835,-1.264286399,0.895719886
arm_ACOADAGAT1819Z1819Z1819Z,Glycerolipid metabolism,A8IXB2_wild,CCCCCCCC/C=C\CCCCCCCC(=O)SCCNC(=O)CCNC(=O)[C@@H](C(C)(C)COP(=O)(O)OP(=O)(O)OC[C@@H]1[C@H]([C@H]([C@@H](O1)N2C=NC3=C(N=CN=C32)N)O)OP(=O)(O)O)O,-0.458693653,-2.048892021,1.40261519
arm_ACOADAGAT1819Z1819Z1819Z,Glycerolipid metabolism,A8J110_wild,CCCCCCCC/C=C\CCCCCCCC(=O)OC[C@H](CO)OC(=O)CCCCCCC/C=C\CCCCCCCC,-0.246173665,-1.215621114,0.776031733
arm_ACOADAGAT1819Z1819Z1819Z,Glycerolipid metabolism,A8J110_wild,CCCCCCCC/C=C\CCCCCCCC(=O)SCCNC(=O)CCNC(=O)[C@@H](C(C)(C)COP(=O)(O)OP(=O)(O)OC[C@@H]1[C@H]([C@H]([C@@H](O1)N2C=NC3=C(N=CN=C32)N)O)OP(=O)(O)O)O,-0.430952072,-2.017700195,1.327082753
arm_ACOADAGAT1819Z1819Z1819Z,Glycerolipid metabolism,R9YW17_wild,CCCCCCCC/C=C\CCCCCCCC(=O)OC[C@H](CO)OC(=O)CCCCCCC/C=C\CCCCCCCC,-0.134657875,-1.383265257,0.987733841
arm_ACOADAGAT1819Z1819Z1819Z,Glycerolipid metabolism,R9YW17_wild,CCCCCCCC/C=C\CCCCCCCC(=O)SCCNC(=O)CCNC(=O)[C@@H](C(C)(C)COP(=O)(O)OP(=O)(O)OC[C@@H]1[C@H]([C@H]([C@@H](O1)N2C=NC3=C(N=CN=C32)N)O)OP(=O)(O)O)O,-0.327018589,-2.276785851,1.504701972
arm_ACOADAGAT1819Z1819Z1835Z9Z12Z,Glycerolipid metabolism,A0A2K3E0F5_wild,CCCCCCCC/C=C\CCCCCCCC(=O)OC[C@H](CO)OC(=O)CCCCCCC/C=C\CCCCCCCC,-0.841779888,-1.401867509,-0.155131802
arm_ACOADAGAT1819Z1819Z1835Z9Z12Z,Glycerolipid metabolism,A0A2K3E0F5_wild,CCCCC/C=C\C/C=C\CC/C=C\CCCC(=O)SCCNC(=O)CCNC(=O)[C@H](O)C(C)(C)COP(=O)(O)OP(=O)(O)OC[C@H]1O[C@H](n2cnc3c(N)ncnc23)[C@H](O)[C@@H]1OP(=O)(O)O,-0.955715775,-1.922716737,0.02490272
arm_ACOADAGAT1819Z1819Z1835Z9Z12Z,Glycerolipid metabolism,A0A2K3E7S4_wild,CCCCCCCC/C=C\CCCCCCCC(=O)OC[C@H](CO)OC(=O)CCCCCCC/C=C\CCCCCCCC,-0.111850165,-1.526998758,1.145325899
arm_ACOADAGAT1819Z1819Z1835Z9Z12Z,Glycerolipid metabolism,A0A2K3E7S4_wild,CCCCC/C=C\C/C=C\CC/C=C\CCCC(=O)SCCNC(=O)CCNC(=O)[C@H](O)C(C)(C)COP(=O)(O)OP(=O)(O)OC[C@H]1O[C@H](n2cnc3c(N)ncnc23)[C@H](O)[C@@H]1OP(=O)(O)O,-0.166532278,-2.039987803,1.319892406
arm_ACOADAGAT1819Z1819Z1835Z9Z12Z,Glycerolipid metabolism,A8INZ7_wild,CCCCCCCC/C=C\CCCCCCCC(=O)OC[C@H](CO)OC(=O)CCCCCCC/C=C\CCCCCCCC,-0.399151176,-1.059081197,0.515234709
arm_ACOADAGAT1819Z1819Z1835Z9Z12Z,Glycerolipid metabolism,A8INZ7_wild,CCCCC/C=C\C/C=C\CC/C=C\CCCC(=O)SCCNC(=O)CCNC(=O)[C@H](O)C(C)(C)COP(=O)(O)OP(=O)(O)OC[C@H]1O[C@H](n2cnc3c(N)ncnc23)[C@H](O)[C@@H]1OP(=O)(O)O,-0.685171008,-1.642513633,0.746748149
arm_ACOADAGAT1819Z1819Z1835Z9Z12Z,Glycerolipid metabolism,A8IXB2_wild,CCCCCCCC/C=C\CCCCCCCC(=O)OC[C@H](CO)OC(=O)CCCCCCC/C=C\CCCCCCCC,-0.231775835,-1.264286399,0.895719886
arm_ACOADAGAT1819Z1819Z1835Z9Z12Z,Glycerolipid metabolism,A8IXB2_wild,CCCCC/C=C\C/C=C\CC/C=C\CCCC(=O)SCCNC(=O)CCNC(=O)[C@H](O)C(C)(C)COP(=O)(O)OP(=O)(O)OC[C@H]1O[C@H](n2cnc3c(N)ncnc23)[C@H](O)[C@@H]1OP(=O)(O)O,-0.512004614,-1.82445085,1.100109339
arm_ACOADAGAT1819Z1819Z1835Z9Z12Z,Glycerolipid metabolism,A8J110_wild,CCCCCCCC/C=C\CCCCCCCC(=O)OC[C@H](CO)OC(=O)CCCCCCC/C=C\CCCCCCCC,-0.246173665,-1.215621114,0.776031733
arm_ACOADAGAT1819Z1819Z1835Z9Z12Z,Glycerolipid metabolism,A8J110_wild,CCCCC/C=C\C/C=C\CC/C=C\CCCC(=O)SCCNC(=O)CCNC(=O)[C@H](O)C(C)(C)COP(=O)(O)OP(=O)(O)OC[C@H]1O[C@H](n2cnc3c(N)ncnc23)[C@H](O)[C@@H]1OP(=O)(O)O,-0.494826972,-1.828402877,1.064731717
arm_ACOADAGAT1819Z1819Z1835Z9Z12Z,Glycerolipid metabolism,R9YW17_wild,CCCCCCCC/C=C\CCCCCCCC(=O)OC[C@H](CO)OC(=O)CCCCCCC/C=C\CCCCCCCC,-0.134657875,-1.383265257,0.987733841
arm_ACOADAGAT1819Z1819Z1835Z9Z12Z,Glycerolipid metabolism,R9YW17_wild,CCCCC/C=C\C/C=C\CC/C=C\CCCC(=O)SCCNC(=O)CCNC(=O)[C@H](O)C(C)(C)COP(=O)(O)OP(=O)(O)OC[C@H]1O[C@H](n2cnc3c(N)ncnc23)[C@H](O)[C@@H]1OP(=O)(O)O,-0.402753353,-2.080656528,1.211815
arm_ACOADAGAT1819Z1819Z1845Z9Z12Z15Z,Glycerolipid metabolism,A0A2K3E0F5_wild,CCCCCCCC/C=C\CCCCCCCC(=O)OC[C@H](CO)OC(=O)CCCCCCC/C=C\CCCCCCCC,-0.841779888,-1.401867509,-0.155131802
arm_ACOADAGAT1819Z1819Z1845Z9Z12Z15Z,Glycerolipid metabolism,A0A2K3E0F5_wild,CC/C=C\C/C=C\C/C=C\CC/C=C\CCCC(=O)SCCNC(=O)CCNC(=O)[C@H](O)C(C)(C)COP(=O)(O)OP(=O)(O)OC[C@H]1O[C@H](n2cnc3c(N)ncnc23)[C@H](O)[C@@H]1OP(=O)(O)O,-0.888253868,-1.786203742,-0.002470529
arm_ACOADAGAT1819Z1819Z1845Z9Z12Z15Z,Glycerolipid metabolism,A0A2K3E7S4_wild,CCCCCCCC/C=C\CCCCCCCC(=O)OC[C@H](CO)OC(=O)CCCCCCC/C=C\CCCCCCCC,-0.111850165,-1.526998758,1.145325899
arm_ACOADAGAT1819Z1819Z1845Z9Z12Z15Z,Glycerolipid metabolism,A0A2K3E7S4_wild,CC/C=C\C/C=C\C/C=C\CC/C=C\CCCC(=O)SCCNC(=O)CCNC(=O)[C@H](O)C(C)(C)COP(=O)(O)OP(=O)(O)OC[C@H]1O[C@H](n2cnc3c(N)ncnc23)[C@H](O)[C@@H]1OP(=O)(O)O,-0.051184826,-1.908426523,1.324058771
arm_ACOADAGAT1819Z1819Z1845Z9Z12Z15Z,Glycerolipid metabolism,A8INZ7_wild,CCCCCCCC/C=C\CCCCCCCC(=O)OC[C@H](CO)OC(=O)CCCCCCC/C=C\CCCCCCCC,-0.399151176,-1.059081197,0.515234709
arm_ACOADAGAT1819Z1819Z1845Z9Z12Z15Z,Glycerolipid metabolism,A8INZ7_wild,CC/C=C\C/C=C\C/C=C\CC/C=C\CCCC(=O)SCCNC(=O)CCNC(=O)[C@H](O)C(C)(C)COP(=O)(O)OP(=O)(O)OC[C@H]1O[C@H](n2cnc3c(N)ncnc23)[C@H](O)[C@@H]1OP(=O)(O)O,-0.579727173,-1.496019602,0.74698782
arm_ACOADAGAT1819Z1819Z1845Z9Z12Z15Z,Glycerolipid metabolism,A8IXB2_wild,CCCCCCCC/C=C\CCCCCCCC(=O)OC[C@H](CO)OC(=O)CCCCCCC/C=C\CCCCCCCC,-0.231775835,-1.264286399,0.895719886
arm_ACOADAGAT1819Z1819Z1845Z9Z12Z15Z,Glycerolipid metabolism,A8IXB2_wild,CC/C=C\C/C=C\C/C=C\CC/C=C\CCCC(=O)SCCNC(=O)CCNC(=O)[C@H](O)C(C)(C)COP(=O)(O)OP(=O)(O)OC[C@H]1O[C@H](n2cnc3c(N)ncnc23)[C@H](O)[C@@H]1OP(=O)(O)O,-0.441274941,-1.678317428,1.086244822
arm_ACOADAGAT1819Z1819Z1845Z9Z12Z15Z,Glycerolipid metabolism,A8J110_wild,CCCCCCCC/C=C\CCCCCCCC(=O)OC[C@H](CO)OC(=O)CCCCCCC/C=C\CCCCCCCC,-0.246173665,-1.215621114,0.776031733
arm_ACOADAGAT1819Z1819Z1845Z9Z12Z15Z,Glycerolipid metabolism,A8J110_wild,CC/C=C\C/C=C\C/C=C\CC/C=C\CCCC(=O)SCCNC(=O)CCNC(=O)[C@H](O)C(C)(C)COP(=O)(O)OP(=O)(O)OC[C@H]1O[C@H](n2cnc3c(N)ncnc23)[C@H](O)[C@@H]1OP(=O)(O)O,-0.401623815,-1.675989509,1.063006043
arm_ACOADAGAT1819Z1819Z1845Z9Z12Z15Z,Glycerolipid metabolism,R9YW17_wild,CCCCCCCC/C=C\CCCCCCCC(=O)OC[C@H](CO)OC(=O)CCCCCCC/C=C\CCCCCCCC,-0.134657875,-1.383265257,0.987733841
arm_ACOADAGAT1819Z1819Z1845Z9Z12Z15Z,Glycerolipid metabolism,R9YW17_wild,CC/C=C\C/C=C\C/C=C\CC/C=C\CCCC(=O)SCCNC(=O)CCNC(=O)[C@H](O)C(C)(C)COP(=O)(O)OP(=O)(O)OC[C@H]1O[C@H](n2cnc3c(N)ncnc23)[C@H](O)[C@@H]1OP(=O)(O)O,-0.316542208,-1.931420565,1.206967711
arm_ASQDCADS1829Z12Z160,Glycerolipid metabolism,A0A2K3DQ46_wild,CCCCCCCC/C=C\CCCCCCCC(=O)OC[C@H](CO[C@@H]1[C@@H]([C@H]([C@@H]([C@H](O1)CS(=O)(=O)O)O)O)OC(=O)CCC/C=C\CC/C=C\C/C=C\C/C=C\CC)OC(=O)CCCCCCCCCCCCCCC,-0.774772704,-1.880496979,0.631698072
arm_ASQDCADS1829Z12Z160,Glycerolipid metabolism,A0A2K3DQ46_wild,NC(=O)C1=CN([C@@H]2O[C@H](COP(=O)(O)OP(=O)(O)OC[C@H]3O[C@H](n4cnc5c(N)ncnc54)[C@H](O)[C@@H]3O)[C@@H](O)[C@H]2O)C=CC1,-0.426535845,-1.97142911,0.803490043
arm_ASQDCADS1829Z12Z160,Glycerolipid metabolism,A0A2K3DQ46_wild,O=O,-0.487161964,-1.302583456,0.413232386
arm_ASQDCADS1829Z12Z160,Glycerolipid metabolism,A8IR24_wild,CCCCCCCC/C=C\CCCCCCCC(=O)OC[C@H](CO[C@@H]1[C@@H]([C@H]([C@@H]([C@H](O1)CS(=O)(=O)O)O)O)OC(=O)CCC/C=C\CC/C=C\C/C=C\C/C=C\CC)OC(=O)CCCCCCCCCCCCCCC,0.153747708,-2.032794476,2.112760067
arm_ASQDCADS1829Z12Z160,Glycerolipid metabolism,A8IR24_wild,NC(=O)C1=CN([C@@H]2O[C@H](COP(=O)(O)OP(=O)(O)OC[C@H]3O[C@H](n4cnc5c(N)ncnc54)[C@H](O)[C@@H]3O)[C@@H](O)[C@H]2O)C=CC1,0.37613377,-2.2967453,2.439123869
arm_ASQDCADS1829Z12Z160,Glycerolipid metabolism,A8IR24_wild,O=O,0.487098128,-1.985033393,2.092821121
arm_ASQDCADS1829Z12Z160,Glycerolipid metabolism,O48663_wild,CCCCCCCC/C=C\CCCCCCCC(=O)OC[C@H](CO[C@@H]1[C@@H]([C@H]([C@@H]([C@H](O1)CS(=O)(=O)O)O)O)OC(=O)CCC/C=C\CC/C=C\C/C=C\C/C=C\CC)OC(=O)CCCCCCCCCCCCCCC,0.072208464,-2.175033808,1.839344621
arm_ASQDCADS1829Z12Z160,Glycerolipid metabolism,O48663_wild,NC(=O)C1=CN([C@@H]2O[C@H](COP(=O)(O)OP(=O)(O)OC[C@H]3O[C@H](n4cnc5c(N)ncnc54)[C@H](O)[C@@H]3O)[C@@H](O)[C@H]2O)C=CC1,0.238359258,-2.303757668,2.052531481
arm_ASQDCADS1829Z12Z160,Glycerolipid metabolism,O48663_wild,O=O,0.447934449,-2.184913874,1.77226758
arm_ASQDCADS1839Z12Z15Z160,Glycerolipid metabolism,A0A2K3DQ46_wild,CCCCC/C=C\C/C=C\CCCCCCCC(=O)OC[C@H](CO[C@@H]1[C@@H]([C@H]([C@@H]([C@H](O1)CS(=O)(=O)O)O)O)OC(=O)CCC/C=C\CC/C=C\C/C=C\C/C=C\CC)OC(=O)CCCCCCCCCCCCCCC,-0.73485148,-1.80427587,0.605374098
arm_ASQDCADS1839Z12Z15Z160,Glycerolipid metabolism,A0A2K3DQ46_wild,NC(=O)C1=CN([C@@H]2O[C@H](COP(=O)(O)OP(=O)(O)OC[C@H]3O[C@H](n4cnc5c(N)ncnc54)[C@H](O)[C@@H]3O)[C@@H](O)[C@H]2O)C=CC1,-0.426535845,-1.97142911,0.803490043
arm_ASQDCADS1839Z12Z15Z160,Glycerolipid metabolism,A0A2K3DQ46_wild,O=O,-0.487161964,-1.302583456,0.413232386
arm_ASQDCADS1839Z12Z15Z160,Glycerolipid metabolism,A0A2K3E763_wild,CCCCC/C=C\C/C=C\CCCCCCCC(=O)OC[C@H](CO[C@@H]1[C@@H]([C@H]([C@@H]([C@H](O1)CS(=O)(=O)O)O)O)OC(=O)CCC/C=C\CC/C=C\C/C=C\C/C=C\CC)OC(=O)CCCCCCCCCCCCCCC,-0.159436211,-2.079622507,0.784672797
arm_ASQDCADS1839Z12Z15Z160,Glycerolipid metabolism,A0A2K3E763_wild,NC(=O)C1=CN([C@@H]2O[C@H](COP(=O)(O)OP(=O)(O)OC[C@H]3O[C@H](n4cnc5c(N)ncnc54)[C@H](O)[C@@H]3O)[C@@H](O)[C@H]2O)C=CC1,0.146980047,-2.195357323,1.05403161
arm_ASQDCADS1839Z12Z15Z160,Glycerolipid metabolism,A0A2K3E763_wild,O=O,0.087087259,-1.231926918,0.705530047
arm_ASQDCADS1839Z12Z15Z160,Glycerolipid metabolism,A0A2K3E764_wild,CCCCC/C=C\C/C=C\CCCCCCCC(=O)OC[C@H](CO[C@@H]1[C@@H]([C@H]([C@@H]([C@H](O1)CS(=O)(=O)O)O)O)OC(=O)CCC/C=C\CC/C=C\C/C=C\C/C=C\CC)OC(=O)CCCCCCCCCCCCCCC,0.144633979,-2.136195183,1.715507269
arm_ASQDCADS1839Z12Z15Z160,Glycerolipid metabolism,A0A2K3E764_wild,NC(=O)C1=CN([C@@H]2O[C@H](COP(=O)(O)OP(=O)(O)OC[C@H]3O[C@H](n4cnc5c(N)ncnc54)[C@H](O)[C@@H]3O)[C@@H](O)[C@H]2O)C=CC1,0.293556273,-2.367789507,2.062114954
arm_ASQDCADS1839Z12Z15Z160,Glycerolipid metabolism,A0A2K3E764_wild,O=O,0.383751512,-2.152342558,1.760609627
arm_ASQDCADS1839Z12Z15Z160,Glycerolipid metabolism,A0A2K3E7B0_wild,CCCCC/C=C\C/C=C\CCCCCCCC(=O)OC[C@H](CO[C@@H]1[C@@H]([C@H]([C@@H]([C@H](O1)CS(=O)(=O)O)O)O)OC(=O)CCC/C=C\CC/C=C\C/C=C\C/C=C\CC)OC(=O)CCCCCCCCCCCCCCC,-0.088484839,-1.587384105,1.060234904
arm_ASQDCADS1839Z12Z15Z160,Glycerolipid metabolism,A0A2K3E7B0_wild,NC(=O)C1=CN([C@@H]2O[C@H](COP(=O)(O)OP(=O)(O)OC[C@H]3O[C@H](n4cnc5c(N)ncnc54)[C@H](O)[C@@H]3O)[C@@H](O)[C@H]2O)C=CC1,0.128532395,-1.714340568,1.271950006
arm_ASQDCADS1839Z12Z15Z160,Glycerolipid metabolism,A0A2K3E7B0_wild,O=O,0.005215553,-0.995010853,0.884747684
arm_ASQDCADS1839Z12Z15Z160,Glycerolipid metabolism,A8IR24_wild,CCCCC/C=C\C/C=C\CCCCCCCC(=O)OC[C@H](CO[C@@H]1[C@@H]([C@H]([C@@H]([C@H](O1)CS(=O)(=O)O)O)O)OC(=O)CCC/C=C\CC/C=C\C/C=C\C/C=C\CC)OC(=O)CCCCCCCCCCCCCCC,0.207863405,-1.952436805,2.069615841
arm_ASQDCADS1839Z12Z15Z160,Glycerolipid metabolism,A8IR24_wild,NC(=O)C1=CN([C@@H]2O[C@H](COP(=O)(O)OP(=O)(O)OC[C@H]3O[C@H](n4cnc5c(N)ncnc54)[C@H](O)[C@@H]3O)[C@@H](O)[C@H]2O)C=CC1,0.37613377,-2.2967453,2.439123869
arm_ASQDCADS1839Z12Z15Z160,Glycerolipid metabolism,A8IR24_wild,O=O,0.487098128,-1.985033393,2.092821121
arm_ASQDCADS1839Z12Z15Z160,Glycerolipid metabolism,O48663_wild,CCCCC/C=C\C/C=C\CCCCCCCC(=O)OC[C@H](CO[C@@H]1[C@@H]([C@H]([C@@H]([C@H](O1)CS(=O)(=O)O)O)O)OC(=O)CCC/C=C\CC/C=C\C/C=C\C/C=C\CC)OC(=O)CCCCCCCCCCCCCCC,0.108418725,-2.06940794,1.788455009
arm_ASQDCADS1839Z12Z15Z160,Glycerolipid metabolism,O48663_wild,NC(=O)C1=CN([C@@H]2O[C@H](COP(=O)(O)OP(=O)(O)OC[C@H]3O[C@H](n4cnc5c(N)ncnc54)[C@H](O)[C@@H]3O)[C@@H](O)[C@H]2O)C=CC1,0.238359258,-2.303757668,2.052531481
arm_ASQDCADS1839Z12Z15Z160,Glycerolipid metabolism,O48663_wild,O=O,0.447934449,-2.184913874,1.77226758
arm_ASQDPADS1829Z12Z160,Glycerolipid metabolism,A0A2K3DQ46_wild,CCCCCCCC/C=C\CCCCCCCC(=O)OC[C@H](CO[C@@H]1[C@@H]([C@H]([C@@H]([C@H](O1)CS(=O)(=O)O)O)O)OC(=O)CCC/C=C\CC/C=C\C/C=C\CCCCC)OC(=O)CCCCCCCCCCCCCCC,-0.781823635,-1.815406084,0.584068239
arm_ASQDPADS1829Z12Z160,Glycerolipid metabolism,A0A2K3DQ46_wild,NC(=O)C1=CN([C@@H]2O[C@H](COP(=O)(O)OP(=O)(O)OC[C@H]3O[C@H](n4cnc5c(N)ncnc54)[C@H](O)[C@@H]3O)[C@@H](O)[C@H]2O)C=CC1,-0.426535845,-1.97142911,0.803490043
arm_ASQDPADS1829Z12Z160,Glycerolipid metabolism,A0A2K3DQ46_wild,O=O,-0.487161964,-1.302583456,0.413232386
arm_ASQDPADS1829Z12Z160,Glycerolipid metabolism,A8IR24_wild,CCCCCCCC/C=C\CCCCCCCC(=O)OC[C@H](CO[C@@H]1[C@@H]([C@H]([C@@H]([C@H](O1)CS(=O)(=O)O)O)O)OC(=O)CCC/C=C\CC/C=C\C/C=C\CCCCC)OC(=O)CCCCCCCCCCCCCCC,0.155462056,-1.939978957,2.067022324
arm_ASQDPADS1829Z12Z160,Glycerolipid metabolism,A8IR24_wild,NC(=O)C1=CN([C@@H]2O[C@H](COP(=O)(O)OP(=O)(O)OC[C@H]3O[C@H](n4cnc5c(N)ncnc54)[C@H](O)[C@@H]3O)[C@@H](O)[C@H]2O)C=CC1,0.37613377,-2.2967453,2.439123869
arm_ASQDPADS1829Z12Z160,Glycerolipid metabolism,A8IR24_wild,O=O,0.487098128,-1.985033393,2.092821121
arm_ASQDPADS1829Z12Z160,Glycerolipid metabolism,O48663_wild,CCCCCCCC/C=C\CCCCCCCC(=O)OC[C@H](CO[C@@H]1[C@@H]([C@H]([C@@H]([C@H](O1)CS(=O)(=O)O)O)O)OC(=O)CCC/C=C\CC/C=C\C/C=C\CCCCC)OC(=O)CCCCCCCCCCCCCCC,0.079926297,-2.109510183,1.802800179
arm_ASQDPADS1829Z12Z160,Glycerolipid metabolism,O48663_wild,NC(=O)C1=CN([C@@H]2O[C@H](COP(=O)(O)OP(=O)(O)OC[C@H]3O[C@H](n4cnc5c(N)ncnc54)[C@H](O)[C@@H]3O)[C@@H](O)[C@H]2O)C=CC1,0.238359258,-2.303757668,2.052531481
arm_ASQDPADS1829Z12Z160,Glycerolipid metabolism,O48663_wild,O=O,0.447934449,-2.184913874,1.77226758
arm_ASQDPADS1839Z12Z15Z160,Glycerolipid metabolism,A0A2K3DQ46_wild,CCCCC/C=C\C/C=C\CCCCCCCC(=O)OC[C@H](CO[C@@H]1[C@@H]([C@H]([C@@H]([C@H](O1)CS(=O)(=O)O)O)O)OC(=O)CCC/C=C\CC/C=C\C/C=C\CCCCC)OC(=O)CCCCCCCCCCCCCCC,-0.682139456,-1.736710906,0.601243079
arm_ASQDPADS1839Z12Z15Z160,Glycerolipid metabolism,A0A2K3DQ46_wild,NC(=O)C1=CN([C@@H]2O[C@H](COP(=O)(O)OP(=O)(O)OC[C@H]3O[C@H](n4cnc5c(N)ncnc54)[C@H](O)[C@@H]3O)[C@@H](O)[C@H]2O)C=CC1,-0.426535845,-1.97142911,0.803490043
arm_ASQDPADS1839Z12Z15Z160,Glycerolipid metabolism,A0A2K3DQ46_wild,O=O,-0.487161964,-1.302583456,0.413232386
arm_ASQDPADS1839Z12Z15Z160,Glycerolipid metabolism,A0A2K3E763_wild,CCCCC/C=C\C/C=C\CCCCCCCC(=O)OC[C@H](CO[C@@H]1[C@@H]([C@H]([C@@H]([C@H](O1)CS(=O)(=O)O)O)O)OC(=O)CCC/C=C\CC/C=C\C/C=C\CCCCC)OC(=O)CCCCCCCCCCCCCCC,-0.103628717,-2.00558567,0.784403324
arm_ASQDPADS1839Z12Z15Z160,Glycerolipid metabolism,A0A2K3E763_wild,NC(=O)C1=CN([C@@H]2O[C@H](COP(=O)(O)OP(=O)(O)OC[C@H]3O[C@H](n4cnc5c(N)ncnc54)[C@H](O)[C@@H]3O)[C@@H](O)[C@H]2O)C=CC1,0.146980047,-2.195357323,1.05403161
arm_ASQDPADS1839Z12Z15Z160,Glycerolipid metabolism,A0A2K3E763_wild,O=O,0.087087259,-1.231926918,0.705530047
arm_ASQDPADS1839Z12Z15Z160,Glycerolipid metabolism,A0A2K3E764_wild,CCCCC/C=C\C/C=C\CCCCCCCC(=O)OC[C@H](CO[C@@H]1[C@@H]([C@H]([C@@H]([C@H](O1)CS(=O)(=O)O)O)O)OC(=O)CCC/C=C\CC/C=C\C/C=C\CCCCC)OC(=O)CCCCCCCCCCCCCCC,0.205821797,-2.064656734,1.714265108
arm_ASQDPADS1839Z12Z15Z160,Glycerolipid metabolism,A0A2K3E764_wild,NC(=O)C1=CN([C@@H]2O[C@H](COP(=O)(O)OP(=O)(O)OC[C@H]3O[C@H](n4cnc5c(N)ncnc54)[C@H](O)[C@@H]3O)[C@@H](O)[C@H]2O)C=CC1,0.293556273,-2.367789507,2.062114954
arm_ASQDPADS1839Z12Z15Z160,Glycerolipid metabolism,A0A2K3E764_wild,O=O,0.383751512,-2.152342558,1.760609627
arm_ASQDPADS1839Z12Z15Z160,Glycerolipid metabolism,A0A2K3E7B0_wild,CCCCC/C=C\C/C=C\CCCCCCCC(=O)OC[C@H](CO[C@@H]1[C@@H]([C@H]([C@@H]([C@H](O1)CS(=O)(=O)O)O)O)OC(=O)CCC/C=C\CC/C=C\C/C=C\CCCCC)OC(=O)CCCCCCCCCCCCCCC,-0.025228655,-1.515750647,1.053029418
arm_ASQDPADS1839Z12Z15Z160,Glycerolipid metabolism,A0A2K3E7B0_wild,NC(=O)C1=CN([C@@H]2O[C@H](COP(=O)(O)OP(=O)(O)OC[C@H]3O[C@H](n4cnc5c(N)ncnc54)[C@H](O)[C@@H]3O)[C@@H](O)[C@H]2O)C=CC1,0.128532395,-1.714340568,1.271950006
arm_ASQDPADS1839Z12Z15Z160,Glycerolipid metabolism,A0A2K3E7B0_wild,O=O,0.005215553,-0.995010853,0.884747684
arm_ASQDPADS1839Z12Z15Z160,Glycerolipid metabolism,A8IR24_wild,CCCCC/C=C\C/C=C\CCCCCCCC(=O)OC[C@H](CO[C@@H]1[C@@H]([C@H]([C@@H]([C@H](O1)CS(=O)(=O)O)O)O)OC(=O)CCC/C=C\CC/C=C\C/C=C\CCCCC)OC(=O)CCCCCCCCCCCCCCC,0.256863296,-1.875173211,2.056130886
arm_ASQDPADS1839Z12Z15Z160,Glycerolipid metabolism,A8IR24_wild,NC(=O)C1=CN([C@@H]2O[C@H](COP(=O)(O)OP(=O)(O)OC[C@H]3O[C@H](n4cnc5c(N)ncnc54)[C@H](O)[C@@H]3O)[C@@H](O)[C@H]2O)C=CC1,0.37613377,-2.2967453,2.439123869
arm_ASQDPADS1839Z12Z15Z160,Glycerolipid metabolism,A8IR24_wild,O=O,0.487098128,-1.985033393,2.092821121
arm_ASQDPADS1839Z12Z15Z160,Glycerolipid metabolism,O48663_wild,CCCCC/C=C\C/C=C\CCCCCCCC(=O)OC[C@H](CO[C@@H]1[C@@H]([C@H]([C@@H]([C@H](O1)CS(=O)(=O)O)O)O)OC(=O)CCC/C=C\CC/C=C\C/C=C\CCCCC)OC(=O)CCCCCCCCCCCCCCC,0.164570123,-2.011375427,1.783813834
arm_ASQDPADS1839Z12Z15Z160,Glycerolipid metabolism,O48663_wild,NC(=O)C1=CN([C@@H]2O[C@H](COP(=O)(O)OP(=O)(O)OC[C@H]3O[C@H](n4cnc5c(N)ncnc54)[C@H](O)[C@@H]3O)[C@@H](O)[C@H]2O)C=CC1,0.238359258,-2.303757668,2.052531481
arm_ASQDPADS1839Z12Z15Z160,Glycerolipid metabolism,O48663_wild,O=O,0.447934449,-2.184913874,1.77226758
arm_DAGAH16018111Z,Glycerolipid metabolism,A0A2K3CNS0_wild,CCCCCCCCCCCCCCCC(=O)OC[C@H](CO)OC(=O)CCCCCCCCC/C=C\CCCCCC,0.258737743,-1.629428625,1.237623096
arm_DAGAH16018111Z,Glycerolipid metabolism,A0A2K3CNS0_wild,O,1.674396753,-0.391487539,1.393553734
arm_DAGAH16018111Z,Glycerolipid metabolism,A0A2K3CNU4_wild,CCCCCCCCCCCCCCCC(=O)OC[C@H](CO)OC(=O)CCCCCCCCC/C=C\CCCCCC,-0.174952507,-1.371661901,0.737090409
arm_DAGAH16018111Z,Glycerolipid metabolism,A0A2K3CNU4_wild,O,1.318306327,-0.347388625,0.713401675
arm_DAGAH16018111Z,Glycerolipid metabolism,A0A2K3CX99_wild,CCCCCCCCCCCCCCCC(=O)OC[C@H](CO)OC(=O)CCCCCCCCC/C=C\CCCCCC,0.870964229,-0.644560337,0.912811399
arm_DAGAH16018111Z,Glycerolipid metabolism,A0A2K3CX99_wild,O,1.983316779,0.080360517,1.200588346
arm_DAGAH16018111Z,Glycerolipid metabolism,A0A2K3CXJ3_wild,CCCCCCCCCCCCCCCC(=O)OC[C@H](CO)OC(=O)CCCCCCCCC/C=C\CCCCCC,0.670542359,-0.311434299,0.551062286
arm_DAGAH16018111Z,Glycerolipid metabolism,A0A2K3CXJ3_wild,O,1.674777746,0.549110055,0.858112693
arm_DAGAH16018111Z,Glycerolipid metabolism,A0A2K3D3D3_wild,CCCCCCCCCCCCCCCC(=O)OC[C@H](CO)OC(=O)CCCCCCCCC/C=C\CCCCCC,0.964861035,-1.165937185,1.233639479
arm_DAGAH16018111Z,Glycerolipid metabolism,A0A2K3D3D3_wild,O,2.215553522,-0.069598481,1.319882751
arm_DAGAH16018111Z,Glycerolipid metabolism,A0A2K3D710_wild,CCCCCCCCCCCCCCCC(=O)OC[C@H](CO)OC(=O)CCCCCCCCC/C=C\CCCCCC,-0.230350688,-1.550239801,0.446184814
arm_DAGAH16018111Z,Glycerolipid metabolism,A0A2K3D710_wild,O,1.083993793,-0.499323994,0.597153485
arm_DAGAH16018111Z,Glycerolipid metabolism,A0A2K3D712_wild,CCCCCCCCCCCCCCCC(=O)OC[C@H](CO)OC(=O)CCCCCCCCC/C=C\CCCCCC,-0.231489331,-1.554989338,0.454932302
arm_DAGAH16018111Z,Glycerolipid metabolism,A0A2K3D712_wild,O,1.086323023,-0.500079513,0.601320088
arm_DAGAH16018111Z,Glycerolipid metabolism,A0A2K3DJ66_wild,CCCCCCCCCCCCCCCC(=O)OC[C@H](CO)OC(=O)CCCCCCCCC/C=C\CCCCCC,0.360108286,-1.242348552,1.183804274
arm_DAGAH16018111Z,Glycerolipid metabolism,A0A2K3DJ66_wild,O,1.498929977,-0.405866474,1.3382442
arm_DAGAH16018111Z,Glycerolipid metabolism,A0A2K3DJA9_wild,CCCCCCCCCCCCCCCC(=O)OC[C@H](CO)OC(=O)CCCCCCCCC/C=C\CCCCCC,0.026527312,-1.062689185,0.781862915
arm_DAGAH16018111Z,Glycerolipid metabolism,A0A2K3DJA9_wild,O,1.298353791,-0.23264727,0.978991866
arm_DAGAH16018111Z,Glycerolipid metabolism,A0A2K3DNL2_wild,CCCCCCCCCCCCCCCC(=O)OC[C@H](CO)OC(=O)CCCCCCCCC/C=C\CCCCCC,-0.264183104,-1.711093545,1.206506968
arm_DAGAH16018111Z,Glycerolipid metabolism,A0A2K3DNL2_wild,O,1.090560675,-0.6161834,1.18495059
arm_DAGAH16018111Z,Glycerolipid metabolism,A0A2K3DSP4_wild,CCCCCCCCCCCCCCCC(=O)OC[C@H](CO)OC(=O)CCCCCCCCC/C=C\CCCCCC,0.410464823,-0.603115261,0.69040215
arm_DAGAH16018111Z,Glycerolipid metabolism,A0A2K3DSP4_wild,O,1.604065537,0.430392563,0.748819232
arm_DAGAH16018111Z,Glycerolipid metabolism,A0A2K3DV73_wild,CCCCCCCCCCCCCCCC(=O)OC[C@H](CO)OC(=O)CCCCCCCCC/C=C\CCCCCC,-0.16481334,-1.687914133,0.937427044
arm_DAGAH16018111Z,Glycerolipid metabolism,A0A2K3DV73_wild,O,1.299811959,-0.627304137,1.012681723
arm_DAGAH16018111Z,Glycerolipid metabolism,A0A2K3DYG4_wild,CCCCCCCCCCCCCCCC(=O)OC[C@H](CO)OC(=O)CCCCCCCCC/C=C\CCCCCC,0.169905111,-1.692651033,1.046577692
arm_DAGAH16018111Z,Glycerolipid metabolism,A0A2K3DYG4_wild,O,1.518248558,-0.670566797,1.197124243
arm_DAGAH16018111Z,Glycerolipid metabolism,A0A2K3E4U8_wild,CCCCCCCCCCCCCCCC(=O)OC[C@H](CO)OC(=O)CCCCCCCCC/C=C\CCCCCC,0.357414782,-0.580200732,1.054057479
arm_DAGAH16018111Z,Glycerolipid metabolism,A0A2K3E4U8_wild,O,1.536249161,0.210874319,1.361546159
arm_DAGAH16018111Z,Glycerolipid metabolism,A8J056_wild,CCCCCCCCCCCCCCCC(=O)OC[C@H](CO)OC(=O)CCCCCCCCC/C=C\CCCCCC,0.934051991,-0.624077916,1.375778794
arm_DAGAH16018111Z,Glycerolipid metabolism,A8J056_wild,O,2.119389534,-0.033908162,1.762816668
arm_DAGAH1601819Z,Glycerolipid metabolism,A0A2K3CNS0_wild,CCCCCCCCCCCCCCCC(=O)OC[C@H](CO)OC(=O)CCCCCCC/C=C\CCCCCCCC,0.318737328,-1.611375093,1.26934123
arm_DAGAH1601819Z,Glycerolipid metabolism,A0A2K3CNS0_wild,O,1.674396753,-0.391487539,1.393553734
arm_DAGAH1601819Z,Glycerolipid metabolism,A0A2K3CNU4_wild,CCCCCCCCCCCCCCCC(=O)OC[C@H](CO)OC(=O)CCCCCCC/C=C\CCCCCCCC,-0.104280606,-1.373381615,0.778517723
arm_DAGAH1601819Z,Glycerolipid metabolism,A0A2K3CNU4_wild,O,1.318306327,-0.347388625,0.713401675
arm_DAGAH1601819Z,Glycerolipid metabolism,A0A2K3CX99_wild,CCCCCCCCCCCCCCCC(=O)OC[C@H](CO)OC(=O)CCCCCCC/C=C\CCCCCCCC,0.916216552,-0.663016558,0.969573021
arm_DAGAH1601819Z,Glycerolipid metabolism,A0A2K3CX99_wild,O,1.983316779,0.080360517,1.200588346
arm_DAGAH1601819Z,Glycerolipid metabolism,A0A2K3CXJ3_wild,CCCCCCCCCCCCCCCC(=O)OC[C@H](CO)OC(=O)CCCCCCC/C=C\CCCCCCCC,0.721935391,-0.332124472,0.59451443
arm_DAGAH1601819Z,Glycerolipid metabolism,A0A2K3CXJ3_wild,O,1.674777746,0.549110055,0.858112693
arm_DAGAH1601819Z,Glycerolipid metabolism,A0A2K3D3D3_wild,CCCCCCCCCCCCCCCC(=O)OC[C@H](CO)OC(=O)CCCCCCC/C=C\CCCCCCCC,1.022800803,-1.153122902,1.269870996
arm_DAGAH1601819Z,Glycerolipid metabolism,A0A2K3D3D3_wild,O,2.215553522,-0.069598481,1.319882751
arm_DAGAH1601819Z,Glycerolipid metabolism,A0A2K3D710_wild,CCCCCCCCCCCCCCCC(=O)OC[C@H](CO)OC(=O)CCCCCCC/C=C\CCCCCCCC,-0.167988226,-1.549767852,0.490264714
arm_DAGAH1601819Z,Glycerolipid metabolism,A0A2K3D710_wild,O,1.083993793,-0.499323994,0.597153485
arm_DAGAH1601819Z,Glycerolipid metabolism,A0A2K3D712_wild,CCCCCCCCCCCCCCCC(=O)OC[C@H](CO)OC(=O)CCCCCCC/C=C\CCCCCCCC,-0.16808863,-1.554369807,0.499347836
arm_DAGAH1601819Z,Glycerolipid metabolism,A0A2K3D712_wild,O,1.086323023,-0.500079513,0.601320088
arm_DAGAH1601819Z,Glycerolipid metabolism,A0A2K3DJ66_wild,CCCCCCCCCCCCCCCC(=O)OC[C@H](CO)OC(=O)CCCCCCC/C=C\CCCCCCCC,0.427785337,-1.252727151,1.225711823
arm_DAGAH1601819Z,Glycerolipid metabolism,A0A2K3DJ66_wild,O,1.498929977,-0.405866474,1.3382442
arm_DAGAH1601819Z,Glycerolipid metabolism,A0A2K3DJA9_wild,CCCCCCCCCCCCCCCC(=O)OC[C@H](CO)OC(=O)CCCCCCC/C=C\CCCCCCCC,0.089465573,-1.066674352,0.832124591
arm_DAGAH1601819Z,Glycerolipid metabolism,A0A2K3DJA9_wild,O,1.298353791,-0.23264727,0.978991866
arm_DAGAH1601819Z,Glycerolipid metabolism,A0A2K3DNL2_wild,CCCCCCCCCCCCCCCC(=O)OC[C@H](CO)OC(=O)CCCCCCC/C=C\CCCCCCCC,-0.198304981,-1.70714736,1.258517504
arm_DAGAH1601819Z,Glycerolipid metabolism,A0A2K3DNL2_wild,O,1.090560675,-0.6161834,1.18495059
arm_DAGAH1601819Z,Glycerolipid metabolism,A0A2K3DSP4_wild,CCCCCCCCCCCCCCCC(=O)OC[C@H](CO)OC(=O)CCCCCCC/C=C\CCCCCCCC,0.477019697,-0.608845353,0.748622537
arm_DAGAH1601819Z,Glycerolipid metabolism,A0A2K3DSP4_wild,O,1.604065537,0.430392563,0.748819232
arm_DAGAH1601819Z,Glycerolipid metabolism,A0A2K3DV73_wild,CCCCCCCCCCCCCCCC(=O)OC[C@H](CO)OC(=O)CCCCCCC/C=C\CCCCCCCC,-0.092055276,-1.676604509,0.975037277
arm_DAGAH1601819Z,Glycerolipid metabolism,A0A2K3DV73_wild,O,1.299811959,-0.627304137,1.012681723
arm_DAGAH1601819Z,Glycerolipid metabolism,A0A2K3DYG4_wild,CCCCCCCCCCCCCCCC(=O)OC[C@H](CO)OC(=O)CCCCCCC/C=C\CCCCCCCC,0.248689979,-1.666093826,1.085335612
arm_DAGAH1601819Z,Glycerolipid metabolism,A0A2K3DYG4_wild,O,1.518248558,-0.670566797,1.197124243
arm_DAGAH1601819Z,Glycerolipid metabolism,A0A2K3E4U8_wild,CCCCCCCCCCCCCCCC(=O)OC[C@H](CO)OC(=O)CCCCCCC/C=C\CCCCCCCC,0.418554723,-0.597264528,1.100049734
arm_DAGAH1601819Z,Glycerolipid metabolism,A0A2K3E4U8_wild,O,1.536249161,0.210874319,1.361546159
arm_DAGAH1601819Z,Glycerolipid metabolism,A8J056_wild,CCCCCCCCCCCCCCCC(=O)OC[C@H](CO)OC(=O)CCCCCCC/C=C\CCCCCCCC,0.98919183,-0.627620995,1.413554907
arm_DAGAH1601819Z,Glycerolipid metabolism,A8J056_wild,O,2.119389534,-0.033908162,1.762816668
arm_DAGAH1801819Z,Glycerolipid metabolism,A0A2K3CNS0_wild,CCCCCCCCCCCCCCCCCC(=O)OC[C@H](CO)OC(=O)CCCCCCC/C=C\CCCCCCCC,0.275181949,-1.613942504,1.264576316
arm_DAGAH1801819Z,Glycerolipid metabolism,A0A2K3CNS0_wild,O,1.674396753,-0.391487539,1.393553734
arm_DAGAH1801819Z,Glycerolipid metabolism,A0A2K3CNU4_wild,CCCCCCCCCCCCCCCCCC(=O)OC[C@H](CO)OC(=O)CCCCCCC/C=C\CCCCCCCC,-0.140929461,-1.367795825,0.779925942
arm_DAGAH1801819Z,Glycerolipid metabolism,A0A2K3CNU4_wild,O,1.318306327,-0.347388625,0.713401675
arm_DAGAH1801819Z,Glycerolipid metabolism,A0A2K3CX99_wild,CCCCCCCCCCCCCCCCCC(=O)OC[C@H](CO)OC(=O)CCCCCCC/C=C\CCCCCCCC,0.891125381,-0.666576743,0.971348405
arm_DAGAH1801819Z,Glycerolipid metabolism,A0A2K3CX99_wild,O,1.983316779,0.080360517,1.200588346
arm_DAGAH1801819Z,Glycerolipid metabolism,A0A2K3CXJ3_wild,CCCCCCCCCCCCCCCCCC(=O)OC[C@H](CO)OC(=O)CCCCCCC/C=C\CCCCCCCC,0.705473781,-0.33213082,0.600045979
arm_DAGAH1801819Z,Glycerolipid metabolism,A0A2K3CXJ3_wild,O,1.674777746,0.549110055,0.858112693
arm_DAGAH1801819Z,Glycerolipid metabolism,A0A2K3D3D3_wild,CCCCCCCCCCCCCCCCCC(=O)OC[C@H](CO)OC(=O)CCCCCCC/C=C\CCCCCCCC,0.983495355,-1.157861471,1.283328295
arm_DAGAH1801819Z,Glycerolipid metabolism,A0A2K3D3D3_wild,O,2.215553522,-0.069598481,1.319882751
arm_DAGAH1801819Z,Glycerolipid metabolism,A0A2K3D710_wild,CCCCCCCCCCCCCCCCCC(=O)OC[C@H](CO)OC(=O)CCCCCCC/C=C\CCCCCCCC,-0.226968214,-1.546383858,0.48127684
arm_DAGAH1801819Z,Glycerolipid metabolism,A0A2K3D710_wild,O,1.083993793,-0.499323994,0.597153485
arm_DAGAH1801819Z,Glycerolipid metabolism,A0A2K3D712_wild,CCCCCCCCCCCCCCCCCC(=O)OC[C@H](CO)OC(=O)CCCCCCC/C=C\CCCCCCCC,-0.228012845,-1.550517797,0.490619957
arm_DAGAH1801819Z,Glycerolipid metabolism,A0A2K3D712_wild,O,1.086323023,-0.500079513,0.601320088
arm_DAGAH1801819Z,Glycerolipid metabolism,A0A2K3DJ66_wild,CCCCCCCCCCCCCCCCCC(=O)OC[C@H](CO)OC(=O)CCCCCCC/C=C\CCCCCCCC,0.378041208,-1.24375236,1.220027208
arm_DAGAH1801819Z,Glycerolipid metabolism,A0A2K3DJ66_wild,O,1.498929977,-0.405866474,1.3382442
arm_DAGAH1801819Z,Glycerolipid metabolism,A0A2K3DJA9_wild,CCCCCCCCCCCCCCCCCC(=O)OC[C@H](CO)OC(=O)CCCCCCC/C=C\CCCCCCCC,0.040897459,-1.063470483,0.825709701
arm_DAGAH1801819Z,Glycerolipid metabolism,A0A2K3DJA9_wild,O,1.298353791,-0.23264727,0.978991866
arm_DAGAH1801819Z,Glycerolipid metabolism,A0A2K3DNL2_wild,CCCCCCCCCCCCCCCCCC(=O)OC[C@H](CO)OC(=O)CCCCCCC/C=C\CCCCCCCC,-0.25872761,-1.70042634,1.251353025
arm_DAGAH1801819Z,Glycerolipid metabolism,A0A2K3DNL2_wild,O,1.090560675,-0.6161834,1.18495059
arm_DAGAH1801819Z,Glycerolipid metabolism,A0A2K3DSP4_wild,CCCCCCCCCCCCCCCCCC(=O)OC[C@H](CO)OC(=O)CCCCCCC/C=C\CCCCCCCC,0.437389433,-0.609999061,0.75977689
arm_DAGAH1801819Z,Glycerolipid metabolism,A0A2K3DSP4_wild,O,1.604065537,0.430392563,0.748819232
arm_DAGAH1801819Z,Glycerolipid metabolism,A0A2K3DV73_wild,CCCCCCCCCCCCCCCCCC(=O)OC[C@H](CO)OC(=O)CCCCCCC/C=C\CCCCCCCC,-0.139130935,-1.685020208,0.972050786
arm_DAGAH1801819Z,Glycerolipid metabolism,A0A2K3DV73_wild,O,1.299811959,-0.627304137,1.012681723
arm_DAGAH1801819Z,Glycerolipid metabolism,A0A2K3DYG4_wild,CCCCCCCCCCCCCCCCCC(=O)OC[C@H](CO)OC(=O)CCCCCCC/C=C\CCCCCCCC,0.210857585,-1.669997215,1.094843864
arm_DAGAH1801819Z,Glycerolipid metabolism,A0A2K3DYG4_wild,O,1.518248558,-0.670566797,1.197124243
arm_DAGAH1801819Z,Glycerolipid metabolism,A0A2K3E4U8_wild,CCCCCCCCCCCCCCCCCC(=O)OC[C@H](CO)OC(=O)CCCCCCC/C=C\CCCCCCCC,0.36582619,-0.613694191,1.08204329
arm_DAGAH1801819Z,Glycerolipid metabolism,A0A2K3E4U8_wild,O,1.536249161,0.210874319,1.361546159
arm_DAGAH1801819Z,Glycerolipid metabolism,A8J056_wild,CCCCCCCCCCCCCCCCCC(=O)OC[C@H](CO)OC(=O)CCCCCCC/C=C\CCCCCCCC,0.946489513,-0.621902108,1.414536238
arm_DAGAH1801819Z,Glycerolipid metabolism,A8J056_wild,O,2.119389534,-0.033908162,1.762816668
arm_DAGAH18111Z18111Z,Glycerolipid metabolism,A0A2K3CNS0_wild,CCCCCC/C=C\CCCCCCCCCC(=O)OC[C@H](CO)OC(=O)CCCCCCCCC/C=C\CCCCCC,0.290552258,-1.63069725,1.288826346
arm_DAGAH18111Z18111Z,Glycerolipid metabolism,A0A2K3CNS0_wild,O,1.674396753,-0.391487539,1.393553734
arm_DAGAH18111Z18111Z,Glycerolipid metabolism,A0A2K3CNU4_wild,CCCCCC/C=C\CCCCCCCCCC(=O)OC[C@H](CO)OC(=O)CCCCCCCCC/C=C\CCCCCC,-0.140547723,-1.381645918,0.780327022
arm_DAGAH18111Z18111Z,Glycerolipid metabolism,A0A2K3CNU4_wild,O,1.318306327,-0.347388625,0.713401675
arm_DAGAH18111Z18111Z,Glycerolipid metabolism,A0A2K3CX99_wild,CCCCCC/C=C\CCCCCCCCCC(=O)OC[C@H](CO)OC(=O)CCCCCCCCC/C=C\CCCCCC,0.868086934,-0.675429463,0.974593639
arm_DAGAH18111Z18111Z,Glycerolipid metabolism,A0A2K3CX99_wild,O,1.983316779,0.080360517,1.200588346
arm_DAGAH18111Z18111Z,Glycerolipid metabolism,A0A2K3CXJ3_wild,CCCCCC/C=C\CCCCCCCCCC(=O)OC[C@H](CO)OC(=O)CCCCCCCCC/C=C\CCCCCC,0.682886779,-0.344418943,0.645333648
arm_DAGAH18111Z18111Z,Glycerolipid metabolism,A0A2K3CXJ3_wild,O,1.674777746,0.549110055,0.858112693
arm_DAGAH18111Z18111Z,Glycerolipid metabolism,A0A2K3D3D3_wild,CCCCCC/C=C\CCCCCCCCCC(=O)OC[C@H](CO)OC(=O)CCCCCCCCC/C=C\CCCCCC,0.996360779,-1.181226134,1.284785509
arm_DAGAH18111Z18111Z,Glycerolipid metabolism,A0A2K3D3D3_wild,O,2.215553522,-0.069598481,1.319882751
arm_DAGAH18111Z18111Z,Glycerolipid metabolism,A0A2K3D710_wild,CCCCCC/C=C\CCCCCCCCCC(=O)OC[C@H](CO)OC(=O)CCCCCCCCC/C=C\CCCCCC,-0.213370994,-1.548176289,0.504927337
arm_DAGAH18111Z18111Z,Glycerolipid metabolism,A0A2K3D710_wild,O,1.083993793,-0.499323994,0.597153485
arm_DAGAH18111Z18111Z,Glycerolipid metabolism,A0A2K3D712_wild,CCCCCC/C=C\CCCCCCCCCC(=O)OC[C@H](CO)OC(=O)CCCCCCCCC/C=C\CCCCCC,-0.214765504,-1.55323863,0.512711704
arm_DAGAH18111Z18111Z,Glycerolipid metabolism,A0A2K3D712_wild,O,1.086323023,-0.500079513,0.601320088
arm_DAGAH18111Z18111Z,Glycerolipid metabolism,A0A2K3DJ66_wild,CCCCCC/C=C\CCCCCCCCCC(=O)OC[C@H](CO)OC(=O)CCCCCCCCC/C=C\CCCCCC,0.378229856,-1.235497475,1.230902433
arm_DAGAH18111Z18111Z,Glycerolipid metabolism,A0A2K3DJ66_wild,O,1.498929977,-0.405866474,1.3382442
arm_DAGAH18111Z18111Z,Glycerolipid metabolism,A0A2K3DJA9_wild,CCCCCC/C=C\CCCCCCCCCC(=O)OC[C@H](CO)OC(=O)CCCCCCCCC/C=C\CCCCCC,0.036587704,-1.073009253,0.82771492
arm_DAGAH18111Z18111Z,Glycerolipid metabolism,A0A2K3DJA9_wild,O,1.298353791,-0.23264727,0.978991866
arm_DAGAH18111Z18111Z,Glycerolipid metabolism,A0A2K3DNL2_wild,CCCCCC/C=C\CCCCCCCCCC(=O)OC[C@H](CO)OC(=O)CCCCCCCCC/C=C\CCCCCC,-0.259567976,-1.713161111,1.23525393
arm_DAGAH18111Z18111Z,Glycerolipid metabolism,A0A2K3DNL2_wild,O,1.090560675,-0.6161834,1.18495059
arm_DAGAH18111Z18111Z,Glycerolipid metabolism,A0A2K3DSP4_wild,CCCCCC/C=C\CCCCCCCCCC(=O)OC[C@H](CO)OC(=O)CCCCCCCCC/C=C\CCCCCC,0.454125345,-0.647071838,0.776877463
arm_DAGAH18111Z18111Z,Glycerolipid metabolism,A0A2K3DSP4_wild,O,1.604065537,0.430392563,0.748819232
arm_DAGAH18111Z18111Z,Glycerolipid metabolism,A0A2K3DV73_wild,CCCCCC/C=C\CCCCCCCCCC(=O)OC[C@H](CO)OC(=O)CCCCCCCCC/C=C\CCCCCC,-0.16576913,-1.693767786,0.984038472
arm_DAGAH18111Z18111Z,Glycerolipid metabolism,A0A2K3DV73_wild,O,1.299811959,-0.627304137,1.012681723
arm_DAGAH18111Z18111Z,Glycerolipid metabolism,A0A2K3DYG4_wild,CCCCCC/C=C\CCCCCCCCCC(=O)OC[C@H](CO)OC(=O)CCCCCCCCC/C=C\CCCCCC,0.181818381,-1.689278841,1.082684875
arm_DAGAH18111Z18111Z,Glycerolipid metabolism,A0A2K3DYG4_wild,O,1.518248558,-0.670566797,1.197124243
arm_DAGAH18111Z18111Z,Glycerolipid metabolism,A0A2K3E4U8_wild,CCCCCC/C=C\CCCCCCCCCC(=O)OC[C@H](CO)OC(=O)CCCCCCCCC/C=C\CCCCCC,0.38723138,-0.581854224,1.125538588
arm_DAGAH18111Z18111Z,Glycerolipid metabolism,A0A2K3E4U8_wild,O,1.536249161,0.210874319,1.361546159
arm_DAGAH18111Z18111Z,Glycerolipid metabolism,A8J056_wild,CCCCCC/C=C\CCCCCCCCCC(=O)OC[C@H](CO)OC(=O)CCCCCCCCC/C=C\CCCCCC,0.933455586,-0.646400273,1.441129804
arm_DAGAH18111Z18111Z,Glycerolipid metabolism,A8J056_wild,O,2.119389534,-0.033908162,1.762816668
arm_DAGAH18111Z1819Z,Glycerolipid metabolism,A0A2K3CNS0_wild,CCCCCC/C=C\CCCCCCCCCC(=O)OC[C@H](CO)OC(=O)CCCCCCC/C=C\CCCCCCCC,0.316732407,-1.606264114,1.301648378
arm_DAGAH18111Z1819Z,Glycerolipid metabolism,A0A2K3CNS0_wild,O,1.674396753,-0.391487539,1.393553734
arm_DAGAH18111Z1819Z,Glycerolipid metabolism,A0A2K3CNU4_wild,CCCCCC/C=C\CCCCCCCCCC(=O)OC[C@H](CO)OC(=O)CCCCCCC/C=C\CCCCCCCC,-0.105537906,-1.370517492,0.798838437
arm_DAGAH18111Z1819Z,Glycerolipid metabolism,A0A2K3CNU4_wild,O,1.318306327,-0.347388625,0.713401675
arm_DAGAH18111Z1819Z,Glycerolipid metabolism,A0A2K3CX99_wild,CCCCCC/C=C\CCCCCCCCCC(=O)OC[C@H](CO)OC(=O)CCCCCCC/C=C\CCCCCCCC,0.873286903,-0.653289199,1.008420825
arm_DAGAH18111Z1819Z,Glycerolipid metabolism,A0A2K3CX99_wild,O,1.983316779,0.080360517,1.200588346
arm_DAGAH18111Z1819Z,Glycerolipid metabolism,A0A2K3CXJ3_wild,CCCCCC/C=C\CCCCCCCCCC(=O)OC[C@H](CO)OC(=O)CCCCCCC/C=C\CCCCCCCC,0.687698483,-0.338777214,0.670767128
arm_DAGAH18111Z1819Z,Glycerolipid metabolism,A0A2K3CXJ3_wild,O,1.674777746,0.549110055,0.858112693
arm_DAGAH18111Z1819Z,Glycerolipid metabolism,A0A2K3D3D3_wild,CCCCCC/C=C\CCCCCCCCCC(=O)OC[C@H](CO)OC(=O)CCCCCCC/C=C\CCCCCCCC,1.016990304,-1.148432493,1.298414946
arm_DAGAH18111Z1819Z,Glycerolipid metabolism,A0A2K3D3D3_wild,O,2.215553522,-0.069598481,1.319882751
arm_DAGAH18111Z1819Z,Glycerolipid metabolism,A0A2K3D710_wild,CCCCCC/C=C\CCCCCCCCCC(=O)OC[C@H](CO)OC(=O)CCCCCCC/C=C\CCCCCCCC,-0.187516823,-1.531336188,0.526957095
arm_DAGAH18111Z1819Z,Glycerolipid metabolism,A0A2K3D710_wild,O,1.083993793,-0.499323994,0.597153485
arm_DAGAH18111Z1819Z,Glycerolipid metabolism,A0A2K3D712_wild,CCCCCC/C=C\CCCCCCCCCC(=O)OC[C@H](CO)OC(=O)CCCCCCC/C=C\CCCCCCCC,-0.189139768,-1.535866261,0.535227835
arm_DAGAH18111Z1819Z,Glycerolipid metabolism,A0A2K3D712_wild,O,1.086323023,-0.500079513,0.601320088
arm_DAGAH18111Z1819Z,Glycerolipid metabolism,A0A2K3DJ66_wild,CCCCCC/C=C\CCCCCCCCCC(=O)OC[C@H](CO)OC(=O)CCCCCCC/C=C\CCCCCCCC,0.395730793,-1.223688841,1.240069866
arm_DAGAH18111Z1819Z,Glycerolipid metabolism,A0A2K3DJ66_wild,O,1.498929977,-0.405866474,1.3382442
arm_DAGAH18111Z1819Z,Glycerolipid metabolism,A0A2K3DJA9_wild,CCCCCC/C=C\CCCCCCCCCC(=O)OC[C@H](CO)OC(=O)CCCCCCC/C=C\CCCCCCCC,0.065637298,-1.068630934,0.847551048
arm_DAGAH18111Z1819Z,Glycerolipid metabolism,A0A2K3DJA9_wild,O,1.298353791,-0.23264727,0.978991866
arm_DAGAH18111Z1819Z,Glycerolipid metabolism,A0A2K3DNL2_wild,CCCCCC/C=C\CCCCCCCCCC(=O)OC[C@H](CO)OC(=O)CCCCCCC/C=C\CCCCCCCC,-0.234394953,-1.695582747,1.253714323
arm_DAGAH18111Z1819Z,Glycerolipid metabolism,A0A2K3DNL2_wild,O,1.090560675,-0.6161834,1.18495059
arm_DAGAH18111Z1819Z,Glycerolipid metabolism,A0A2K3DSP4_wild,CCCCCC/C=C\CCCCCCCCCC(=O)OC[C@H](CO)OC(=O)CCCCCCC/C=C\CCCCCCCC,0.482748687,-0.620702267,0.804968655
arm_DAGAH18111Z1819Z,Glycerolipid metabolism,A0A2K3DSP4_wild,O,1.604065537,0.430392563,0.748819232
arm_DAGAH18111Z1819Z,Glycerolipid metabolism,A0A2K3DV73_wild,CCCCCC/C=C\CCCCCCCCCC(=O)OC[C@H](CO)OC(=O)CCCCCCC/C=C\CCCCCCCC,-0.125853643,-1.68076551,0.998442292
arm_DAGAH18111Z1819Z,Glycerolipid metabolism,A0A2K3DV73_wild,O,1.299811959,-0.627304137,1.012681723
arm_DAGAH18111Z1819Z,Glycerolipid metabolism,A0A2K3DYG4_wild,CCCCCC/C=C\CCCCCCCCCC(=O)OC[C@H](CO)OC(=O)CCCCCCC/C=C\CCCCCCCC,0.217656463,-1.671127558,1.097550988
arm_DAGAH18111Z1819Z,Glycerolipid metabolism,A0A2K3DYG4_wild,O,1.518248558,-0.670566797,1.197124243
arm_DAGAH18111Z1819Z,Glycerolipid metabolism,A0A2K3E4U8_wild,CCCCCC/C=C\CCCCCCCCCC(=O)OC[C@H](CO)OC(=O)CCCCCCC/C=C\CCCCCCCC,0.411807537,-0.572475553,1.144479036
arm_DAGAH18111Z1819Z,Glycerolipid metabolism,A0A2K3E4U8_wild,O,1.536249161,0.210874319,1.361546159
arm_DAGAH18111Z1819Z,Glycerolipid metabolism,A8J056_wild,CCCCCC/C=C\CCCCCCCCCC(=O)OC[C@H](CO)OC(=O)CCCCCCC/C=C\CCCCCCCC,0.939991474,-0.657723129,1.460613012
arm_DAGAH18111Z1819Z,Glycerolipid metabolism,A8J056_wild,O,2.119389534,-0.033908162,1.762816668
arm_DAGAH1819Z18111Z,Glycerolipid metabolism,A0A2K3CNS0_wild,CCCCCCCC/C=C\CCCCCCCC(=O)OC[C@H](CO)OC(=O)CCCCCCCCC/C=C\CCCCCC,0.231545448,-1.760011435,1.288438916
arm_DAGAH1819Z18111Z,Glycerolipid metabolism,A0A2K3CNS0_wild,O,1.674396753,-0.391487539,1.393553734
arm_DAGAH1819Z18111Z,Glycerolipid metabolism,A0A2K3CNU4_wild,CCCCCCCC/C=C\CCCCCCCC(=O)OC[C@H](CO)OC(=O)CCCCCCCCC/C=C\CCCCCC,-0.207547858,-1.511632562,0.772891164
arm_DAGAH1819Z18111Z,Glycerolipid metabolism,A0A2K3CNU4_wild,O,1.318306327,-0.347388625,0.713401675
arm_DAGAH1819Z18111Z,Glycerolipid metabolism,A0A2K3CX99_wild,CCCCCCCC/C=C\CCCCCCCC(=O)OC[C@H](CO)OC(=O)CCCCCCCCC/C=C\CCCCCC,0.775771916,-0.806435764,0.944120705
arm_DAGAH1819Z18111Z,Glycerolipid metabolism,A0A2K3CX99_wild,O,1.983316779,0.080360517,1.200588346
arm_DAGAH1819Z18111Z,Glycerolipid metabolism,A0A2K3CXJ3_wild,CCCCCCCC/C=C\CCCCCCCC(=O)OC[C@H](CO)OC(=O)CCCCCCCCC/C=C\CCCCCC,0.599056065,-0.457431465,0.640464425
arm_DAGAH1819Z18111Z,Glycerolipid metabolism,A0A2K3CXJ3_wild,O,1.674777746,0.549110055,0.858112693
arm_DAGAH1819Z18111Z,Glycerolipid metabolism,A0A2K3D3D3_wild,CCCCCCCC/C=C\CCCCCCCC(=O)OC[C@H](CO)OC(=O)CCCCCCCCC/C=C\CCCCCC,0.917639852,-1.297385693,1.27778995
arm_DAGAH1819Z18111Z,Glycerolipid metabolism,A0A2K3D3D3_wild,O,2.215553522,-0.069598481,1.319882751
arm_DAGAH1819Z18111Z,Glycerolipid metabolism,A0A2K3D710_wild,CCCCCCCC/C=C\CCCCCCCC(=O)OC[C@H](CO)OC(=O)CCCCCCCCC/C=C\CCCCCC,-0.270962477,-1.682083368,0.498821974
arm_DAGAH1819Z18111Z,Glycerolipid metabolism,A0A2K3D710_wild,O,1.083993793,-0.499323994,0.597153485
arm_DAGAH1819Z18111Z,Glycerolipid metabolism,A0A2K3D712_wild,CCCCCCCC/C=C\CCCCCCCC(=O)OC[C@H](CO)OC(=O)CCCCCCCCC/C=C\CCCCCC,-0.273167193,-1.687339783,0.506618679
arm_DAGAH1819Z18111Z,Glycerolipid metabolism,A0A2K3D712_wild,O,1.086323023,-0.500079513,0.601320088
arm_DAGAH1819Z18111Z,Glycerolipid metabolism,A0A2K3DJ66_wild,CCCCCCCC/C=C\CCCCCCCC(=O)OC[C@H](CO)OC(=O)CCCCCCCCC/C=C\CCCCCC,0.313498586,-1.378021836,1.217680693
arm_DAGAH1819Z18111Z,Glycerolipid metabolism,A0A2K3DJ66_wild,O,1.498929977,-0.405866474,1.3382442
arm_DAGAH1819Z18111Z,Glycerolipid metabolism,A0A2K3DJA9_wild,CCCCCCCC/C=C\CCCCCCCC(=O)OC[C@H](CO)OC(=O)CCCCCCCCC/C=C\CCCCCC,-0.036067329,-1.200246453,0.819931328
arm_DAGAH1819Z18111Z,Glycerolipid metabolism,A0A2K3DJA9_wild,O,1.298353791,-0.23264727,0.978991866
arm_DAGAH1819Z18111Z,Glycerolipid metabolism,A0A2K3DNL2_wild,CCCCCCCC/C=C\CCCCCCCC(=O)OC[C@H](CO)OC(=O)CCCCCCCCC/C=C\CCCCCC,-0.336931556,-1.835967064,1.243848205
arm_DAGAH1819Z18111Z,Glycerolipid metabolism,A0A2K3DNL2_wild,O,1.090560675,-0.6161834,1.18495059
arm_DAGAH1819Z18111Z,Glycerolipid metabolism,A0A2K3DSP4_wild,CCCCCCCC/C=C\CCCCCCCC(=O)OC[C@H](CO)OC(=O)CCCCCCCCC/C=C\CCCCCC,0.38368243,-0.768453181,0.76377809
arm_DAGAH1819Z18111Z,Glycerolipid metabolism,A0A2K3DSP4_wild,O,1.604065537,0.430392563,0.748819232
arm_DAGAH1819Z18111Z,Glycerolipid metabolism,A0A2K3DV73_wild,CCCCCCCC/C=C\CCCCCCCC(=O)OC[C@H](CO)OC(=O)CCCCCCCCC/C=C\CCCCCC,-0.251714408,-1.833716035,0.987545669
arm_DAGAH1819Z18111Z,Glycerolipid metabolism,A0A2K3DV73_wild,O,1.299811959,-0.627304137,1.012681723
arm_DAGAH1819Z18111Z,Glycerolipid metabolism,A0A2K3DYG4_wild,CCCCCCCC/C=C\CCCCCCCC(=O)OC[C@H](CO)OC(=O)CCCCCCCCC/C=C\CCCCCC,0.105675116,-1.834730864,1.084386826
arm_DAGAH1819Z18111Z,Glycerolipid metabolism,A0A2K3DYG4_wild,O,1.518248558,-0.670566797,1.197124243
arm_DAGAH1819Z18111Z,Glycerolipid metabolism,A0A2K3E4U8_wild,CCCCCCCC/C=C\CCCCCCCC(=O)OC[C@H](CO)OC(=O)CCCCCCCCC/C=C\CCCCCC,0.28281492,-0.686411977,1.095518827
arm_DAGAH1819Z18111Z,Glycerolipid metabolism,A0A2K3E4U8_wild,O,1.536249161,0.210874319,1.361546159
arm_DAGAH1819Z18111Z,Glycerolipid metabolism,A8J056_wild,CCCCCCCC/C=C\CCCCCCCC(=O)OC[C@H](CO)OC(=O)CCCCCCCCC/C=C\CCCCCC,0.846197903,-0.746629059,1.407846212
arm_DAGAH1819Z18111Z,Glycerolipid metabolism,A8J056_wild,O,2.119389534,-0.033908162,1.762816668
arm_DAGAH1819Z1819Z,Glycerolipid metabolism,A0A2K3CNS0_wild,CCCCCCCC/C=C\CCCCCCCC(=O)OC[C@H](CO)OC(=O)CCCCCCC/C=C\CCCCCCCC,0.237204581,-1.731150985,1.30570066
arm_DAGAH1819Z1819Z,Glycerolipid metabolism,A0A2K3CNS0_wild,O,1.674396753,-0.391487539,1.393553734
arm_DAGAH1819Z1819Z,Glycerolipid metabolism,A0A2K3CNU4_wild,CCCCCCCC/C=C\CCCCCCCC(=O)OC[C@H](CO)OC(=O)CCCCCCC/C=C\CCCCCCCC,-0.192047536,-1.497617364,0.795365334
arm_DAGAH1819Z1819Z,Glycerolipid metabolism,A0A2K3CNU4_wild,O,1.318306327,-0.347388625,0.713401675
arm_DAGAH1819Z1819Z,Glycerolipid metabolism,A0A2K3CX99_wild,CCCCCCCC/C=C\CCCCCCCC(=O)OC[C@H](CO)OC(=O)CCCCCCC/C=C\CCCCCCCC,0.763897002,-0.787748933,0.979198933
arm_DAGAH1819Z1819Z,Glycerolipid metabolism,A0A2K3CX99_wild,O,1.983316779,0.080360517,1.200588346
arm_DAGAH1819Z1819Z,Glycerolipid metabolism,A0A2K3CXJ3_wild,CCCCCCCC/C=C\CCCCCCCC(=O)OC[C@H](CO)OC(=O)CCCCCCC/C=C\CCCCCCCC,0.586648107,-0.451415628,0.671894491
arm_DAGAH1819Z1819Z,Glycerolipid metabolism,A0A2K3CXJ3_wild,O,1.674777746,0.549110055,0.858112693
arm_DAGAH1819Z1819Z,Glycerolipid metabolism,A0A2K3D3D3_wild,CCCCCCCC/C=C\CCCCCCCC(=O)OC[C@H](CO)OC(=O)CCCCCCC/C=C\CCCCCCCC,0.916737258,-1.263159156,1.294288039
arm_DAGAH1819Z1819Z,Glycerolipid metabolism,A0A2K3D3D3_wild,O,2.215553522,-0.069598481,1.319882751
arm_DAGAH1819Z1819Z,Glycerolipid metabolism,A0A2K3D710_wild,CCCCCCCC/C=C\CCCCCCCC(=O)OC[C@H](CO)OC(=O)CCCCCCC/C=C\CCCCCCCC,-0.269473016,-1.664354682,0.527890563
arm_DAGAH1819Z1819Z,Glycerolipid metabolism,A0A2K3D710_wild,O,1.083993793,-0.499323994,0.597153485
arm_DAGAH1819Z1819Z,Glycerolipid metabolism,A0A2K3D712_wild,CCCCCCCC/C=C\CCCCCCCC(=O)OC[C@H](CO)OC(=O)CCCCCCC/C=C\CCCCCCCC,-0.271546185,-1.669728041,0.536014616
arm_DAGAH1819Z1819Z,Glycerolipid metabolism,A0A2K3D712_wild,O,1.086323023,-0.500079513,0.601320088
arm_DAGAH1819Z1819Z,Glycerolipid metabolism,A0A2K3DJ66_wild,CCCCCCCC/C=C\CCCCCCCC(=O)OC[C@H](CO)OC(=O)CCCCCCC/C=C\CCCCCCCC,0.312151074,-1.365441322,1.233522296
arm_DAGAH1819Z1819Z,Glycerolipid metabolism,A0A2K3DJ66_wild,O,1.498929977,-0.405866474,1.3382442
arm_DAGAH1819Z1819Z,Glycerolipid metabolism,A0A2K3DJA9_wild,CCCCCCCC/C=C\CCCCCCCC(=O)OC[C@H](CO)OC(=O)CCCCCCC/C=C\CCCCCCCC,-0.029888386,-1.196012139,0.845151424
arm_DAGAH1819Z1819Z,Glycerolipid metabolism,A0A2K3DJA9_wild,O,1.298353791,-0.23264727,0.978991866
arm_DAGAH1819Z1819Z,Glycerolipid metabolism,A0A2K3DNL2_wild,CCCCCCCC/C=C\CCCCCCCC(=O)OC[C@H](CO)OC(=O)CCCCCCC/C=C\CCCCCCCC,-0.325257927,-1.819913268,1.266470671
arm_DAGAH1819Z1819Z,Glycerolipid metabolism,A0A2K3DNL2_wild,O,1.090560675,-0.6161834,1.18495059
arm_DAGAH1819Z1819Z,Glycerolipid metabolism,A0A2K3DSP4_wild,CCCCCCCC/C=C\CCCCCCCC(=O)OC[C@H](CO)OC(=O)CCCCCCC/C=C\CCCCCCCC,0.395728678,-0.745357573,0.789606154
arm_DAGAH1819Z1819Z,Glycerolipid metabolism,A0A2K3DSP4_wild,O,1.604065537,0.430392563,0.748819232
arm_DAGAH1819Z1819Z,Glycerolipid metabolism,A0A2K3DV73_wild,CCCCCCCC/C=C\CCCCCCCC(=O)OC[C@H](CO)OC(=O)CCCCCCC/C=C\CCCCCCCC,-0.228867218,-1.821832657,1.004828453
arm_DAGAH1819Z1819Z,Glycerolipid metabolism,A0A2K3DV73_wild,O,1.299811959,-0.627304137,1.012681723
arm_DAGAH1819Z1819Z,Glycerolipid metabolism,A0A2K3DYG4_wild,CCCCCCCC/C=C\CCCCCCCC(=O)OC[C@H](CO)OC(=O)CCCCCCC/C=C\CCCCCCCC,0.121505179,-1.820650339,1.099937677
arm_DAGAH1819Z1819Z,Glycerolipid metabolism,A0A2K3DYG4_wild,O,1.518248558,-0.670566797,1.197124243
arm_DAGAH1819Z1819Z,Glycerolipid metabolism,A0A2K3E4U8_wild,CCCCCCCC/C=C\CCCCCCCC(=O)OC[C@H](CO)OC(=O)CCCCCCC/C=C\CCCCCCCC,0.285612434,-0.674194217,1.117589355
arm_DAGAH1819Z1819Z,Glycerolipid metabolism,A0A2K3E4U8_wild,O,1.536249161,0.210874319,1.361546159
arm_DAGAH1819Z1819Z,Glycerolipid metabolism,A8J056_wild,CCCCCCCC/C=C\CCCCCCCC(=O)OC[C@H](CO)OC(=O)CCCCCCC/C=C\CCCCCCCC,0.825947881,-0.758029461,1.427230477
arm_DAGAH1819Z1819Z,Glycerolipid metabolism,A8J056_wild,O,2.119389534,-0.033908162,1.762816668
arm_DAGK16018111Z,Glycerolipid metabolism,A0A2K3DIF0_wild,CCCCCCCCCCCCCCCC(=O)OC[C@H](CO)OC(=O)CCCCCCCCC/C=C\CCCCCC,0.495917469,-1.802101731,1.418679237
arm_DAGK16018111Z,Glycerolipid metabolism,A0A2K3DIF0_wild,C1=NC(=C2C(=N1)N(C=N2)[C@H]3[C@@H]([C@@H]([C@H](O3)COP(=O)(O)OP(=O)(O)OP(=O)(O)O)O)O)N,0.609938979,-1.644323945,1.482927322
arm_DAGK16018111Z,Glycerolipid metabolism,A0A2K3DJB5_wild,CCCCCCCCCCCCCCCC(=O)OC[C@H](CO)OC(=O)CCCCCCCCC/C=C\CCCCCC,0.447222531,-1.48483777,1.456130743
arm_DAGK16018111Z,Glycerolipid metabolism,A0A2K3DJB5_wild,C1=NC(=C2C(=N1)N(C=N2)[C@H]3[C@@H]([C@@H]([C@H](O3)COP(=O)(O)OP(=O)(O)OP(=O)(O)O)O)O)N,0.644254804,-1.388189673,1.532417893
arm_DAGK1601819Z,Glycerolipid metabolism,A0A2K3DIF0_wild,CCCCCCCCCCCCCCCC(=O)OC[C@H](CO)OC(=O)CCCCCCC/C=C\CCCCCCCC,0.568331778,-1.802331567,1.468436956
arm_DAGK1601819Z,Glycerolipid metabolism,A0A2K3DIF0_wild,C1=NC(=C2C(=N1)N(C=N2)[C@H]3[C@@H]([C@@H]([C@H](O3)COP(=O)(O)OP(=O)(O)OP(=O)(O)O)O)O)N,0.609938979,-1.644323945,1.482927322
arm_DAGK1601819Z,Glycerolipid metabolism,A0A2K3DJB5_wild,CCCCCCCCCCCCCCCC(=O)OC[C@H](CO)OC(=O)CCCCCCC/C=C\CCCCCCCC,0.520192802,-1.49070847,1.511709213
arm_DAGK1601819Z,Glycerolipid metabolism,A0A2K3DJB5_wild,C1=NC(=C2C(=N1)N(C=N2)[C@H]3[C@@H]([C@@H]([C@H](O3)COP(=O)(O)OP(=O)(O)OP(=O)(O)O)O)O)N,0.644254804,-1.388189673,1.532417893
arm_DAGK1601819Zh,Glycerolipid metabolism,A0A2K3DIF0_wild,CCCCCCCCCCCCCCCC(=O)OC[C@H](CO)OC(=O)CCCCCCC/C=C\CCCCCCCC,0.568331778,-1.802331567,1.468436956
arm_DAGK1601819Zh,Glycerolipid metabolism,A0A2K3DIF0_wild,C1=NC(=C2C(=N1)N(C=N2)[C@H]3[C@@H]([C@@H]([C@H](O3)COP(=O)(O)OP(=O)(O)OP(=O)(O)O)O)O)N,0.609938979,-1.644323945,1.482927322
arm_DAGK1601819Zh,Glycerolipid metabolism,A0A2K3DJB5_wild,CCCCCCCCCCCCCCCC(=O)OC[C@H](CO)OC(=O)CCCCCCC/C=C\CCCCCCCC,0.520192802,-1.49070847,1.511709213
arm_DAGK1601819Zh,Glycerolipid metabolism,A0A2K3DJB5_wild,C1=NC(=C2C(=N1)N(C=N2)[C@H]3[C@@H]([C@@H]([C@H](O3)COP(=O)(O)OP(=O)(O)OP(=O)(O)O)O)O)N,0.644254804,-1.388189673,1.532417893
arm_DAGK160h,Glycerolipid metabolism,A0A2K3DIF0_wild,CCCCCCCCCCCCCCCC(=O)OC[C@H](CO)OC(=O)CCCCCCCCCCCCCCC,0.507948756,-1.46690166,1.285357118
arm_DAGK160h,Glycerolipid metabolism,A0A2K3DIF0_wild,C1=NC(=C2C(=N1)N(C=N2)[C@H]3[C@@H]([C@@H]([C@H](O3)COP(=O)(O)OP(=O)(O)OP(=O)(O)O)O)O)N,0.609938979,-1.644323945,1.482927322
arm_DAGK160h,Glycerolipid metabolism,A0A2K3DJB5_wild,CCCCCCCCCCCCCCCC(=O)OC[C@H](CO)OC(=O)CCCCCCCCCCCCCCC,0.452976793,-1.151842594,1.307398796
arm_DAGK160h,Glycerolipid metabolism,A0A2K3DJB5_wild,C1=NC(=C2C(=N1)N(C=N2)[C@H]3[C@@H]([C@@H]([C@H](O3)COP(=O)(O)OP(=O)(O)OP(=O)(O)O)O)O)N,0.644254804,-1.388189673,1.532417893
arm_DAGK1801819Z,Glycerolipid metabolism,A0A2K3DIF0_wild,CCCCCCCCCCCCCCCCCC(=O)OC[C@H](CO)OC(=O)CCCCCCC/C=C\CCCCCCCC,0.518661022,-1.790153146,1.478161931
arm_DAGK1801819Z,Glycerolipid metabolism,A0A2K3DIF0_wild,C1=NC(=C2C(=N1)N(C=N2)[C@H]3[C@@H]([C@@H]([C@H](O3)COP(=O)(O)OP(=O)(O)OP(=O)(O)O)O)O)N,0.609938979,-1.644323945,1.482927322
arm_DAGK1801819Z,Glycerolipid metabolism,A0A2K3DJB5_wild,CCCCCCCCCCCCCCCCCC(=O)OC[C@H](CO)OC(=O)CCCCCCC/C=C\CCCCCCCC,0.478818119,-1.480432868,1.523972511
arm_DAGK1801819Z,Glycerolipid metabolism,A0A2K3DJB5_wild,C1=NC(=C2C(=N1)N(C=N2)[C@H]3[C@@H]([C@@H]([C@H](O3)COP(=O)(O)OP(=O)(O)OP(=O)(O)O)O)O)N,0.644254804,-1.388189673,1.532417893
arm_DAGK1801819Zh,Glycerolipid metabolism,A0A2K3DIF0_wild,CCCCCCCCCCCCCCCCCC(=O)OC[C@H](CO)OC(=O)CCCCCCC/C=C\CCCCCCCC,0.518661022,-1.790153146,1.478161931
arm_DAGK1801819Zh,Glycerolipid metabolism,A0A2K3DIF0_wild,C1=NC(=C2C(=N1)N(C=N2)[C@H]3[C@@H]([C@@H]([C@H](O3)COP(=O)(O)OP(=O)(O)OP(=O)(O)O)O)O)N,0.609938979,-1.644323945,1.482927322
arm_DAGK1801819Zh,Glycerolipid metabolism,A0A2K3DJB5_wild,CCCCCCCCCCCCCCCCCC(=O)OC[C@H](CO)OC(=O)CCCCCCC/C=C\CCCCCCCC,0.478818119,-1.480432868,1.523972511
arm_DAGK1801819Zh,Glycerolipid metabolism,A0A2K3DJB5_wild,C1=NC(=C2C(=N1)N(C=N2)[C@H]3[C@@H]([C@@H]([C@H](O3)COP(=O)(O)OP(=O)(O)OP(=O)(O)O)O)O)N,0.644254804,-1.388189673,1.532417893
arm_DAGK181,Glycerolipid metabolism,A0A2K3DIF0_wild,CCCCCC/C=C\CCCCCCCCCC(=O)OC[C@H](CO)OC(=O)CCCCCCCCC/C=C\CCCCCC,0.51943785,-1.786724448,1.467584372
arm_DAGK181,Glycerolipid metabolism,A0A2K3DIF0_wild,C1=NC(=C2C(=N1)N(C=N2)[C@H]3[C@@H]([C@@H]([C@H](O3)COP(=O)(O)OP(=O)(O)OP(=O)(O)O)O)O)N,0.609938979,-1.644323945,1.482927322
arm_DAGK181,Glycerolipid metabolism,A0A2K3DJB5_wild,CCCCCC/C=C\CCCCCCCCCC(=O)OC[C@H](CO)OC(=O)CCCCCCCCC/C=C\CCCCCC,0.482767045,-1.453351021,1.494671106
arm_DAGK181,Glycerolipid metabolism,A0A2K3DJB5_wild,C1=NC(=C2C(=N1)N(C=N2)[C@H]3[C@@H]([C@@H]([C@H](O3)COP(=O)(O)OP(=O)(O)OP(=O)(O)O)O)O)N,0.644254804,-1.388189673,1.532417893
arm_DAGK18111Z160h,Glycerolipid metabolism,A0A2K3DIF0_wild,CCCCCC/C=C\CCCCCCCCCC(=O)OC[C@H](CO)OC(=O)CCCCCCCCCCCCCCC,0.539123833,-1.552009821,1.29651165
arm_DAGK18111Z160h,Glycerolipid metabolism,A0A2K3DIF0_wild,C1=NC(=C2C(=N1)N(C=N2)[C@H]3[C@@H]([C@@H]([C@H](O3)COP(=O)(O)OP(=O)(O)OP(=O)(O)O)O)O)N,0.609938979,-1.644323945,1.482927322
arm_DAGK18111Z160h,Glycerolipid metabolism,A0A2K3DJB5_wild,CCCCCC/C=C\CCCCCCCCCC(=O)OC[C@H](CO)OC(=O)CCCCCCCCCCCCCCC,0.487368047,-1.228964567,1.331867576
arm_DAGK18111Z160h,Glycerolipid metabolism,A0A2K3DJB5_wild,C1=NC(=C2C(=N1)N(C=N2)[C@H]3[C@@H]([C@@H]([C@H](O3)COP(=O)(O)OP(=O)(O)OP(=O)(O)O)O)O)N,0.644254804,-1.388189673,1.532417893
arm_DAGK18111Z1819Z,Glycerolipid metabolism,A0A2K3DIF0_wild,CCCCCC/C=C\CCCCCCCCCC(=O)OC[C@H](CO)OC(=O)CCCCCCC/C=C\CCCCCCCC,0.548492134,-1.770954728,1.483312488
arm_DAGK18111Z1819Z,Glycerolipid metabolism,A0A2K3DIF0_wild,C1=NC(=C2C(=N1)N(C=N2)[C@H]3[C@@H]([C@@H]([C@H](O3)COP(=O)(O)OP(=O)(O)OP(=O)(O)O)O)O)N,0.609938979,-1.644323945,1.482927322
arm_DAGK18111Z1819Z,Glycerolipid metabolism,A0A2K3DJB5_wild,CCCCCC/C=C\CCCCCCCCCC(=O)OC[C@H](CO)OC(=O)CCCCCCC/C=C\CCCCCCCC,0.500854075,-1.4461447,1.51536727
arm_DAGK18111Z1819Z,Glycerolipid metabolism,A0A2K3DJB5_wild,C1=NC(=C2C(=N1)N(C=N2)[C@H]3[C@@H]([C@@H]([C@H](O3)COP(=O)(O)OP(=O)(O)OP(=O)(O)O)O)O)N,0.644254804,-1.388189673,1.532417893
arm_DAGK18111Z1819Zh,Glycerolipid metabolism,A0A2K3DIF0_wild,CCCCCC/C=C\CCCCCCCCCC(=O)OC[C@H](CO)OC(=O)CCCCCCC/C=C\CCCCCCCC,0.548492134,-1.770954728,1.483312488
arm_DAGK18111Z1819Zh,Glycerolipid metabolism,A0A2K3DIF0_wild,C1=NC(=C2C(=N1)N(C=N2)[C@H]3[C@@H]([C@@H]([C@H](O3)COP(=O)(O)OP(=O)(O)OP(=O)(O)O)O)O)N,0.609938979,-1.644323945,1.482927322
arm_DAGK18111Z1819Zh,Glycerolipid metabolism,A0A2K3DJB5_wild,CCCCCC/C=C\CCCCCCCCCC(=O)OC[C@H](CO)OC(=O)CCCCCCC/C=C\CCCCCCCC,0.500854075,-1.4461447,1.51536727
arm_DAGK18111Z1819Zh,Glycerolipid metabolism,A0A2K3DJB5_wild,C1=NC(=C2C(=N1)N(C=N2)[C@H]3[C@@H]([C@@H]([C@H](O3)COP(=O)(O)OP(=O)(O)OP(=O)(O)O)O)O)N,0.644254804,-1.388189673,1.532417893
arm_DAGK1819Z160h,Glycerolipid metabolism,A0A2K3DIF0_wild,CCCCCCCC/C=C\CCCCCCCC(=O)OC[C@H](CO)OC(=O)CCCCCCCCCCCCCCC,0.436454833,-1.699763536,1.294048548
arm_DAGK1819Z160h,Glycerolipid metabolism,A0A2K3DIF0_wild,C1=NC(=C2C(=N1)N(C=N2)[C@H]3[C@@H]([C@@H]([C@H](O3)COP(=O)(O)OP(=O)(O)OP(=O)(O)O)O)O)N,0.609938979,-1.644323945,1.482927322
arm_DAGK1819Z160h,Glycerolipid metabolism,A0A2K3DJB5_wild,CCCCCCCC/C=C\CCCCCCCC(=O)OC[C@H](CO)OC(=O)CCCCCCCCCCCCCCC,0.39139995,-1.378129482,1.324941516
arm_DAGK1819Z160h,Glycerolipid metabolism,A0A2K3DJB5_wild,C1=NC(=C2C(=N1)N(C=N2)[C@H]3[C@@H]([C@@H]([C@H](O3)COP(=O)(O)OP(=O)(O)OP(=O)(O)O)O)O)N,0.644254804,-1.388189673,1.532417893
arm_DAGK1819Z1619Zh,Glycerolipid metabolism,A0A2K3DIF0_wild,CCCCCCCC/C=C\CCCCCCCC(=O)OC[C@H](CO)OC(=O)CCCCCCC/C=C\CCCCCC,0.549203753,-1.957312346,1.540431023
arm_DAGK1819Z1619Zh,Glycerolipid metabolism,A0A2K3DIF0_wild,C1=NC(=C2C(=N1)N(C=N2)[C@H]3[C@@H]([C@@H]([C@H](O3)COP(=O)(O)OP(=O)(O)OP(=O)(O)O)O)O)N,0.609938979,-1.644323945,1.482927322
arm_DAGK1819Z1619Zh,Glycerolipid metabolism,A0A2K3DJB5_wild,CCCCCCCC/C=C\CCCCCCCC(=O)OC[C@H](CO)OC(=O)CCCCCCC/C=C\CCCCCC,0.502749503,-1.62836051,1.555783987
arm_DAGK1819Z1619Zh,Glycerolipid metabolism,A0A2K3DJB5_wild,C1=NC(=C2C(=N1)N(C=N2)[C@H]3[C@@H]([C@@H]([C@H](O3)COP(=O)(O)OP(=O)(O)OP(=O)(O)O)O)O)N,0.644254804,-1.388189673,1.532417893
arm_DAGK1819Z18111Z,Glycerolipid metabolism,A0A2K3DIF0_wild,CCCCCCCC/C=C\CCCCCCCC(=O)OC[C@H](CO)OC(=O)CCCCCCCCC/C=C\CCCCCC,0.463324696,-1.928281784,1.46869874
arm_DAGK1819Z18111Z,Glycerolipid metabolism,A0A2K3DIF0_wild,C1=NC(=C2C(=N1)N(C=N2)[C@H]3[C@@H]([C@@H]([C@H](O3)COP(=O)(O)OP(=O)(O)OP(=O)(O)O)O)O)N,0.609938979,-1.644323945,1.482927322
arm_DAGK1819Z18111Z,Glycerolipid metabolism,A0A2K3DJB5_wild,CCCCCCCC/C=C\CCCCCCCC(=O)OC[C@H](CO)OC(=O)CCCCCCCCC/C=C\CCCCCC,0.431365728,-1.59429884,1.48598361
arm_DAGK1819Z18111Z,Glycerolipid metabolism,A0A2K3DJB5_wild,C1=NC(=C2C(=N1)N(C=N2)[C@H]3[C@@H]([C@@H]([C@H](O3)COP(=O)(O)OP(=O)(O)OP(=O)(O)O)O)O)N,0.644254804,-1.388189673,1.532417893
arm_DAGK1819Z18111Zh,Glycerolipid metabolism,A0A2K3DIF0_wild,CCCCCCCC/C=C\CCCCCCCC(=O)OC[C@H](CO)OC(=O)CCCCCCCCC/C=C\CCCCCC,0.463324696,-1.928281784,1.46869874
arm_DAGK1819Z18111Zh,Glycerolipid metabolism,A0A2K3DIF0_wild,C1=NC(=C2C(=N1)N(C=N2)[C@H]3[C@@H]([C@@H]([C@H](O3)COP(=O)(O)OP(=O)(O)OP(=O)(O)O)O)O)N,0.609938979,-1.644323945,1.482927322
arm_DAGK1819Z18111Zh,Glycerolipid metabolism,A0A2K3DJB5_wild,CCCCCCCC/C=C\CCCCCCCC(=O)OC[C@H](CO)OC(=O)CCCCCCCCC/C=C\CCCCCC,0.431365728,-1.59429884,1.48598361
arm_DAGK1819Z18111Zh,Glycerolipid metabolism,A0A2K3DJB5_wild,C1=NC(=C2C(=N1)N(C=N2)[C@H]3[C@@H]([C@@H]([C@H](O3)COP(=O)(O)OP(=O)(O)OP(=O)(O)O)O)O)N,0.644254804,-1.388189673,1.532417893
arm_DAGK1819Z1819Z,Glycerolipid metabolism,A0A2K3DIF0_wild,CCCCCCCC/C=C\CCCCCCCC(=O)OC[C@H](CO)OC(=O)CCCCCCC/C=C\CCCCCCCC,0.464236736,-1.912914872,1.486229777
arm_DAGK1819Z1819Z,Glycerolipid metabolism,A0A2K3DIF0_wild,C1=NC(=C2C(=N1)N(C=N2)[C@H]3[C@@H]([C@@H]([C@H](O3)COP(=O)(O)OP(=O)(O)OP(=O)(O)O)O)O)N,0.609938979,-1.644323945,1.482927322
arm_DAGK1819Z1819Z,Glycerolipid metabolism,A0A2K3DJB5_wild,CCCCCCCC/C=C\CCCCCCCC(=O)OC[C@H](CO)OC(=O)CCCCCCC/C=C\CCCCCCCC,0.432414949,-1.583990335,1.51032424
arm_DAGK1819Z1819Z,Glycerolipid metabolism,A0A2K3DJB5_wild,C1=NC(=C2C(=N1)N(C=N2)[C@H]3[C@@H]([C@@H]([C@H](O3)COP(=O)(O)OP(=O)(O)OP(=O)(O)O)O)O)N,0.644254804,-1.388189673,1.532417893
arm_DAGK1819Z1819Zh,Glycerolipid metabolism,A0A2K3DIF0_wild,CCCCCCCC/C=C\CCCCCCCC(=O)OC[C@H](CO)OC(=O)CCCCCCC/C=C\CCCCCCCC,0.464236736,-1.912914872,1.486229777
arm_DAGK1819Z1819Zh,Glycerolipid metabolism,A0A2K3DIF0_wild,C1=NC(=C2C(=N1)N(C=N2)[C@H]3[C@@H]([C@@H]([C@H](O3)COP(=O)(O)OP(=O)(O)OP(=O)(O)O)O)O)N,0.609938979,-1.644323945,1.482927322
arm_DAGK1819Z1819Zh,Glycerolipid metabolism,A0A2K3DJB5_wild,CCCCCCCC/C=C\CCCCCCCC(=O)OC[C@H](CO)OC(=O)CCCCCCC/C=C\CCCCCCCC,0.432414949,-1.583990335,1.51032424
arm_DAGK1819Z1819Zh,Glycerolipid metabolism,A0A2K3DJB5_wild,C1=NC(=C2C(=N1)N(C=N2)[C@H]3[C@@H]([C@@H]([C@H](O3)COP(=O)(O)OP(=O)(O)OP(=O)(O)O)O)O)N,0.644254804,-1.388189673,1.532417893
arm_DGDGD7DS1819Z1617Z,Glycerolipid metabolism,A0A2K3CTD8_wild,CCCCCCCC/C=C\CCCCCCCC(=O)OC[C@H](CO[C@@H]1O[C@H](CO[C@H]2O[C@H](CO)[C@H](O)[C@@H](O)[C@H]2O)[C@H](O)[C@@H](O)[C@H]1O)OC(=O)CCCCCCCCCCCCCCC,1.040310383,-2.738090038,2.276395321
arm_DGDGD7DS1819Z1617Z,Glycerolipid metabolism,A0A2K3CTD8_wild,C1C=CN(C=C1C(=O)N)[C@H]2[C@@H]([C@@H]([C@H](O2)COP(=O)(O)OP(=O)(O)OC[C@@H]3[C@H]([C@H]([C@@H](O3)N4C=NC5=C(N=CN=C54)N)OP(=O)(O)O)O)O)O,1.064813375,-2.432117462,2.418567181
arm_DGDGD7DS1819Z1617Z,Glycerolipid metabolism,A0A2K3CTD8_wild,O=O,1.058802485,-2.072975636,2.015945673
arm_DGDGD7DS1819Z1617Z,Glycerolipid metabolism,A0A2K3DD32_wild,CCCCCCCC/C=C\CCCCCCCC(=O)OC[C@H](CO[C@@H]1O[C@H](CO[C@H]2O[C@H](CO)[C@H](O)[C@@H](O)[C@H]2O)[C@H](O)[C@@H](O)[C@H]1O)OC(=O)CCCCCCCCCCCCCCC,0.480163038,-2.304344177,1.82893157
arm_DGDGD7DS1819Z1617Z,Glycerolipid metabolism,A0A2K3DD32_wild,C1C=CN(C=C1C(=O)N)[C@H]2[C@@H]([C@@H]([C@H](O2)COP(=O)(O)OP(=O)(O)OC[C@@H]3[C@H]([C@H]([C@@H](O3)N4C=NC5=C(N=CN=C54)N)OP(=O)(O)O)O)O)O,0.556167662,-2.038317204,1.899398088
arm_DGDGD7DS1819Z1617Z,Glycerolipid metabolism,A0A2K3DD32_wild,O=O,0.69564867,-2.046997309,1.657543182
arm_DGDGD7DS1819Z1617Z,Glycerolipid metabolism,A0A2K3DQ46_wild,CCCCCCCC/C=C\CCCCCCCC(=O)OC[C@H](CO[C@@H]1O[C@H](CO[C@H]2O[C@H](CO)[C@H](O)[C@@H](O)[C@H]2O)[C@H](O)[C@@H](O)[C@H]1O)OC(=O)CCCCCCCCCCCCCCC,-0.552728534,-2.013973713,0.791680574
arm_DGDGD7DS1819Z1617Z,Glycerolipid metabolism,A0A2K3DQ46_wild,C1C=CN(C=C1C(=O)N)[C@H]2[C@@H]([C@@H]([C@H](O2)COP(=O)(O)OP(=O)(O)OC[C@@H]3[C@H]([C@H]([C@@H](O3)N4C=NC5=C(N=CN=C54)N)OP(=O)(O)O)O)O)O,-0.408041626,-1.583424568,0.724595845
arm_DGDGD7DS1819Z1617Z,Glycerolipid metabolism,A0A2K3DQ46_wild,O=O,-0.487161964,-1.302583456,0.413232386
arm_DGDGD7DS1819Z1617Z,Glycerolipid metabolism,O48663_wild,CCCCCCCC/C=C\CCCCCCCC(=O)OC[C@H](CO[C@@H]1O[C@H](CO[C@H]2O[C@H](CO)[C@H](O)[C@@H](O)[C@H]2O)[C@H](O)[C@@H](O)[C@H]1O)OC(=O)CCCCCCCCCCCCCCC,0.248444706,-2.291903257,1.96416533
arm_DGDGD7DS1819Z1617Z,Glycerolipid metabolism,O48663_wild,C1C=CN(C=C1C(=O)N)[C@H]2[C@@H]([C@@H]([C@H](O2)COP(=O)(O)OP(=O)(O)OC[C@@H]3[C@H]([C@H]([C@@H](O3)N4C=NC5=C(N=CN=C54)N)OP(=O)(O)O)O)O)O,0.277104169,-1.961031318,1.949942946
arm_DGDGD7DS1819Z1617Z,Glycerolipid metabolism,O48663_wild,O=O,0.447934449,-2.184913874,1.77226758
arm_DGDGD7DS1819Z1617Z,Glycerolipid metabolism,Q2HZ21_wild,CCCCCCCC/C=C\CCCCCCCC(=O)OC[C@H](CO[C@@H]1O[C@H](CO[C@H]2O[C@H](CO)[C@H](O)[C@@H](O)[C@H]2O)[C@H](O)[C@@H](O)[C@H]1O)OC(=O)CCCCCCCCCCCCCCC,0.702639937,-2.566442728,2.037674427
arm_DGDGD7DS1819Z1617Z,Glycerolipid metabolism,Q2HZ21_wild,C1C=CN(C=C1C(=O)N)[C@H]2[C@@H]([C@@H]([C@H](O2)COP(=O)(O)OP(=O)(O)OC[C@@H]3[C@H]([C@H]([C@@H](O3)N4C=NC5=C(N=CN=C54)N)OP(=O)(O)O)O)O)O,0.771763265,-2.15124774,2.11893177
arm_DGDGD7DS1819Z1617Z,Glycerolipid metabolism,Q2HZ21_wild,O=O,0.768349051,-1.936388612,1.85402751
arm_DGDGD7DS1819Z1617Z,Glycerolipid metabolism,Q2HZ22_wild,CCCCCCCC/C=C\CCCCCCCC(=O)OC[C@H](CO[C@@H]1O[C@H](CO[C@H]2O[C@H](CO)[C@H](O)[C@@H](O)[C@H]2O)[C@H](O)[C@@H](O)[C@H]1O)OC(=O)CCCCCCCCCCCCCCC,0.494962364,-2.680545568,1.998255014
arm_DGDGD7DS1819Z1617Z,Glycerolipid metabolism,Q2HZ22_wild,C1C=CN(C=C1C(=O)N)[C@H]2[C@@H]([C@@H]([C@H](O2)COP(=O)(O)OP(=O)(O)OC[C@@H]3[C@H]([C@H]([C@@H](O3)N4C=NC5=C(N=CN=C54)N)OP(=O)(O)O)O)O)O,0.464075714,-2.342596769,2.03883338
arm_DGDGD7DS1819Z1617Z,Glycerolipid metabolism,Q2HZ22_wild,O=O,0.537731409,-1.965953469,1.65201354
arm_DGDGD7DS1819Z1617Z,Glycerolipid metabolism,Q2HZ23_wild,CCCCCCCC/C=C\CCCCCCCC(=O)OC[C@H](CO[C@@H]1O[C@H](CO[C@H]2O[C@H](CO)[C@H](O)[C@@H](O)[C@H]2O)[C@H](O)[C@@H](O)[C@H]1O)OC(=O)CCCCCCCCCCCCCCC,0.983330607,-2.627040148,2.090395689
arm_DGDGD7DS1819Z1617Z,Glycerolipid metabolism,Q2HZ23_wild,C1C=CN(C=C1C(=O)N)[C@H]2[C@@H]([C@@H]([C@H](O2)COP(=O)(O)OP(=O)(O)OC[C@@H]3[C@H]([C@H]([C@@H](O3)N4C=NC5=C(N=CN=C54)N)OP(=O)(O)O)O)O)O,1.018737197,-2.293547392,2.223756313
arm_DGDGD7DS1819Z1617Z,Glycerolipid metabolism,Q2HZ23_wild,O=O,0.975109458,-1.921997309,1.850872755
arm_DGDGD7DS1819Z1617Z,Glycerolipid metabolism,Q2HZ24_wild,CCCCCCCC/C=C\CCCCCCCC(=O)OC[C@H](CO[C@@H]1O[C@H](CO[C@H]2O[C@H](CO)[C@H](O)[C@@H](O)[C@H]2O)[C@H](O)[C@@H](O)[C@H]1O)OC(=O)CCCCCCCCCCCCCCC,1.409756064,-2.63957715,2.390293598
arm_DGDGD7DS1819Z1617Z,Glycerolipid metabolism,Q2HZ24_wild,C1C=CN(C=C1C(=O)N)[C@H]2[C@@H]([C@@H]([C@H](O2)COP(=O)(O)OP(=O)(O)OC[C@@H]3[C@H]([C@H]([C@@H](O3)N4C=NC5=C(N=CN=C54)N)OP(=O)(O)O)O)O)O,1.526150465,-2.361738205,2.588181257
arm_DGDGD7DS1819Z1617Z,Glycerolipid metabolism,Q2HZ24_wild,O=O,1.439333439,-2.030860424,2.160542011
arm_DGDGD7DS1829Z12Z1617Z,Glycerolipid metabolism,A0A2K3CTD8_wild,CCCCC/C=C\C/C=C\CCCCCCCC(=O)OC[C@H](CO[C@@H]1O[C@H](CO[C@H]2O[C@H](CO)[C@H](O)[C@@H](O)[C@H]2O)[C@H](O)[C@@H](O)[C@H]1O)OC(=O)CCCCCCCCCCCCCCC,1.063261747,-2.641456127,2.238805532
arm_DGDGD7DS1829Z12Z1617Z,Glycerolipid metabolism,A0A2K3CTD8_wild,C1C=CN(C=C1C(=O)N)[C@H]2[C@@H]([C@@H]([C@H](O2)COP(=O)(O)OP(=O)(O)OC[C@@H]3[C@H]([C@H]([C@@H](O3)N4C=NC5=C(N=CN=C54)N)OP(=O)(O)O)O)O)O,1.064813375,-2.432117462,2.418567181
arm_DGDGD7DS1829Z12Z1617Z,Glycerolipid metabolism,A0A2K3CTD8_wild,O=O,1.058802485,-2.072975636,2.015945673
arm_DGDGD7DS1829Z12Z1617Z,Glycerolipid metabolism,A0A2K3DD32_wild,CCCCC/C=C\C/C=C\CCCCCCCC(=O)OC[C@H](CO[C@@H]1O[C@H](CO[C@H]2O[C@H](CO)[C@H](O)[C@@H](O)[C@H]2O)[C@H](O)[C@@H](O)[C@H]1O)OC(=O)CCCCCCCCCCCCCCC,0.493985593,-2.196237087,1.776443124
arm_DGDGD7DS1829Z12Z1617Z,Glycerolipid metabolism,A0A2K3DD32_wild,C1C=CN(C=C1C(=O)N)[C@H]2[C@@H]([C@@H]([C@H](O2)COP(=O)(O)OP(=O)(O)OC[C@@H]3[C@H]([C@H]([C@@H](O3)N4C=NC5=C(N=CN=C54)N)OP(=O)(O)O)O)O)O,0.556167662,-2.038317204,1.899398088
arm_DGDGD7DS1829Z12Z1617Z,Glycerolipid metabolism,A0A2K3DD32_wild,O=O,0.69564867,-2.046997309,1.657543182
arm_DGDGD7DS1829Z12Z1617Z,Glycerolipid metabolism,A0A2K3DQ46_wild,CCCCC/C=C\C/C=C\CCCCCCCC(=O)OC[C@H](CO[C@@H]1O[C@H](CO[C@H]2O[C@H](CO)[C@H](O)[C@@H](O)[C@H]2O)[C@H](O)[C@@H](O)[C@H]1O)OC(=O)CCCCCCCCCCCCCCC,-0.544928253,-1.929960489,0.753279388
arm_DGDGD7DS1829Z12Z1617Z,Glycerolipid metabolism,A0A2K3DQ46_wild,C1C=CN(C=C1C(=O)N)[C@H]2[C@@H]([C@@H]([C@H](O2)COP(=O)(O)OP(=O)(O)OC[C@@H]3[C@H]([C@H]([C@@H](O3)N4C=NC5=C(N=CN=C54)N)OP(=O)(O)O)O)O)O,-0.408041626,-1.583424568,0.724595845
arm_DGDGD7DS1829Z12Z1617Z,Glycerolipid metabolism,A0A2K3DQ46_wild,O=O,-0.487161964,-1.302583456,0.413232386
arm_DGDGD7DS1829Z12Z1617Z,Glycerolipid metabolism,O48663_wild,CCCCC/C=C\C/C=C\CCCCCCCC(=O)OC[C@H](CO[C@@H]1O[C@H](CO[C@H]2O[C@H](CO)[C@H](O)[C@@H](O)[C@H]2O)[C@H](O)[C@@H](O)[C@H]1O)OC(=O)CCCCCCCCCCCCCCC,0.262017548,-2.194439888,1.90404892
arm_DGDGD7DS1829Z12Z1617Z,Glycerolipid metabolism,O48663_wild,C1C=CN(C=C1C(=O)N)[C@H]2[C@@H]([C@@H]([C@H](O2)COP(=O)(O)OP(=O)(O)OC[C@@H]3[C@H]([C@H]([C@@H](O3)N4C=NC5=C(N=CN=C54)N)OP(=O)(O)O)O)O)O,0.277104169,-1.961031318,1.949942946
arm_DGDGD7DS1829Z12Z1617Z,Glycerolipid metabolism,O48663_wild,O=O,0.447934449,-2.184913874,1.77226758
arm_DGDGD7DS1829Z12Z1617Z,Glycerolipid metabolism,Q2HZ21_wild,CCCCC/C=C\C/C=C\CCCCCCCC(=O)OC[C@H](CO[C@@H]1O[C@H](CO[C@H]2O[C@H](CO)[C@H](O)[C@@H](O)[C@H]2O)[C@H](O)[C@@H](O)[C@H]1O)OC(=O)CCCCCCCCCCCCCCC,0.70991838,-2.473533154,1.993098021
arm_DGDGD7DS1829Z12Z1617Z,Glycerolipid metabolism,Q2HZ21_wild,C1C=CN(C=C1C(=O)N)[C@H]2[C@@H]([C@@H]([C@H](O2)COP(=O)(O)OP(=O)(O)OC[C@@H]3[C@H]([C@H]([C@@H](O3)N4C=NC5=C(N=CN=C54)N)OP(=O)(O)O)O)O)O,0.771763265,-2.15124774,2.11893177
arm_DGDGD7DS1829Z12Z1617Z,Glycerolipid metabolism,Q2HZ21_wild,O=O,0.768349051,-1.936388612,1.85402751
arm_DGDGD7DS1829Z12Z1617Z,Glycerolipid metabolism,Q2HZ22_wild,CCCCC/C=C\C/C=C\CCCCCCCC(=O)OC[C@H](CO[C@@H]1O[C@H](CO[C@H]2O[C@H](CO)[C@H](O)[C@@H](O)[C@H]2O)[C@H](O)[C@@H](O)[C@H]1O)OC(=O)CCCCCCCCCCCCCCC,0.522441626,-2.583308697,1.962177515
arm_DGDGD7DS1829Z12Z1617Z,Glycerolipid metabolism,Q2HZ22_wild,C1C=CN(C=C1C(=O)N)[C@H]2[C@@H]([C@@H]([C@H](O2)COP(=O)(O)OP(=O)(O)OC[C@@H]3[C@H]([C@H]([C@@H](O3)N4C=NC5=C(N=CN=C54)N)OP(=O)(O)O)O)O)O,0.464075714,-2.342596769,2.03883338
arm_DGDGD7DS1829Z12Z1617Z,Glycerolipid metabolism,Q2HZ22_wild,O=O,0.537731409,-1.965953469,1.65201354
arm_DGDGD7DS1829Z12Z1617Z,Glycerolipid metabolism,Q2HZ23_wild,CCCCC/C=C\C/C=C\CCCCCCCC(=O)OC[C@H](CO[C@@H]1O[C@H](CO[C@H]2O[C@H](CO)[C@H](O)[C@@H](O)[C@H]2O)[C@H](O)[C@@H](O)[C@H]1O)OC(=O)CCCCCCCCCCCCCCC,1.007912993,-2.530329704,2.051533461
arm_DGDGD7DS1829Z12Z1617Z,Glycerolipid metabolism,Q2HZ23_wild,C1C=CN(C=C1C(=O)N)[C@H]2[C@@H]([C@@H]([C@H](O2)COP(=O)(O)OP(=O)(O)OC[C@@H]3[C@H]([C@H]([C@@H](O3)N4C=NC5=C(N=CN=C54)N)OP(=O)(O)O)O)O)O,1.018737197,-2.293547392,2.223756313
arm_DGDGD7DS1829Z12Z1617Z,Glycerolipid metabolism,Q2HZ23_wild,O=O,0.975109458,-1.921997309,1.850872755
arm_DGDGD7DS1829Z12Z1617Z,Glycerolipid metabolism,Q2HZ24_wild,CCCCC/C=C\C/C=C\CCCCCCCC(=O)OC[C@H](CO[C@@H]1O[C@H](CO[C@H]2O[C@H](CO)[C@H](O)[C@@H](O)[C@H]2O)[C@H](O)[C@@H](O)[C@H]1O)OC(=O)CCCCCCCCCCCCCCC,1.43586421,-2.538047314,2.34252429
arm_DGDGD7DS1829Z12Z1617Z,Glycerolipid metabolism,Q2HZ24_wild,C1C=CN(C=C1C(=O)N)[C@H]2[C@@H]([C@@H]([C@H](O2)COP(=O)(O)OP(=O)(O)OC[C@@H]3[C@H]([C@H]([C@@H](O3)N4C=NC5=C(N=CN=C54)N)OP(=O)(O)O)O)O)O,1.526150465,-2.361738205,2.588181257
arm_DGDGD7DS1829Z12Z1617Z,Glycerolipid metabolism,Q2HZ24_wild,O=O,1.439333439,-2.030860424,2.160542011
arm_DGDGW3DS1819Z1637Z10Z13Z,Glycerolipid metabolism,A0A2K3CTD8_wild,CCCCCCCC/C=C\CCCCCCCC(=O)OC[C@H](CO[C@@H]1O[C@H](CO[C@H]2O[C@H](CO)[C@H](O)[C@@H](O)[C@H]2O)[C@H](O)[C@@H](O)[C@H]1O)OC(=O)CCCCC/C=C\C/C=C\CCCCC,1.077202916,-2.685845613,2.326477051
arm_DGDGW3DS1819Z1637Z10Z13Z,Glycerolipid metabolism,A0A2K3CTD8_wild,C1C=CN(C=C1C(=O)N)[C@H]2[C@@H]([C@@H]([C@H](O2)COP(=O)(O)OP(=O)(O)OC[C@@H]3[C@H]([C@H]([C@@H](O3)N4C=NC5=C(N=CN=C54)N)OP(=O)(O)O)O)O)O,1.064813375,-2.432117462,2.418567181
arm_DGDGW3DS1819Z1637Z10Z13Z,Glycerolipid metabolism,A0A2K3CTD8_wild,O=O,1.058802485,-2.072975636,2.015945673
arm_DGDGW3DS1819Z1637Z10Z13Z,Glycerolipid metabolism,A8HMC4_wild,CCCCCCCC/C=C\CCCCCCCC(=O)OC[C@H](CO[C@@H]1O[C@H](CO[C@H]2O[C@H](CO)[C@H](O)[C@@H](O)[C@H]2O)[C@H](O)[C@@H](O)[C@H]1O)OC(=O)CCCCC/C=C\C/C=C\CCCCC,0.598113775,-2.165830135,2.288906097
arm_DGDGW3DS1819Z1637Z10Z13Z,Glycerolipid metabolism,A8HMC4_wild,C1C=CN(C=C1C(=O)N)[C@H]2[C@@H]([C@@H]([C@H](O2)COP(=O)(O)OP(=O)(O)OC[C@@H]3[C@H]([C@H]([C@@H](O3)N4C=NC5=C(N=CN=C54)N)OP(=O)(O)O)O)O)O,0.595166087,-1.981671333,2.276490688
arm_DGDGW3DS1819Z1637Z10Z13Z,Glycerolipid metabolism,A8HMC4_wild,O=O,0.709893405,-2.109255075,2.064291716
arm_DGDGW3DS1819Z1637Z10Z13Z,Glycerolipid metabolism,Q2HZ21_wild,CCCCCCCC/C=C\CCCCCCCC(=O)OC[C@H](CO[C@@H]1O[C@H](CO[C@H]2O[C@H](CO)[C@H](O)[C@@H](O)[C@H]2O)[C@H](O)[C@@H](O)[C@H]1O)OC(=O)CCCCC/C=C\C/C=C\CCCCC,0.722669482,-2.543681145,2.084729195
arm_DGDGW3DS1819Z1637Z10Z13Z,Glycerolipid metabolism,Q2HZ21_wild,C1C=CN(C=C1C(=O)N)[C@H]2[C@@H]([C@@H]([C@H](O2)COP(=O)(O)OP(=O)(O)OC[C@@H]3[C@H]([C@H]([C@@H](O3)N4C=NC5=C(N=CN=C54)N)OP(=O)(O)O)O)O)O,0.771763265,-2.15124774,2.11893177
arm_DGDGW3DS1819Z1637Z10Z13Z,Glycerolipid metabolism,Q2HZ21_wild,O=O,0.768349051,-1.936388612,1.85402751
arm_DGDGW3DS1819Z1637Z10Z13Z,Glycerolipid metabolism,Q2HZ22_wild,CCCCCCCC/C=C\CCCCCCCC(=O)OC[C@H](CO[C@@H]1O[C@H](CO[C@H]2O[C@H](CO)[C@H](O)[C@@H](O)[C@H]2O)[C@H](O)[C@@H](O)[C@H]1O)OC(=O)CCCCC/C=C\C/C=C\CCCCC,0.535711408,-2.646109581,2.052087069
arm_DGDGW3DS1819Z1637Z10Z13Z,Glycerolipid metabolism,Q2HZ22_wild,C1C=CN(C=C1C(=O)N)[C@H]2[C@@H]([C@@H]([C@H](O2)COP(=O)(O)OP(=O)(O)OC[C@@H]3[C@H]([C@H]([C@@H](O3)N4C=NC5=C(N=CN=C54)N)OP(=O)(O)O)O)O)O,0.464075714,-2.342596769,2.03883338
arm_DGDGW3DS1819Z1637Z10Z13Z,Glycerolipid metabolism,Q2HZ22_wild,O=O,0.537731409,-1.965953469,1.65201354
arm_DGDGW3DS1819Z1637Z10Z13Z,Glycerolipid metabolism,Q2HZ23_wild,CCCCCCCC/C=C\CCCCCCCC(=O)OC[C@H](CO[C@@H]1O[C@H](CO[C@H]2O[C@H](CO)[C@H](O)[C@@H](O)[C@H]2O)[C@H](O)[C@@H](O)[C@H]1O)OC(=O)CCCCC/C=C\C/C=C\CCCCC,1.034537792,-2.579684258,2.133048296
arm_DGDGW3DS1819Z1637Z10Z13Z,Glycerolipid metabolism,Q2HZ23_wild,C1C=CN(C=C1C(=O)N)[C@H]2[C@@H]([C@@H]([C@H](O2)COP(=O)(O)OP(=O)(O)OC[C@@H]3[C@H]([C@H]([C@@H](O3)N4C=NC5=C(N=CN=C54)N)OP(=O)(O)O)O)O)O,1.018737197,-2.293547392,2.223756313
arm_DGDGW3DS1819Z1637Z10Z13Z,Glycerolipid metabolism,Q2HZ23_wild,O=O,0.975109458,-1.921997309,1.850872755
arm_DGDGW3DS1819Z1637Z10Z13Z,Glycerolipid metabolism,Q2HZ24_wild,CCCCCCCC/C=C\CCCCCCCC(=O)OC[C@H](CO[C@@H]1O[C@H](CO[C@H]2O[C@H](CO)[C@H](O)[C@@H](O)[C@H]2O)[C@H](O)[C@@H](O)[C@H]1O)OC(=O)CCCCC/C=C\C/C=C\CCCCC,1.440226316,-2.617886066,2.430241346
arm_DGDGW3DS1819Z1637Z10Z13Z,Glycerolipid metabolism,Q2HZ24_wild,C1C=CN(C=C1C(=O)N)[C@H]2[C@@H]([C@@H]([C@H](O2)COP(=O)(O)OP(=O)(O)OC[C@@H]3[C@H]([C@H]([C@@H](O3)N4C=NC5=C(N=CN=C54)N)OP(=O)(O)O)O)O)O,1.526150465,-2.361738205,2.588181257
arm_DGDGW3DS1819Z1637Z10Z13Z,Glycerolipid metabolism,Q2HZ24_wild,O=O,1.439333439,-2.030860424,2.160542011
arm_DGDGW3DS1829Z12Z1637Z10Z13Z,Glycerolipid metabolism,A0A2K3CTD8_wild,CCCCC/C=C\C/C=C\CCCCCCCC(=O)OC[C@H](CO[C@@H]1O[C@H](CO[C@H]2O[C@H](CO)[C@H](O)[C@@H](O)[C@H]2O)[C@H](O)[C@@H](O)[C@H]1O)OC(=O)CCCCC/C=C\C/C=C\CCCCC,1.068804622,-2.579149723,2.260663986
arm_DGDGW3DS1829Z12Z1637Z10Z13Z,Glycerolipid metabolism,A0A2K3CTD8_wild,C1C=CN(C=C1C(=O)N)[C@H]2[C@@H]([C@@H]([C@H](O2)COP(=O)(O)OP(=O)(O)OC[C@@H]3[C@H]([C@H]([C@@H](O3)N4C=NC5=C(N=CN=C54)N)OP(=O)(O)O)O)O)O,1.064813375,-2.432117462,2.418567181
arm_DGDGW3DS1829Z12Z1637Z10Z13Z,Glycerolipid metabolism,A0A2K3CTD8_wild,O=O,1.058802485,-2.072975636,2.015945673
arm_DGDGW3DS1829Z12Z1637Z10Z13Z,Glycerolipid metabolism,A8HMC4_wild,CCCCC/C=C\C/C=C\CCCCCCCC(=O)OC[C@H](CO[C@@H]1O[C@H](CO[C@H]2O[C@H](CO)[C@H](O)[C@@H](O)[C@H]2O)[C@H](O)[C@@H](O)[C@H]1O)OC(=O)CCCCC/C=C\C/C=C\CCCCC,0.572039604,-2.062575579,2.198408127
arm_DGDGW3DS1829Z12Z1637Z10Z13Z,Glycerolipid metabolism,A8HMC4_wild,C1C=CN(C=C1C(=O)N)[C@H]2[C@@H]([C@@H]([C@H](O2)COP(=O)(O)OP(=O)(O)OC[C@@H]3[C@H]([C@H]([C@@H](O3)N4C=NC5=C(N=CN=C54)N)OP(=O)(O)O)O)O)O,0.595166087,-1.981671333,2.276490688
arm_DGDGW3DS1829Z12Z1637Z10Z13Z,Glycerolipid metabolism,A8HMC4_wild,O=O,0.709893405,-2.109255075,2.064291716
arm_DGDGW3DS1829Z12Z1637Z10Z13Z,Glycerolipid metabolism,Q2HZ21_wild,CCCCC/C=C\C/C=C\CCCCCCCC(=O)OC[C@H](CO[C@@H]1O[C@H](CO[C@H]2O[C@H](CO)[C@H](O)[C@@H](O)[C@H]2O)[C@H](O)[C@@H](O)[C@H]1O)OC(=O)CCCCC/C=C\C/C=C\CCCCC,0.69325453,-2.446290731,2.017115116
arm_DGDGW3DS1829Z12Z1637Z10Z13Z,Glycerolipid metabolism,Q2HZ21_wild,C1C=CN(C=C1C(=O)N)[C@H]2[C@@H]([C@@H]([C@H](O2)COP(=O)(O)OP(=O)(O)OC[C@@H]3[C@H]([C@H]([C@@H](O3)N4C=NC5=C(N=CN=C54)N)OP(=O)(O)O)O)O)O,0.771763265,-2.15124774,2.11893177
arm_DGDGW3DS1829Z12Z1637Z10Z13Z,Glycerolipid metabolism,Q2HZ21_wild,O=O,0.768349051,-1.936388612,1.85402751
arm_DGDGW3DS1829Z12Z1637Z10Z13Z,Glycerolipid metabolism,Q2HZ22_wild,CCCCC/C=C\C/C=C\CCCCCCCC(=O)OC[C@H](CO[C@@H]1O[C@H](CO[C@H]2O[C@H](CO)[C@H](O)[C@@H](O)[C@H]2O)[C@H](O)[C@@H](O)[C@H]1O)OC(=O)CCCCC/C=C\C/C=C\CCCCC,0.51765275,-2.542248487,1.985136271
arm_DGDGW3DS1829Z12Z1637Z10Z13Z,Glycerolipid metabolism,Q2HZ22_wild,C1C=CN(C=C1C(=O)N)[C@H]2[C@@H]([C@@H]([C@H](O2)COP(=O)(O)OP(=O)(O)OC[C@@H]3[C@H]([C@H]([C@@H](O3)N4C=NC5=C(N=CN=C54)N)OP(=O)(O)O)O)O)O,0.464075714,-2.342596769,2.03883338
arm_DGDGW3DS1829Z12Z1637Z10Z13Z,Glycerolipid metabolism,Q2HZ22_wild,O=O,0.537731409,-1.965953469,1.65201354
arm_DGDGW3DS1829Z12Z1637Z10Z13Z,Glycerolipid metabolism,Q2HZ23_wild,CCCCC/C=C\C/C=C\CCCCCCCC(=O)OC[C@H](CO[C@@H]1O[C@H](CO[C@H]2O[C@H](CO)[C@H](O)[C@@H](O)[C@H]2O)[C@H](O)[C@@H](O)[C@H]1O)OC(=O)CCCCC/C=C\C/C=C\CCCCC,1.01981771,-2.477698803,2.065961838
arm_DGDGW3DS1829Z12Z1637Z10Z13Z,Glycerolipid metabolism,Q2HZ23_wild,C1C=CN(C=C1C(=O)N)[C@H]2[C@@H]([C@@H]([C@H](O2)COP(=O)(O)OP(=O)(O)OC[C@@H]3[C@H]([C@H]([C@@H](O3)N4C=NC5=C(N=CN=C54)N)OP(=O)(O)O)O)O)O,1.018737197,-2.293547392,2.223756313
arm_DGDGW3DS1829Z12Z1637Z10Z13Z,Glycerolipid metabolism,Q2HZ23_wild,O=O,0.975109458,-1.921997309,1.850872755
arm_DGDGW3DS1829Z12Z1637Z10Z13Z,Glycerolipid metabolism,Q2HZ24_wild,CCCCC/C=C\C/C=C\CCCCCCCC(=O)OC[C@H](CO[C@@H]1O[C@H](CO[C@H]2O[C@H](CO)[C@H](O)[C@@H](O)[C@H]2O)[C@H](O)[C@@H](O)[C@H]1O)OC(=O)CCCCC/C=C\C/C=C\CCCCC,1.429675341,-2.512370586,2.353624582
arm_DGDGW3DS1829Z12Z1637Z10Z13Z,Glycerolipid metabolism,Q2HZ24_wild,C1C=CN(C=C1C(=O)N)[C@H]2[C@@H]([C@@H]([C@H](O2)COP(=O)(O)OP(=O)(O)OC[C@@H]3[C@H]([C@H]([C@@H](O3)N4C=NC5=C(N=CN=C54)N)OP(=O)(O)O)O)O)O,1.526150465,-2.361738205,2.588181257
arm_DGDGW3DS1829Z12Z1637Z10Z13Z,Glycerolipid metabolism,Q2HZ24_wild,O=O,1.439333439,-2.030860424,2.160542011
arm_DGDGW3DS1839Z12Z15Z160,Glycerolipid metabolism,A0A2K3CTD8_wild,CCCCC/C=C\C/C=C\CCCCCCCC(=O)OC[C@H](CO[C@@H]1O[C@H](CO[C@H]2O[C@H](CO)[C@H](O)[C@@H](O)[C@H]2O)[C@H](O)[C@@H](O)[C@H]1O)OC(=O)CCCCCCCCCCCCCCC,1.063261747,-2.641456127,2.238805532
arm_DGDGW3DS1839Z12Z15Z160,Glycerolipid metabolism,A0A2K3CTD8_wild,C1C=CN(C=C1C(=O)N)[C@H]2[C@@H]([C@@H]([C@H](O2)COP(=O)(O)OP(=O)(O)OC[C@@H]3[C@H]([C@H]([C@@H](O3)N4C=NC5=C(N=CN=C54)N)OP(=O)(O)O)O)O)O,1.064813375,-2.432117462,2.418567181
arm_DGDGW3DS1839Z12Z15Z160,Glycerolipid metabolism,A0A2K3CTD8_wild,O=O,1.058802485,-2.072975636,2.015945673
arm_DGDGW3DS1839Z12Z15Z160,Glycerolipid metabolism,A8HMC4_wild,CCCCC/C=C\C/C=C\CCCCCCCC(=O)OC[C@H](CO[C@@H]1O[C@H](CO[C@H]2O[C@H](CO)[C@H](O)[C@@H](O)[C@H]2O)[C@H](O)[C@@H](O)[C@H]1O)OC(=O)CCCCCCCCCCCCCCC,0.584789157,-2.113288641,2.199026585
arm_DGDGW3DS1839Z12Z15Z160,Glycerolipid metabolism,A8HMC4_wild,C1C=CN(C=C1C(=O)N)[C@H]2[C@@H]([C@@H]([C@H](O2)COP(=O)(O)OP(=O)(O)OC[C@@H]3[C@H]([C@H]([C@@H](O3)N4C=NC5=C(N=CN=C54)N)OP(=O)(O)O)O)O)O,0.595166087,-1.981671333,2.276490688
arm_DGDGW3DS1839Z12Z15Z160,Glycerolipid metabolism,A8HMC4_wild,O=O,0.709893405,-2.109255075,2.064291716
arm_DGDGW3DS1839Z12Z15Z160,Glycerolipid metabolism,Q2HZ21_wild,CCCCC/C=C\C/C=C\CCCCCCCC(=O)OC[C@H](CO[C@@H]1O[C@H](CO[C@H]2O[C@H](CO)[C@H](O)[C@@H](O)[C@H]2O)[C@H](O)[C@@H](O)[C@H]1O)OC(=O)CCCCCCCCCCCCCCC,0.70991838,-2.473533154,1.993098021
arm_DGDGW3DS1839Z12Z15Z160,Glycerolipid metabolism,Q2HZ21_wild,C1C=CN(C=C1C(=O)N)[C@H]2[C@@H]([C@@H]([C@H](O2)COP(=O)(O)OP(=O)(O)OC[C@@H]3[C@H]([C@H]([C@@H](O3)N4C=NC5=C(N=CN=C54)N)OP(=O)(O)O)O)O)O,0.771763265,-2.15124774,2.11893177
arm_DGDGW3DS1839Z12Z15Z160,Glycerolipid metabolism,Q2HZ21_wild,O=O,0.768349051,-1.936388612,1.85402751
arm_DGDGW3DS1839Z12Z15Z160,Glycerolipid metabolism,Q2HZ22_wild,CCCCC/C=C\C/C=C\CCCCCCCC(=O)OC[C@H](CO[C@@H]1O[C@H](CO[C@H]2O[C@H](CO)[C@H](O)[C@@H](O)[C@H]2O)[C@H](O)[C@@H](O)[C@H]1O)OC(=O)CCCCCCCCCCCCCCC,0.522441626,-2.583308697,1.962177515
arm_DGDGW3DS1839Z12Z15Z160,Glycerolipid metabolism,Q2HZ22_wild,C1C=CN(C=C1C(=O)N)[C@H]2[C@@H]([C@@H]([C@H](O2)COP(=O)(O)OP(=O)(O)OC[C@@H]3[C@H]([C@H]([C@@H](O3)N4C=NC5=C(N=CN=C54)N)OP(=O)(O)O)O)O)O,0.464075714,-2.342596769,2.03883338
arm_DGDGW3DS1839Z12Z15Z160,Glycerolipid metabolism,Q2HZ22_wild,O=O,0.537731409,-1.965953469,1.65201354
arm_DGDGW3DS1839Z12Z15Z160,Glycerolipid metabolism,Q2HZ23_wild,CCCCC/C=C\C/C=C\CCCCCCCC(=O)OC[C@H](CO[C@@H]1O[C@H](CO[C@H]2O[C@H](CO)[C@H](O)[C@@H](O)[C@H]2O)[C@H](O)[C@@H](O)[C@H]1O)OC(=O)CCCCCCCCCCCCCCC,1.007912993,-2.530329704,2.051533461
arm_DGDGW3DS1839Z12Z15Z160,Glycerolipid metabolism,Q2HZ23_wild,C1C=CN(C=C1C(=O)N)[C@H]2[C@@H]([C@@H]([C@H](O2)COP(=O)(O)OP(=O)(O)OC[C@@H]3[C@H]([C@H]([C@@H](O3)N4C=NC5=C(N=CN=C54)N)OP(=O)(O)O)O)O)O,1.018737197,-2.293547392,2.223756313
arm_DGDGW3DS1839Z12Z15Z160,Glycerolipid metabolism,Q2HZ23_wild,O=O,0.975109458,-1.921997309,1.850872755
arm_DGDGW3DS1839Z12Z15Z160,Glycerolipid metabolism,Q2HZ24_wild,CCCCC/C=C\C/C=C\CCCCCCCC(=O)OC[C@H](CO[C@@H]1O[C@H](CO[C@H]2O[C@H](CO)[C@H](O)[C@@H](O)[C@H]2O)[C@H](O)[C@@H](O)[C@H]1O)OC(=O)CCCCCCCCCCCCCCC,1.43586421,-2.538047314,2.34252429
arm_DGDGW3DS1839Z12Z15Z160,Glycerolipid metabolism,Q2HZ24_wild,C1C=CN(C=C1C(=O)N)[C@H]2[C@@H]([C@@H]([C@H](O2)COP(=O)(O)OP(=O)(O)OC[C@@H]3[C@H]([C@H]([C@@H](O3)N4C=NC5=C(N=CN=C54)N)OP(=O)(O)O)O)O)O,1.526150465,-2.361738205,2.588181257
arm_DGDGW3DS1839Z12Z15Z160,Glycerolipid metabolism,Q2HZ24_wild,O=O,1.439333439,-2.030860424,2.160542011
arm_DGDGW3DS1839Z12Z15Z1627Z10Z,Glycerolipid metabolism,A0A2K3CTD8_wild,CCCCC/C=C\C/C=C\CCCCCCCC(=O)OC[C@H](CO[C@@H]1O[C@H](CO[C@H]2O[C@H](CO)[C@H](O)[C@@H](O)[C@H]2O)[C@H](O)[C@@H](O)[C@H]1O)OC(=O)CCCCC/C=C\C/C=C\CCCCC,1.068804622,-2.579149723,2.260663986
arm_DGDGW3DS1839Z12Z15Z1627Z10Z,Glycerolipid metabolism,A0A2K3CTD8_wild,C1C=CN(C=C1C(=O)N)[C@H]2[C@@H]([C@@H]([C@H](O2)COP(=O)(O)OP(=O)(O)OC[C@@H]3[C@H]([C@H]([C@@H](O3)N4C=NC5=C(N=CN=C54)N)OP(=O)(O)O)O)O)O,1.064813375,-2.432117462,2.418567181
arm_DGDGW3DS1839Z12Z15Z1627Z10Z,Glycerolipid metabolism,A0A2K3CTD8_wild,O=O,1.058802485,-2.072975636,2.015945673
arm_DGDGW3DS1839Z12Z15Z1627Z10Z,Glycerolipid metabolism,A8HMC4_wild,CCCCC/C=C\C/C=C\CCCCCCCC(=O)OC[C@H](CO[C@@H]1O[C@H](CO[C@H]2O[C@H](CO)[C@H](O)[C@@H](O)[C@H]2O)[C@H](O)[C@@H](O)[C@H]1O)OC(=O)CCCCC/C=C\C/C=C\CCCCC,0.572039604,-2.062575579,2.198408127
arm_DGDGW3DS1839Z12Z15Z1627Z10Z,Glycerolipid metabolism,A8HMC4_wild,C1C=CN(C=C1C(=O)N)[C@H]2[C@@H]([C@@H]([C@H](O2)COP(=O)(O)OP(=O)(O)OC[C@@H]3[C@H]([C@H]([C@@H](O3)N4C=NC5=C(N=CN=C54)N)OP(=O)(O)O)O)O)O,0.595166087,-1.981671333,2.276490688
arm_DGDGW3DS1839Z12Z15Z1627Z10Z,Glycerolipid metabolism,A8HMC4_wild,O=O,0.709893405,-2.109255075,2.064291716
arm_DGDGW3DS1839Z12Z15Z1627Z10Z,Glycerolipid metabolism,Q2HZ21_wild,CCCCC/C=C\C/C=C\CCCCCCCC(=O)OC[C@H](CO[C@@H]1O[C@H](CO[C@H]2O[C@H](CO)[C@H](O)[C@@H](O)[C@H]2O)[C@H](O)[C@@H](O)[C@H]1O)OC(=O)CCCCC/C=C\C/C=C\CCCCC,0.69325453,-2.446290731,2.017115116
arm_DGDGW3DS1839Z12Z15Z1627Z10Z,Glycerolipid metabolism,Q2HZ21_wild,C1C=CN(C=C1C(=O)N)[C@H]2[C@@H]([C@@H]([C@H](O2)COP(=O)(O)OP(=O)(O)OC[C@@H]3[C@H]([C@H]([C@@H](O3)N4C=NC5=C(N=CN=C54)N)OP(=O)(O)O)O)O)O,0.771763265,-2.15124774,2.11893177
arm_DGDGW3DS1839Z12Z15Z1627Z10Z,Glycerolipid metabolism,Q2HZ21_wild,O=O,0.768349051,-1.936388612,1.85402751
arm_DGDGW3DS1839Z12Z15Z1627Z10Z,Glycerolipid metabolism,Q2HZ22_wild,CCCCC/C=C\C/C=C\CCCCCCCC(=O)OC[C@H](CO[C@@H]1O[C@H](CO[C@H]2O[C@H](CO)[C@H](O)[C@@H](O)[C@H]2O)[C@H](O)[C@@H](O)[C@H]1O)OC(=O)CCCCC/C=C\C/C=C\CCCCC,0.51765275,-2.542248487,1.985136271
arm_DGDGW3DS1839Z12Z15Z1627Z10Z,Glycerolipid metabolism,Q2HZ22_wild,C1C=CN(C=C1C(=O)N)[C@H]2[C@@H]([C@@H]([C@H](O2)COP(=O)(O)OP(=O)(O)OC[C@@H]3[C@H]([C@H]([C@@H](O3)N4C=NC5=C(N=CN=C54)N)OP(=O)(O)O)O)O)O,0.464075714,-2.342596769,2.03883338
arm_DGDGW3DS1839Z12Z15Z1627Z10Z,Glycerolipid metabolism,Q2HZ22_wild,O=O,0.537731409,-1.965953469,1.65201354
arm_DGDGW3DS1839Z12Z15Z1627Z10Z,Glycerolipid metabolism,Q2HZ23_wild,CCCCC/C=C\C/C=C\CCCCCCCC(=O)OC[C@H](CO[C@@H]1O[C@H](CO[C@H]2O[C@H](CO)[C@H](O)[C@@H](O)[C@H]2O)[C@H](O)[C@@H](O)[C@H]1O)OC(=O)CCCCC/C=C\C/C=C\CCCCC,1.01981771,-2.477698803,2.065961838
arm_DGDGW3DS1839Z12Z15Z1627Z10Z,Glycerolipid metabolism,Q2HZ23_wild,C1C=CN(C=C1C(=O)N)[C@H]2[C@@H]([C@@H]([C@H](O2)COP(=O)(O)OP(=O)(O)OC[C@@H]3[C@H]([C@H]([C@@H](O3)N4C=NC5=C(N=CN=C54)N)OP(=O)(O)O)O)O)O,1.018737197,-2.293547392,2.223756313
arm_DGDGW3DS1839Z12Z15Z1627Z10Z,Glycerolipid metabolism,Q2HZ23_wild,O=O,0.975109458,-1.921997309,1.850872755
arm_DGDGW3DS1839Z12Z15Z1627Z10Z,Glycerolipid metabolism,Q2HZ24_wild,CCCCC/C=C\C/C=C\CCCCCCCC(=O)OC[C@H](CO[C@@H]1O[C@H](CO[C@H]2O[C@H](CO)[C@H](O)[C@@H](O)[C@H]2O)[C@H](O)[C@@H](O)[C@H]1O)OC(=O)CCCCC/C=C\C/C=C\CCCCC,1.429675341,-2.512370586,2.353624582
arm_DGDGW3DS1839Z12Z15Z1627Z10Z,Glycerolipid metabolism,Q2HZ24_wild,C1C=CN(C=C1C(=O)N)[C@H]2[C@@H]([C@@H]([C@H](O2)COP(=O)(O)OP(=O)(O)OC[C@@H]3[C@H]([C@H]([C@@H](O3)N4C=NC5=C(N=CN=C54)N)OP(=O)(O)O)O)O)O,1.526150465,-2.361738205,2.588181257
arm_DGDGW3DS1839Z12Z15Z1627Z10Z,Glycerolipid metabolism,Q2HZ24_wild,O=O,1.439333439,-2.030860424,2.160542011
arm_DGDGW3DS1839Z12Z15Z1634Z7Z10Z,Glycerolipid metabolism,A0A2K3CTD8_wild,CCCCC/C=C\C/C=C\CCCCCCCC(=O)OC[C@H](CO[C@@H]1O[C@H](CO[C@H]2O[C@H](CO)[C@H](O)[C@@H](O)[C@H]2O)[C@H](O)[C@@H](O)[C@H]1O)OC(=O)CC/C=C\C/C=C\C/C=C\CCCCC,1.092859745,-2.648543835,2.320709705
arm_DGDGW3DS1839Z12Z15Z1634Z7Z10Z,Glycerolipid metabolism,A0A2K3CTD8_wild,C1C=CN(C=C1C(=O)N)[C@H]2[C@@H]([C@@H]([C@H](O2)COP(=O)(O)OP(=O)(O)OC[C@@H]3[C@H]([C@H]([C@@H](O3)N4C=NC5=C(N=CN=C54)N)OP(=O)(O)O)O)O)O,1.064813375,-2.432117462,2.418567181
arm_DGDGW3DS1839Z12Z15Z1634Z7Z10Z,Glycerolipid metabolism,A0A2K3CTD8_wild,O=O,1.058802485,-2.072975636,2.015945673
arm_DGDGW3DS1839Z12Z15Z1634Z7Z10Z,Glycerolipid metabolism,A8HMC4_wild,CCCCC/C=C\C/C=C\CCCCCCCC(=O)OC[C@H](CO[C@@H]1O[C@H](CO[C@H]2O[C@H](CO)[C@H](O)[C@@H](O)[C@H]2O)[C@H](O)[C@@H](O)[C@H]1O)OC(=O)CC/C=C\C/C=C\C/C=C\CCCCC,0.599107087,-2.142014503,2.267042398
arm_DGDGW3DS1839Z12Z15Z1634Z7Z10Z,Glycerolipid metabolism,A8HMC4_wild,C1C=CN(C=C1C(=O)N)[C@H]2[C@@H]([C@@H]([C@H](O2)COP(=O)(O)OP(=O)(O)OC[C@@H]3[C@H]([C@H]([C@@H](O3)N4C=NC5=C(N=CN=C54)N)OP(=O)(O)O)O)O)O,0.595166087,-1.981671333,2.276490688
arm_DGDGW3DS1839Z12Z15Z1634Z7Z10Z,Glycerolipid metabolism,A8HMC4_wild,O=O,0.709893405,-2.109255075,2.064291716
arm_DGDGW3DS1839Z12Z15Z1634Z7Z10Z,Glycerolipid metabolism,Q2HZ21_wild,CCCCC/C=C\C/C=C\CCCCCCCC(=O)OC[C@H](CO[C@@H]1O[C@H](CO[C@H]2O[C@H](CO)[C@H](O)[C@@H](O)[C@H]2O)[C@H](O)[C@@H](O)[C@H]1O)OC(=O)CC/C=C\C/C=C\C/C=C\CCCCC,0.701921105,-2.522152901,2.078921556
arm_DGDGW3DS1839Z12Z15Z1634Z7Z10Z,Glycerolipid metabolism,Q2HZ21_wild,C1C=CN(C=C1C(=O)N)[C@H]2[C@@H]([C@@H]([C@H](O2)COP(=O)(O)OP(=O)(O)OC[C@@H]3[C@H]([C@H]([C@@H](O3)N4C=NC5=C(N=CN=C54)N)OP(=O)(O)O)O)O)O,0.771763265,-2.15124774,2.11893177
arm_DGDGW3DS1839Z12Z15Z1634Z7Z10Z,Glycerolipid metabolism,Q2HZ21_wild,O=O,0.768349051,-1.936388612,1.85402751
arm_DGDGW3DS1839Z12Z15Z1634Z7Z10Z,Glycerolipid metabolism,Q2HZ22_wild,CCCCC/C=C\C/C=C\CCCCCCCC(=O)OC[C@H](CO[C@@H]1O[C@H](CO[C@H]2O[C@H](CO)[C@H](O)[C@@H](O)[C@H]2O)[C@H](O)[C@@H](O)[C@H]1O)OC(=O)CC/C=C\C/C=C\C/C=C\CCCCC,0.53219074,-2.611016512,2.043460369
arm_DGDGW3DS1839Z12Z15Z1634Z7Z10Z,Glycerolipid metabolism,Q2HZ22_wild,C1C=CN(C=C1C(=O)N)[C@H]2[C@@H]([C@@H]([C@H](O2)COP(=O)(O)OP(=O)(O)OC[C@@H]3[C@H]([C@H]([C@@H](O3)N4C=NC5=C(N=CN=C54)N)OP(=O)(O)O)O)O)O,0.464075714,-2.342596769,2.03883338
arm_DGDGW3DS1839Z12Z15Z1634Z7Z10Z,Glycerolipid metabolism,Q2HZ22_wild,O=O,0.537731409,-1.965953469,1.65201354
arm_DGDGW3DS1839Z12Z15Z1634Z7Z10Z,Glycerolipid metabolism,Q2HZ23_wild,CCCCC/C=C\C/C=C\CCCCCCCC(=O)OC[C@H](CO[C@@H]1O[C@H](CO[C@H]2O[C@H](CO)[C@H](O)[C@@H](O)[C@H]2O)[C@H](O)[C@@H](O)[C@H]1O)OC(=O)CC/C=C\C/C=C\C/C=C\CCCCC,1.036483765,-2.549316883,2.125763416
arm_DGDGW3DS1839Z12Z15Z1634Z7Z10Z,Glycerolipid metabolism,Q2HZ23_wild,C1C=CN(C=C1C(=O)N)[C@H]2[C@@H]([C@@H]([C@H](O2)COP(=O)(O)OP(=O)(O)OC[C@@H]3[C@H]([C@H]([C@@H](O3)N4C=NC5=C(N=CN=C54)N)OP(=O)(O)O)O)O)O,1.018737197,-2.293547392,2.223756313
arm_DGDGW3DS1839Z12Z15Z1634Z7Z10Z,Glycerolipid metabolism,Q2HZ23_wild,O=O,0.975109458,-1.921997309,1.850872755
arm_DGDGW3DS1839Z12Z15Z1634Z7Z10Z,Glycerolipid metabolism,Q2HZ24_wild,CCCCC/C=C\C/C=C\CCCCCCCC(=O)OC[C@H](CO[C@@H]1O[C@H](CO[C@H]2O[C@H](CO)[C@H](O)[C@@H](O)[C@H]2O)[C@H](O)[C@@H](O)[C@H]1O)OC(=O)CC/C=C\C/C=C\C/C=C\CCCCC,1.438439369,-2.588144302,2.414117098
arm_DGDGW3DS1839Z12Z15Z1634Z7Z10Z,Glycerolipid metabolism,Q2HZ24_wild,C1C=CN(C=C1C(=O)N)[C@H]2[C@@H]([C@@H]([C@H](O2)COP(=O)(O)OP(=O)(O)OC[C@@H]3[C@H]([C@H]([C@@H](O3)N4C=NC5=C(N=CN=C54)N)OP(=O)(O)O)O)O)O,1.526150465,-2.361738205,2.588181257
arm_DGDGW3DS1839Z12Z15Z1634Z7Z10Z,Glycerolipid metabolism,Q2HZ24_wild,O=O,1.439333439,-2.030860424,2.160542011
arm_DGDGW3DS1839Z12Z15Z1637Z10Z13Z1,Glycerolipid metabolism,A0A2K3CTD8_wild,CCCCC/C=C\C/C=C\CCCCCCCC(=O)OC[C@H](CO[C@@H]1O[C@H](CO[C@H]2O[C@H](CO)[C@H](O)[C@@H](O)[C@H]2O)[C@H](O)[C@@H](O)[C@H]1O)OC(=O)CCCCC/C=C\C/C=C\C/C=C\CC,1.044919729,-2.597359896,2.262138367
arm_DGDGW3DS1839Z12Z15Z1637Z10Z13Z1,Glycerolipid metabolism,A0A2K3CTD8_wild,C1C=CN(C=C1C(=O)N)[C@H]2[C@@H]([C@@H]([C@H](O2)COP(=O)(O)OP(=O)(O)OC[C@@H]3[C@H]([C@H]([C@@H](O3)N4C=NC5=C(N=CN=C54)N)OP(=O)(O)O)O)O)O,1.064813375,-2.432117462,2.418567181
arm_DGDGW3DS1839Z12Z15Z1637Z10Z13Z1,Glycerolipid metabolism,A0A2K3CTD8_wild,O=O,1.058802485,-2.072975636,2.015945673
arm_DGDGW3DS1839Z12Z15Z1637Z10Z13Z1,Glycerolipid metabolism,A8HMC4_wild,CCCCC/C=C\C/C=C\CCCCCCCC(=O)OC[C@H](CO[C@@H]1O[C@H](CO[C@H]2O[C@H](CO)[C@H](O)[C@@H](O)[C@H]2O)[C@H](O)[C@@H](O)[C@H]1O)OC(=O)CCCCC/C=C\C/C=C\C/C=C\CC,0.551176727,-2.0788908,2.204877377
arm_DGDGW3DS1839Z12Z15Z1637Z10Z13Z1,Glycerolipid metabolism,A8HMC4_wild,C1C=CN(C=C1C(=O)N)[C@H]2[C@@H]([C@@H]([C@H](O2)COP(=O)(O)OP(=O)(O)OC[C@@H]3[C@H]([C@H]([C@@H](O3)N4C=NC5=C(N=CN=C54)N)OP(=O)(O)O)O)O)O,0.595166087,-1.981671333,2.276490688
arm_DGDGW3DS1839Z12Z15Z1637Z10Z13Z1,Glycerolipid metabolism,A8HMC4_wild,O=O,0.709893405,-2.109255075,2.064291716
arm_DGDGW3DS1839Z12Z15Z1637Z10Z13Z1,Glycerolipid metabolism,Q2HZ21_wild,CCCCC/C=C\C/C=C\CCCCCCCC(=O)OC[C@H](CO[C@@H]1O[C@H](CO[C@H]2O[C@H](CO)[C@H](O)[C@@H](O)[C@H]2O)[C@H](O)[C@@H](O)[C@H]1O)OC(=O)CCCCC/C=C\C/C=C\C/C=C\CC,0.661169767,-2.467462301,2.017966986
arm_DGDGW3DS1839Z12Z15Z1637Z10Z13Z1,Glycerolipid metabolism,Q2HZ21_wild,C1C=CN(C=C1C(=O)N)[C@H]2[C@@H]([C@@H]([C@H](O2)COP(=O)(O)OP(=O)(O)OC[C@@H]3[C@H]([C@H]([C@@H](O3)N4C=NC5=C(N=CN=C54)N)OP(=O)(O)O)O)O)O,0.771763265,-2.15124774,2.11893177
arm_DGDGW3DS1839Z12Z15Z1637Z10Z13Z1,Glycerolipid metabolism,Q2HZ21_wild,O=O,0.768349051,-1.936388612,1.85402751
arm_DGDGW3DS1839Z12Z15Z1637Z10Z13Z1,Glycerolipid metabolism,Q2HZ22_wild,CCCCC/C=C\C/C=C\CCCCCCCC(=O)OC[C@H](CO[C@@H]1O[C@H](CO[C@H]2O[C@H](CO)[C@H](O)[C@@H](O)[C@H]2O)[C@H](O)[C@@H](O)[C@H]1O)OC(=O)CCCCC/C=C\C/C=C\C/C=C\CC,0.495377541,-2.555614471,1.987674713
arm_DGDGW3DS1839Z12Z15Z1637Z10Z13Z1,Glycerolipid metabolism,Q2HZ22_wild,C1C=CN(C=C1C(=O)N)[C@H]2[C@@H]([C@@H]([C@H](O2)COP(=O)(O)OP(=O)(O)OC[C@@H]3[C@H]([C@H]([C@@H](O3)N4C=NC5=C(N=CN=C54)N)OP(=O)(O)O)O)O)O,0.464075714,-2.342596769,2.03883338
arm_DGDGW3DS1839Z12Z15Z1637Z10Z13Z1,Glycerolipid metabolism,Q2HZ22_wild,O=O,0.537731409,-1.965953469,1.65201354
arm_DGDGW3DS1839Z12Z15Z1637Z10Z13Z1,Glycerolipid metabolism,Q2HZ23_wild,CCCCC/C=C\C/C=C\CCCCCCCC(=O)OC[C@H](CO[C@@H]1O[C@H](CO[C@H]2O[C@H](CO)[C@H](O)[C@@H](O)[C@H]2O)[C@H](O)[C@@H](O)[C@H]1O)OC(=O)CCCCC/C=C\C/C=C\C/C=C\CC,0.989616275,-2.496310472,2.068044186
arm_DGDGW3DS1839Z12Z15Z1637Z10Z13Z1,Glycerolipid metabolism,Q2HZ23_wild,C1C=CN(C=C1C(=O)N)[C@H]2[C@@H]([C@@H]([C@H](O2)COP(=O)(O)OP(=O)(O)OC[C@@H]3[C@H]([C@H]([C@@H](O3)N4C=NC5=C(N=CN=C54)N)OP(=O)(O)O)O)O)O,1.018737197,-2.293547392,2.223756313
arm_DGDGW3DS1839Z12Z15Z1637Z10Z13Z1,Glycerolipid metabolism,Q2HZ23_wild,O=O,0.975109458,-1.921997309,1.850872755
arm_DGDGW3DS1839Z12Z15Z1637Z10Z13Z1,Glycerolipid metabolism,Q2HZ24_wild,CCCCC/C=C\C/C=C\CCCCCCCC(=O)OC[C@H](CO[C@@H]1O[C@H](CO[C@H]2O[C@H](CO)[C@H](O)[C@@H](O)[C@H]2O)[C@H](O)[C@@H](O)[C@H]1O)OC(=O)CCCCC/C=C\C/C=C\C/C=C\CC,1.394309759,-2.536328793,2.353570938
arm_DGDGW3DS1839Z12Z15Z1637Z10Z13Z1,Glycerolipid metabolism,Q2HZ24_wild,C1C=CN(C=C1C(=O)N)[C@H]2[C@@H]([C@@H]([C@H](O2)COP(=O)(O)OP(=O)(O)OC[C@@H]3[C@H]([C@H]([C@@H](O3)N4C=NC5=C(N=CN=C54)N)OP(=O)(O)O)O)O)O,1.526150465,-2.361738205,2.588181257
arm_DGDGW3DS1839Z12Z15Z1637Z10Z13Z1,Glycerolipid metabolism,Q2HZ24_wild,O=O,1.439333439,-2.030860424,2.160542011
arm_DGDGW3DS1839Z12Z15Z1637Z10Z13Z2,Glycerolipid metabolism,A0A2K3CTD8_wild,CC/C=C\C/C=C\C/C=C\CCCCCCCC(=O)OC[C@H](CO[C@@H]1O[C@H](CO[C@H]2O[C@H](CO)[C@H](O)[C@@H](O)[C@H]2O)[C@H](O)[C@@H](O)[C@H]1O)OC(=O)CCCCC/C=C\C/C=C\CCCCC,1.120703459,-2.487761736,2.239025593
arm_DGDGW3DS1839Z12Z15Z1637Z10Z13Z2,Glycerolipid metabolism,A0A2K3CTD8_wild,C1C=CN(C=C1C(=O)N)[C@H]2[C@@H]([C@@H]([C@H](O2)COP(=O)(O)OP(=O)(O)OC[C@@H]3[C@H]([C@H]([C@@H](O3)N4C=NC5=C(N=CN=C54)N)OP(=O)(O)O)O)O)O,1.064813375,-2.432117462,2.418567181
arm_DGDGW3DS1839Z12Z15Z1637Z10Z13Z2,Glycerolipid metabolism,A0A2K3CTD8_wild,O=O,1.058802485,-2.072975636,2.015945673
arm_DGDGW3DS1839Z12Z15Z1637Z10Z13Z2,Glycerolipid metabolism,A8HMC4_wild,CC/C=C\C/C=C\C/C=C\CCCCCCCC(=O)OC[C@H](CO[C@@H]1O[C@H](CO[C@H]2O[C@H](CO)[C@H](O)[C@@H](O)[C@H]2O)[C@H](O)[C@@H](O)[C@H]1O)OC(=O)CCCCC/C=C\C/C=C\CCCCC,0.650145173,-1.979713082,2.174992323
arm_DGDGW3DS1839Z12Z15Z1637Z10Z13Z2,Glycerolipid metabolism,A8HMC4_wild,C1C=CN(C=C1C(=O)N)[C@H]2[C@@H]([C@@H]([C@H](O2)COP(=O)(O)OP(=O)(O)OC[C@@H]3[C@H]([C@H]([C@@H](O3)N4C=NC5=C(N=CN=C54)N)OP(=O)(O)O)O)O)O,0.595166087,-1.981671333,2.276490688
arm_DGDGW3DS1839Z12Z15Z1637Z10Z13Z2,Glycerolipid metabolism,A8HMC4_wild,O=O,0.709893405,-2.109255075,2.064291716
arm_DGDGW3DS1839Z12Z15Z1637Z10Z13Z2,Glycerolipid metabolism,Q2HZ21_wild,CC/C=C\C/C=C\C/C=C\CCCCCCCC(=O)OC[C@H](CO[C@@H]1O[C@H](CO[C@H]2O[C@H](CO)[C@H](O)[C@@H](O)[C@H]2O)[C@H](O)[C@@H](O)[C@H]1O)OC(=O)CCCCC/C=C\C/C=C\CCCCC,0.749207139,-2.367983341,1.996061325
arm_DGDGW3DS1839Z12Z15Z1637Z10Z13Z2,Glycerolipid metabolism,Q2HZ21_wild,C1C=CN(C=C1C(=O)N)[C@H]2[C@@H]([C@@H]([C@H](O2)COP(=O)(O)OP(=O)(O)OC[C@@H]3[C@H]([C@H]([C@@H](O3)N4C=NC5=C(N=CN=C54)N)OP(=O)(O)O)O)O)O,0.771763265,-2.15124774,2.11893177
arm_DGDGW3DS1839Z12Z15Z1637Z10Z13Z2,Glycerolipid metabolism,Q2HZ21_wild,O=O,0.768349051,-1.936388612,1.85402751
arm_DGDGW3DS1839Z12Z15Z1637Z10Z13Z2,Glycerolipid metabolism,Q2HZ22_wild,CC/C=C\C/C=C\C/C=C\CCCCCCCC(=O)OC[C@H](CO[C@@H]1O[C@H](CO[C@H]2O[C@H](CO)[C@H](O)[C@@H](O)[C@H]2O)[C@H](O)[C@@H](O)[C@H]1O)OC(=O)CCCCC/C=C\C/C=C\CCCCC,0.570461333,-2.453118801,1.96667695
arm_DGDGW3DS1839Z12Z15Z1637Z10Z13Z2,Glycerolipid metabolism,Q2HZ22_wild,C1C=CN(C=C1C(=O)N)[C@H]2[C@@H]([C@@H]([C@H](O2)COP(=O)(O)OP(=O)(O)OC[C@@H]3[C@H]([C@H]([C@@H](O3)N4C=NC5=C(N=CN=C54)N)OP(=O)(O)O)O)O)O,0.464075714,-2.342596769,2.03883338
arm_DGDGW3DS1839Z12Z15Z1637Z10Z13Z2,Glycerolipid metabolism,Q2HZ22_wild,O=O,0.537731409,-1.965953469,1.65201354
arm_DGDGW3DS1839Z12Z15Z1637Z10Z13Z2,Glycerolipid metabolism,Q2HZ23_wild,CC/C=C\C/C=C\C/C=C\CCCCCCCC(=O)OC[C@H](CO[C@@H]1O[C@H](CO[C@H]2O[C@H](CO)[C@H](O)[C@@H](O)[C@H]2O)[C@H](O)[C@@H](O)[C@H]1O)OC(=O)CCCCC/C=C\C/C=C\CCCCC,1.06842339,-2.382230759,2.039974213
arm_DGDGW3DS1839Z12Z15Z1637Z10Z13Z2,Glycerolipid metabolism,Q2HZ23_wild,C1C=CN(C=C1C(=O)N)[C@H]2[C@@H]([C@@H]([C@H](O2)COP(=O)(O)OP(=O)(O)OC[C@@H]3[C@H]([C@H]([C@@H](O3)N4C=NC5=C(N=CN=C54)N)OP(=O)(O)O)O)O)O,1.018737197,-2.293547392,2.223756313
arm_DGDGW3DS1839Z12Z15Z1637Z10Z13Z2,Glycerolipid metabolism,Q2HZ23_wild,O=O,0.975109458,-1.921997309,1.850872755
arm_DGDGW3DS1839Z12Z15Z1637Z10Z13Z2,Glycerolipid metabolism,Q2HZ24_wild,CC/C=C\C/C=C\C/C=C\CCCCCCCC(=O)OC[C@H](CO[C@@H]1O[C@H](CO[C@H]2O[C@H](CO)[C@H](O)[C@@H](O)[C@H]2O)[C@H](O)[C@@H](O)[C@H]1O)OC(=O)CCCCC/C=C\C/C=C\CCCCC,1.465780497,-2.416840792,2.323542118
arm_DGDGW3DS1839Z12Z15Z1637Z10Z13Z2,Glycerolipid metabolism,Q2HZ24_wild,C1C=CN(C=C1C(=O)N)[C@H]2[C@@H]([C@@H]([C@H](O2)COP(=O)(O)OP(=O)(O)OC[C@@H]3[C@H]([C@H]([C@@H](O3)N4C=NC5=C(N=CN=C54)N)OP(=O)(O)O)O)O)O,1.526150465,-2.361738205,2.588181257
arm_DGDGW3DS1839Z12Z15Z1637Z10Z13Z2,Glycerolipid metabolism,Q2HZ24_wild,O=O,1.439333439,-2.030860424,2.160542011
arm_DGDGW3DS1839Z12Z15Z1644Z7Z10Z13Z,Glycerolipid metabolism,A0A2K3CTD8_wild,CC/C=C\C/C=C\C/C=C\CCCCCCCC(=O)OC[C@H](CO[C@@H]1O[C@H](CO[C@H]2O[C@H](CO)[C@H](O)[C@@H](O)[C@H]2O)[C@H](O)[C@@H](O)[C@H]1O)OC(=O)CCCCC/C=C\C/C=C\C/C=C\CC,1.103560686,-2.435323715,2.191804409
arm_DGDGW3DS1839Z12Z15Z1644Z7Z10Z13Z,Glycerolipid metabolism,A0A2K3CTD8_wild,C1C=CN(C=C1C(=O)N)[C@H]2[C@@H]([C@@H]([C@H](O2)COP(=O)(O)OP(=O)(O)OC[C@@H]3[C@H]([C@H]([C@@H](O3)N4C=NC5=C(N=CN=C54)N)OP(=O)(O)O)O)O)O,1.064813375,-2.432117462,2.418567181
arm_DGDGW3DS1839Z12Z15Z1644Z7Z10Z13Z,Glycerolipid metabolism,A0A2K3CTD8_wild,O=O,1.058802485,-2.072975636,2.015945673
arm_DGDGW3DS1839Z12Z15Z1644Z7Z10Z13Z,Glycerolipid metabolism,A8HMC4_wild,CC/C=C\C/C=C\C/C=C\CCCCCCCC(=O)OC[C@H](CO[C@@H]1O[C@H](CO[C@H]2O[C@H](CO)[C@H](O)[C@@H](O)[C@H]2O)[C@H](O)[C@@H](O)[C@H]1O)OC(=O)CCCCC/C=C\C/C=C\C/C=C\CC,0.656517208,-1.935159445,2.172153234
arm_DGDGW3DS1839Z12Z15Z1644Z7Z10Z13Z,Glycerolipid metabolism,A8HMC4_wild,C1C=CN(C=C1C(=O)N)[C@H]2[C@@H]([C@@H]([C@H](O2)COP(=O)(O)OP(=O)(O)OC[C@@H]3[C@H]([C@H]([C@@H](O3)N4C=NC5=C(N=CN=C54)N)OP(=O)(O)O)O)O)O,0.595166087,-1.981671333,2.276490688
arm_DGDGW3DS1839Z12Z15Z1644Z7Z10Z13Z,Glycerolipid metabolism,A8HMC4_wild,O=O,0.709893405,-2.109255075,2.064291716
arm_DGDGW3DS1839Z12Z15Z1644Z7Z10Z13Z,Glycerolipid metabolism,Q2HZ21_wild,CC/C=C\C/C=C\C/C=C\CCCCCCCC(=O)OC[C@H](CO[C@@H]1O[C@H](CO[C@H]2O[C@H](CO)[C@H](O)[C@@H](O)[C@H]2O)[C@H](O)[C@@H](O)[C@H]1O)OC(=O)CCCCC/C=C\C/C=C\C/C=C\CC,0.746945322,-2.31409049,1.979736686
arm_DGDGW3DS1839Z12Z15Z1644Z7Z10Z13Z,Glycerolipid metabolism,Q2HZ21_wild,C1C=CN(C=C1C(=O)N)[C@H]2[C@@H]([C@@H]([C@H](O2)COP(=O)(O)OP(=O)(O)OC[C@@H]3[C@H]([C@H]([C@@H](O3)N4C=NC5=C(N=CN=C54)N)OP(=O)(O)O)O)O)O,0.771763265,-2.15124774,2.11893177
arm_DGDGW3DS1839Z12Z15Z1644Z7Z10Z13Z,Glycerolipid metabolism,Q2HZ21_wild,O=O,0.768349051,-1.936388612,1.85402751
arm_DGDGW3DS1839Z12Z15Z1644Z7Z10Z13Z,Glycerolipid metabolism,Q2HZ22_wild,CC/C=C\C/C=C\C/C=C\CCCCCCCC(=O)OC[C@H](CO[C@@H]1O[C@H](CO[C@H]2O[C@H](CO)[C@H](O)[C@@H](O)[C@H]2O)[C@H](O)[C@@H](O)[C@H]1O)OC(=O)CCCCC/C=C\C/C=C\C/C=C\CC,0.558380663,-2.394114256,1.923443556
arm_DGDGW3DS1839Z12Z15Z1644Z7Z10Z13Z,Glycerolipid metabolism,Q2HZ22_wild,C1C=CN(C=C1C(=O)N)[C@H]2[C@@H]([C@@H]([C@H](O2)COP(=O)(O)OP(=O)(O)OC[C@@H]3[C@H]([C@H]([C@@H](O3)N4C=NC5=C(N=CN=C54)N)OP(=O)(O)O)O)O)O,0.464075714,-2.342596769,2.03883338
arm_DGDGW3DS1839Z12Z15Z1644Z7Z10Z13Z,Glycerolipid metabolism,Q2HZ22_wild,O=O,0.537731409,-1.965953469,1.65201354
arm_DGDGW3DS1839Z12Z15Z1644Z7Z10Z13Z,Glycerolipid metabolism,Q2HZ23_wild,CC/C=C\C/C=C\C/C=C\CCCCCCCC(=O)OC[C@H](CO[C@@H]1O[C@H](CO[C@H]2O[C@H](CO)[C@H](O)[C@@H](O)[C@H]2O)[C@H](O)[C@@H](O)[C@H]1O)OC(=O)CCCCC/C=C\C/C=C\C/C=C\CC,1.041608214,-2.333947897,1.989091158
arm_DGDGW3DS1839Z12Z15Z1644Z7Z10Z13Z,Glycerolipid metabolism,Q2HZ23_wild,C1C=CN(C=C1C(=O)N)[C@H]2[C@@H]([C@@H]([C@H](O2)COP(=O)(O)OP(=O)(O)OC[C@@H]3[C@H]([C@H]([C@@H](O3)N4C=NC5=C(N=CN=C54)N)OP(=O)(O)O)O)O)O,1.018737197,-2.293547392,2.223756313
arm_DGDGW3DS1839Z12Z15Z1644Z7Z10Z13Z,Glycerolipid metabolism,Q2HZ23_wild,O=O,0.975109458,-1.921997309,1.850872755
arm_DGDGW3DS1839Z12Z15Z1644Z7Z10Z13Z,Glycerolipid metabolism,Q2HZ24_wild,CC/C=C\C/C=C\C/C=C\CCCCCCCC(=O)OC[C@H](CO[C@@H]1O[C@H](CO[C@H]2O[C@H](CO)[C@H](O)[C@@H](O)[C@H]2O)[C@H](O)[C@@H](O)[C@H]1O)OC(=O)CCCCC/C=C\C/C=C\C/C=C\CC,1.4394238,-2.369335413,2.286044836
arm_DGDGW3DS1839Z12Z15Z1644Z7Z10Z13Z,Glycerolipid metabolism,Q2HZ24_wild,C1C=CN(C=C1C(=O)N)[C@H]2[C@@H]([C@@H]([C@H](O2)COP(=O)(O)OP(=O)(O)OC[C@@H]3[C@H]([C@H]([C@@H](O3)N4C=NC5=C(N=CN=C54)N)OP(=O)(O)O)O)O)O,1.526150465,-2.361738205,2.588181257
arm_DGDGW3DS1839Z12Z15Z1644Z7Z10Z13Z,Glycerolipid metabolism,Q2HZ24_wild,O=O,1.439333439,-2.030860424,2.160542011
arm_DGDGW6DS1819Z1627Z10Z,Glycerolipid metabolism,A0A2K3CTD8_wild,CCCCCCCC/C=C\CCCCCCCC(=O)OC[C@H](CO[C@@H]1O[C@H](CO[C@H]2O[C@H](CO)[C@H](O)[C@@H](O)[C@H]2O)[C@H](O)[C@@H](O)[C@H]1O)OC(=O)CCCCC/C=C\CCCCCCCC,1.111493349,-2.697906256,2.329059124
arm_DGDGW6DS1819Z1627Z10Z,Glycerolipid metabolism,A0A2K3CTD8_wild,C1C=CN(C=C1C(=O)N)[C@H]2[C@@H]([C@@H]([C@H](O2)COP(=O)(O)OP(=O)(O)OC[C@@H]3[C@H]([C@H]([C@@H](O3)N4C=NC5=C(N=CN=C54)N)OP(=O)(O)O)O)O)O,1.064813375,-2.432117462,2.418567181
arm_DGDGW6DS1819Z1627Z10Z,Glycerolipid metabolism,A0A2K3CTD8_wild,O=O,1.058802485,-2.072975636,2.015945673
arm_DGDGW6DS1819Z1627Z10Z,Glycerolipid metabolism,A0A2K3DQ46_wild,CCCCCCCC/C=C\CCCCCCCC(=O)OC[C@H](CO[C@@H]1O[C@H](CO[C@H]2O[C@H](CO)[C@H](O)[C@@H](O)[C@H]2O)[C@H](O)[C@@H](O)[C@H]1O)OC(=O)CCCCC/C=C\CCCCCCCC,-0.490842015,-1.988388777,0.842509091
arm_DGDGW6DS1819Z1627Z10Z,Glycerolipid metabolism,A0A2K3DQ46_wild,C1C=CN(C=C1C(=O)N)[C@H]2[C@@H]([C@@H]([C@H](O2)COP(=O)(O)OP(=O)(O)OC[C@@H]3[C@H]([C@H]([C@@H](O3)N4C=NC5=C(N=CN=C54)N)OP(=O)(O)O)O)O)O,-0.408041626,-1.583424568,0.724595845
arm_DGDGW6DS1819Z1627Z10Z,Glycerolipid metabolism,A0A2K3DQ46_wild,O=O,-0.487161964,-1.302583456,0.413232386
arm_DGDGW6DS1819Z1627Z10Z,Glycerolipid metabolism,O48663_wild,CCCCCCCC/C=C\CCCCCCCC(=O)OC[C@H](CO[C@@H]1O[C@H](CO[C@H]2O[C@H](CO)[C@H](O)[C@@H](O)[C@H]2O)[C@H](O)[C@@H](O)[C@H]1O)OC(=O)CCCCC/C=C\CCCCCCCC,0.325273812,-2.262253284,2.014523745
arm_DGDGW6DS1819Z1627Z10Z,Glycerolipid metabolism,O48663_wild,C1C=CN(C=C1C(=O)N)[C@H]2[C@@H]([C@@H]([C@H](O2)COP(=O)(O)OP(=O)(O)OC[C@@H]3[C@H]([C@H]([C@@H](O3)N4C=NC5=C(N=CN=C54)N)OP(=O)(O)O)O)O)O,0.277104169,-1.961031318,1.949942946
arm_DGDGW6DS1819Z1627Z10Z,Glycerolipid metabolism,O48663_wild,O=O,0.447934449,-2.184913874,1.77226758
arm_DGDGW6DS1819Z1627Z10Z,Glycerolipid metabolism,Q2HZ21_wild,CCCCCCCC/C=C\CCCCCCCC(=O)OC[C@H](CO[C@@H]1O[C@H](CO[C@H]2O[C@H](CO)[C@H](O)[C@@H](O)[C@H]2O)[C@H](O)[C@@H](O)[C@H]1O)OC(=O)CCCCC/C=C\CCCCCCCC,0.77412951,-2.538605213,2.097386599
arm_DGDGW6DS1819Z1627Z10Z,Glycerolipid metabolism,Q2HZ21_wild,C1C=CN(C=C1C(=O)N)[C@H]2[C@@H]([C@@H]([C@H](O2)COP(=O)(O)OP(=O)(O)OC[C@@H]3[C@H]([C@H]([C@@H](O3)N4C=NC5=C(N=CN=C54)N)OP(=O)(O)O)O)O)O,0.771763265,-2.15124774,2.11893177
arm_DGDGW6DS1819Z1627Z10Z,Glycerolipid metabolism,Q2HZ21_wild,O=O,0.768349051,-1.936388612,1.85402751
arm_DGDGW6DS1819Z1627Z10Z,Glycerolipid metabolism,Q2HZ22_wild,CCCCCCCC/C=C\CCCCCCCC(=O)OC[C@H](CO[C@@H]1O[C@H](CO[C@H]2O[C@H](CO)[C@H](O)[C@@H](O)[C@H]2O)[C@H](O)[C@@H](O)[C@H]1O)OC(=O)CCCCC/C=C\CCCCCCCC,0.576908052,-2.651219845,2.059726238
arm_DGDGW6DS1819Z1627Z10Z,Glycerolipid metabolism,Q2HZ22_wild,C1C=CN(C=C1C(=O)N)[C@H]2[C@@H]([C@@H]([C@H](O2)COP(=O)(O)OP(=O)(O)OC[C@@H]3[C@H]([C@H]([C@@H](O3)N4C=NC5=C(N=CN=C54)N)OP(=O)(O)O)O)O)O,0.464075714,-2.342596769,2.03883338
arm_DGDGW6DS1819Z1627Z10Z,Glycerolipid metabolism,Q2HZ22_wild,O=O,0.537731409,-1.965953469,1.65201354
arm_DGDGW6DS1819Z1627Z10Z,Glycerolipid metabolism,Q2HZ23_wild,CCCCCCCC/C=C\CCCCCCCC(=O)OC[C@H](CO[C@@H]1O[C@H](CO[C@H]2O[C@H](CO)[C@H](O)[C@@H](O)[C@H]2O)[C@H](O)[C@@H](O)[C@H]1O)OC(=O)CCCCC/C=C\CCCCCCCC,1.074538589,-2.59461236,2.145101309
arm_DGDGW6DS1819Z1627Z10Z,Glycerolipid metabolism,Q2HZ23_wild,C1C=CN(C=C1C(=O)N)[C@H]2[C@@H]([C@@H]([C@H](O2)COP(=O)(O)OP(=O)(O)OC[C@@H]3[C@H]([C@H]([C@@H](O3)N4C=NC5=C(N=CN=C54)N)OP(=O)(O)O)O)O)O,1.018737197,-2.293547392,2.223756313
arm_DGDGW6DS1819Z1627Z10Z,Glycerolipid metabolism,Q2HZ23_wild,O=O,0.975109458,-1.921997309,1.850872755
arm_DGDGW6DS1819Z1627Z10Z,Glycerolipid metabolism,Q2HZ24_wild,CCCCCCCC/C=C\CCCCCCCC(=O)OC[C@H](CO[C@@H]1O[C@H](CO[C@H]2O[C@H](CO)[C@H](O)[C@@H](O)[C@H]2O)[C@H](O)[C@@H](O)[C@H]1O)OC(=O)CCCCC/C=C\CCCCCCCC,1.488072157,-2.621382713,2.43913269
arm_DGDGW6DS1819Z1627Z10Z,Glycerolipid metabolism,Q2HZ24_wild,C1C=CN(C=C1C(=O)N)[C@H]2[C@@H]([C@@H]([C@H](O2)COP(=O)(O)OP(=O)(O)OC[C@@H]3[C@H]([C@H]([C@@H](O3)N4C=NC5=C(N=CN=C54)N)OP(=O)(O)O)O)O)O,1.526150465,-2.361738205,2.588181257
arm_DGDGW6DS1819Z1627Z10Z,Glycerolipid metabolism,Q2HZ24_wild,O=O,1.439333439,-2.030860424,2.160542011
arm_DGDGW6DS1829Z12Z160,Glycerolipid metabolism,A0A2K3CTD8_wild,CCCCCCCC/C=C\CCCCCCCC(=O)OC[C@H](CO[C@@H]1O[C@H](CO[C@H]2O[C@H](CO)[C@H](O)[C@@H](O)[C@H]2O)[C@H](O)[C@@H](O)[C@H]1O)OC(=O)CCCCCCCCCCCCCCC,1.040310383,-2.738090038,2.276395321
arm_DGDGW6DS1829Z12Z160,Glycerolipid metabolism,A0A2K3CTD8_wild,C1C=CN(C=C1C(=O)N)[C@H]2[C@@H]([C@@H]([C@H](O2)COP(=O)(O)OP(=O)(O)OC[C@@H]3[C@H]([C@H]([C@@H](O3)N4C=NC5=C(N=CN=C54)N)OP(=O)(O)O)O)O)O,1.064813375,-2.432117462,2.418567181
arm_DGDGW6DS1829Z12Z160,Glycerolipid metabolism,A0A2K3CTD8_wild,O=O,1.058802485,-2.072975636,2.015945673
arm_DGDGW6DS1829Z12Z160,Glycerolipid metabolism,A0A2K3DQ46_wild,CCCCCCCC/C=C\CCCCCCCC(=O)OC[C@H](CO[C@@H]1O[C@H](CO[C@H]2O[C@H](CO)[C@H](O)[C@@H](O)[C@H]2O)[C@H](O)[C@@H](O)[C@H]1O)OC(=O)CCCCCCCCCCCCCCC,-0.552728534,-2.013973713,0.791680574
arm_DGDGW6DS1829Z12Z160,Glycerolipid metabolism,A0A2K3DQ46_wild,C1C=CN(C=C1C(=O)N)[C@H]2[C@@H]([C@@H]([C@H](O2)COP(=O)(O)OP(=O)(O)OC[C@@H]3[C@H]([C@H]([C@@H](O3)N4C=NC5=C(N=CN=C54)N)OP(=O)(O)O)O)O)O,-0.408041626,-1.583424568,0.724595845
arm_DGDGW6DS1829Z12Z160,Glycerolipid metabolism,A0A2K3DQ46_wild,O=O,-0.487161964,-1.302583456,0.413232386
arm_DGDGW6DS1829Z12Z160,Glycerolipid metabolism,O48663_wild,CCCCCCCC/C=C\CCCCCCCC(=O)OC[C@H](CO[C@@H]1O[C@H](CO[C@H]2O[C@H](CO)[C@H](O)[C@@H](O)[C@H]2O)[C@H](O)[C@@H](O)[C@H]1O)OC(=O)CCCCCCCCCCCCCCC,0.248444706,-2.291903257,1.96416533
arm_DGDGW6DS1829Z12Z160,Glycerolipid metabolism,O48663_wild,C1C=CN(C=C1C(=O)N)[C@H]2[C@@H]([C@@H]([C@H](O2)COP(=O)(O)OP(=O)(O)OC[C@@H]3[C@H]([C@H]([C@@H](O3)N4C=NC5=C(N=CN=C54)N)OP(=O)(O)O)O)O)O,0.277104169,-1.961031318,1.949942946
arm_DGDGW6DS1829Z12Z160,Glycerolipid metabolism,O48663_wild,O=O,0.447934449,-2.184913874,1.77226758
arm_DGDGW6DS1829Z12Z160,Glycerolipid metabolism,Q2HZ21_wild,CCCCCCCC/C=C\CCCCCCCC(=O)OC[C@H](CO[C@@H]1O[C@H](CO[C@H]2O[C@H](CO)[C@H](O)[C@@H](O)[C@H]2O)[C@H](O)[C@@H](O)[C@H]1O)OC(=O)CCCCCCCCCCCCCCC,0.702639937,-2.566442728,2.037674427
arm_DGDGW6DS1829Z12Z160,Glycerolipid metabolism,Q2HZ21_wild,C1C=CN(C=C1C(=O)N)[C@H]2[C@@H]([C@@H]([C@H](O2)COP(=O)(O)OP(=O)(O)OC[C@@H]3[C@H]([C@H]([C@@H](O3)N4C=NC5=C(N=CN=C54)N)OP(=O)(O)O)O)O)O,0.771763265,-2.15124774,2.11893177
arm_DGDGW6DS1829Z12Z160,Glycerolipid metabolism,Q2HZ21_wild,O=O,0.768349051,-1.936388612,1.85402751
arm_DGDGW6DS1829Z12Z160,Glycerolipid metabolism,Q2HZ22_wild,CCCCCCCC/C=C\CCCCCCCC(=O)OC[C@H](CO[C@@H]1O[C@H](CO[C@H]2O[C@H](CO)[C@H](O)[C@@H](O)[C@H]2O)[C@H](O)[C@@H](O)[C@H]1O)OC(=O)CCCCCCCCCCCCCCC,0.494962364,-2.680545568,1.998255014
arm_DGDGW6DS1829Z12Z160,Glycerolipid metabolism,Q2HZ22_wild,C1C=CN(C=C1C(=O)N)[C@H]2[C@@H]([C@@H]([C@H](O2)COP(=O)(O)OP(=O)(O)OC[C@@H]3[C@H]([C@H]([C@@H](O3)N4C=NC5=C(N=CN=C54)N)OP(=O)(O)O)O)O)O,0.464075714,-2.342596769,2.03883338
arm_DGDGW6DS1829Z12Z160,Glycerolipid metabolism,Q2HZ22_wild,O=O,0.537731409,-1.965953469,1.65201354
arm_DGDGW6DS1829Z12Z160,Glycerolipid metabolism,Q2HZ23_wild,CCCCCCCC/C=C\CCCCCCCC(=O)OC[C@H](CO[C@@H]1O[C@H](CO[C@H]2O[C@H](CO)[C@H](O)[C@@H](O)[C@H]2O)[C@H](O)[C@@H](O)[C@H]1O)OC(=O)CCCCCCCCCCCCCCC,0.983330607,-2.627040148,2.090395689
arm_DGDGW6DS1829Z12Z160,Glycerolipid metabolism,Q2HZ23_wild,C1C=CN(C=C1C(=O)N)[C@H]2[C@@H]([C@@H]([C@H](O2)COP(=O)(O)OP(=O)(O)OC[C@@H]3[C@H]([C@H]([C@@H](O3)N4C=NC5=C(N=CN=C54)N)OP(=O)(O)O)O)O)O,1.018737197,-2.293547392,2.223756313
arm_DGDGW6DS1829Z12Z160,Glycerolipid metabolism,Q2HZ23_wild,O=O,0.975109458,-1.921997309,1.850872755
arm_DGDGW6DS1829Z12Z160,Glycerolipid metabolism,Q2HZ24_wild,CCCCCCCC/C=C\CCCCCCCC(=O)OC[C@H](CO[C@@H]1O[C@H](CO[C@H]2O[C@H](CO)[C@H](O)[C@@H](O)[C@H]2O)[C@H](O)[C@@H](O)[C@H]1O)OC(=O)CCCCCCCCCCCCCCC,1.409756064,-2.63957715,2.390293598
arm_DGDGW6DS1829Z12Z160,Glycerolipid metabolism,Q2HZ24_wild,C1C=CN(C=C1C(=O)N)[C@H]2[C@@H]([C@@H]([C@H](O2)COP(=O)(O)OP(=O)(O)OC[C@@H]3[C@H]([C@H]([C@@H](O3)N4C=NC5=C(N=CN=C54)N)OP(=O)(O)O)O)O)O,1.526150465,-2.361738205,2.588181257
arm_DGDGW6DS1829Z12Z160,Glycerolipid metabolism,Q2HZ24_wild,O=O,1.439333439,-2.030860424,2.160542011
arm_DGDGW6DS1829Z12Z1617Z,Glycerolipid metabolism,A0A2K3CTD8_wild,CCCCCCCC/C=C\CCCCCCCC(=O)OC[C@H](CO[C@@H]1O[C@H](CO[C@H]2O[C@H](CO)[C@H](O)[C@@H](O)[C@H]2O)[C@H](O)[C@@H](O)[C@H]1O)OC(=O)CCCCC/C=C\CCCCCCCC,1.111493349,-2.697906256,2.329059124
arm_DGDGW6DS1829Z12Z1617Z,Glycerolipid metabolism,A0A2K3CTD8_wild,C1C=CN(C=C1C(=O)N)[C@H]2[C@@H]([C@@H]([C@H](O2)COP(=O)(O)OP(=O)(O)OC[C@@H]3[C@H]([C@H]([C@@H](O3)N4C=NC5=C(N=CN=C54)N)OP(=O)(O)O)O)O)O,1.064813375,-2.432117462,2.418567181
arm_DGDGW6DS1829Z12Z1617Z,Glycerolipid metabolism,A0A2K3CTD8_wild,O=O,1.058802485,-2.072975636,2.015945673
arm_DGDGW6DS1829Z12Z1617Z,Glycerolipid metabolism,A0A2K3DQ46_wild,CCCCCCCC/C=C\CCCCCCCC(=O)OC[C@H](CO[C@@H]1O[C@H](CO[C@H]2O[C@H](CO)[C@H](O)[C@@H](O)[C@H]2O)[C@H](O)[C@@H](O)[C@H]1O)OC(=O)CCCCC/C=C\CCCCCCCC,-0.490842015,-1.988388777,0.842509091
arm_DGDGW6DS1829Z12Z1617Z,Glycerolipid metabolism,A0A2K3DQ46_wild,C1C=CN(C=C1C(=O)N)[C@H]2[C@@H]([C@@H]([C@H](O2)COP(=O)(O)OP(=O)(O)OC[C@@H]3[C@H]([C@H]([C@@H](O3)N4C=NC5=C(N=CN=C54)N)OP(=O)(O)O)O)O)O,-0.408041626,-1.583424568,0.724595845
arm_DGDGW6DS1829Z12Z1617Z,Glycerolipid metabolism,A0A2K3DQ46_wild,O=O,-0.487161964,-1.302583456,0.413232386
arm_DGDGW6DS1829Z12Z1617Z,Glycerolipid metabolism,O48663_wild,CCCCCCCC/C=C\CCCCCCCC(=O)OC[C@H](CO[C@@H]1O[C@H](CO[C@H]2O[C@H](CO)[C@H](O)[C@@H](O)[C@H]2O)[C@H](O)[C@@H](O)[C@H]1O)OC(=O)CCCCC/C=C\CCCCCCCC,0.325273812,-2.262253284,2.014523745
arm_DGDGW6DS1829Z12Z1617Z,Glycerolipid metabolism,O48663_wild,C1C=CN(C=C1C(=O)N)[C@H]2[C@@H]([C@@H]([C@H](O2)COP(=O)(O)OP(=O)(O)OC[C@@H]3[C@H]([C@H]([C@@H](O3)N4C=NC5=C(N=CN=C54)N)OP(=O)(O)O)O)O)O,0.277104169,-1.961031318,1.949942946
arm_DGDGW6DS1829Z12Z1617Z,Glycerolipid metabolism,O48663_wild,O=O,0.447934449,-2.184913874,1.77226758
arm_DGDGW6DS1829Z12Z1617Z,Glycerolipid metabolism,Q2HZ21_wild,CCCCCCCC/C=C\CCCCCCCC(=O)OC[C@H](CO[C@@H]1O[C@H](CO[C@H]2O[C@H](CO)[C@H](O)[C@@H](O)[C@H]2O)[C@H](O)[C@@H](O)[C@H]1O)OC(=O)CCCCC/C=C\CCCCCCCC,0.77412951,-2.538605213,2.097386599
arm_DGDGW6DS1829Z12Z1617Z,Glycerolipid metabolism,Q2HZ21_wild,C1C=CN(C=C1C(=O)N)[C@H]2[C@@H]([C@@H]([C@H](O2)COP(=O)(O)OP(=O)(O)OC[C@@H]3[C@H]([C@H]([C@@H](O3)N4C=NC5=C(N=CN=C54)N)OP(=O)(O)O)O)O)O,0.771763265,-2.15124774,2.11893177
arm_DGDGW6DS1829Z12Z1617Z,Glycerolipid metabolism,Q2HZ21_wild,O=O,0.768349051,-1.936388612,1.85402751
arm_DGDGW6DS1829Z12Z1617Z,Glycerolipid metabolism,Q2HZ22_wild,CCCCCCCC/C=C\CCCCCCCC(=O)OC[C@H](CO[C@@H]1O[C@H](CO[C@H]2O[C@H](CO)[C@H](O)[C@@H](O)[C@H]2O)[C@H](O)[C@@H](O)[C@H]1O)OC(=O)CCCCC/C=C\CCCCCCCC,0.576908052,-2.651219845,2.059726238
arm_DGDGW6DS1829Z12Z1617Z,Glycerolipid metabolism,Q2HZ22_wild,C1C=CN(C=C1C(=O)N)[C@H]2[C@@H]([C@@H]([C@H](O2)COP(=O)(O)OP(=O)(O)OC[C@@H]3[C@H]([C@H]([C@@H](O3)N4C=NC5=C(N=CN=C54)N)OP(=O)(O)O)O)O)O,0.464075714,-2.342596769,2.03883338
arm_DGDGW6DS1829Z12Z1617Z,Glycerolipid metabolism,Q2HZ22_wild,O=O,0.537731409,-1.965953469,1.65201354
arm_DGDGW6DS1829Z12Z1617Z,Glycerolipid metabolism,Q2HZ23_wild,CCCCCCCC/C=C\CCCCCCCC(=O)OC[C@H](CO[C@@H]1O[C@H](CO[C@H]2O[C@H](CO)[C@H](O)[C@@H](O)[C@H]2O)[C@H](O)[C@@H](O)[C@H]1O)OC(=O)CCCCC/C=C\CCCCCCCC,1.074538589,-2.59461236,2.145101309
arm_DGDGW6DS1829Z12Z1617Z,Glycerolipid metabolism,Q2HZ23_wild,C1C=CN(C=C1C(=O)N)[C@H]2[C@@H]([C@@H]([C@H](O2)COP(=O)(O)OP(=O)(O)OC[C@@H]3[C@H]([C@H]([C@@H](O3)N4C=NC5=C(N=CN=C54)N)OP(=O)(O)O)O)O)O,1.018737197,-2.293547392,2.223756313
arm_DGDGW6DS1829Z12Z1617Z,Glycerolipid metabolism,Q2HZ23_wild,O=O,0.975109458,-1.921997309,1.850872755
arm_DGDGW6DS1829Z12Z1617Z,Glycerolipid metabolism,Q2HZ24_wild,CCCCCCCC/C=C\CCCCCCCC(=O)OC[C@H](CO[C@@H]1O[C@H](CO[C@H]2O[C@H](CO)[C@H](O)[C@@H](O)[C@H]2O)[C@H](O)[C@@H](O)[C@H]1O)OC(=O)CCCCC/C=C\CCCCCCCC,1.488072157,-2.621382713,2.43913269
arm_DGDGW6DS1829Z12Z1617Z,Glycerolipid metabolism,Q2HZ24_wild,C1C=CN(C=C1C(=O)N)[C@H]2[C@@H]([C@@H]([C@H](O2)COP(=O)(O)OP(=O)(O)OC[C@@H]3[C@H]([C@H]([C@@H](O3)N4C=NC5=C(N=CN=C54)N)OP(=O)(O)O)O)O)O,1.526150465,-2.361738205,2.588181257
arm_DGDGW6DS1829Z12Z1617Z,Glycerolipid metabolism,Q2HZ24_wild,O=O,1.439333439,-2.030860424,2.160542011
arm_DGDGW6DS1829Z12Z1619Z,Glycerolipid metabolism,A0A2K3CTD8_wild,CCCCCCCC/C=C\CCCCCCCC(=O)OC[C@H](CO[C@@H]1O[C@H](CO[C@H]2O[C@H](CO)[C@H](O)[C@@H](O)[C@H]2O)[C@H](O)[C@@H](O)[C@H]1O)OC(=O)CCCCCCC/C=C\CCCCCC,1.122343779,-2.701552153,2.336039782
arm_DGDGW6DS1829Z12Z1619Z,Glycerolipid metabolism,A0A2K3CTD8_wild,C1C=CN(C=C1C(=O)N)[C@H]2[C@@H]([C@@H]([C@H](O2)COP(=O)(O)OP(=O)(O)OC[C@@H]3[C@H]([C@H]([C@@H](O3)N4C=NC5=C(N=CN=C54)N)OP(=O)(O)O)O)O)O,1.064813375,-2.432117462,2.418567181
arm_DGDGW6DS1829Z12Z1619Z,Glycerolipid metabolism,A0A2K3CTD8_wild,O=O,1.058802485,-2.072975636,2.015945673
arm_DGDGW6DS1829Z12Z1619Z,Glycerolipid metabolism,A0A2K3DQ46_wild,CCCCCCCC/C=C\CCCCCCCC(=O)OC[C@H](CO[C@@H]1O[C@H](CO[C@H]2O[C@H](CO)[C@H](O)[C@@H](O)[C@H]2O)[C@H](O)[C@@H](O)[C@H]1O)OC(=O)CCCCCCC/C=C\CCCCCC,-0.482550919,-2.0000844,0.845293045
arm_DGDGW6DS1829Z12Z1619Z,Glycerolipid metabolism,A0A2K3DQ46_wild,C1C=CN(C=C1C(=O)N)[C@H]2[C@@H]([C@@H]([C@H](O2)COP(=O)(O)OP(=O)(O)OC[C@@H]3[C@H]([C@H]([C@@H](O3)N4C=NC5=C(N=CN=C54)N)OP(=O)(O)O)O)O)O,-0.408041626,-1.583424568,0.724595845
arm_DGDGW6DS1829Z12Z1619Z,Glycerolipid metabolism,A0A2K3DQ46_wild,O=O,-0.487161964,-1.302583456,0.413232386
arm_DGDGW6DS1829Z12Z1619Z,Glycerolipid metabolism,O48663_wild,CCCCCCCC/C=C\CCCCCCCC(=O)OC[C@H](CO[C@@H]1O[C@H](CO[C@H]2O[C@H](CO)[C@H](O)[C@@H](O)[C@H]2O)[C@H](O)[C@@H](O)[C@H]1O)OC(=O)CCCCCCC/C=C\CCCCCC,0.335231841,-2.267205477,2.021621466
arm_DGDGW6DS1829Z12Z1619Z,Glycerolipid metabolism,O48663_wild,C1C=CN(C=C1C(=O)N)[C@H]2[C@@H]([C@@H]([C@H](O2)COP(=O)(O)OP(=O)(O)OC[C@@H]3[C@H]([C@H]([C@@H](O3)N4C=NC5=C(N=CN=C54)N)OP(=O)(O)O)O)O)O,0.277104169,-1.961031318,1.949942946
arm_DGDGW6DS1829Z12Z1619Z,Glycerolipid metabolism,O48663_wild,O=O,0.447934449,-2.184913874,1.77226758
arm_DGDGW6DS1829Z12Z1619Z,Glycerolipid metabolism,Q2HZ21_wild,CCCCCCCC/C=C\CCCCCCCC(=O)OC[C@H](CO[C@@H]1O[C@H](CO[C@H]2O[C@H](CO)[C@H](O)[C@@H](O)[C@H]2O)[C@H](O)[C@@H](O)[C@H]1O)OC(=O)CCCCCCC/C=C\CCCCCC,0.782427311,-2.544873714,2.100292683
arm_DGDGW6DS1829Z12Z1619Z,Glycerolipid metabolism,Q2HZ21_wild,C1C=CN(C=C1C(=O)N)[C@H]2[C@@H]([C@@H]([C@H](O2)COP(=O)(O)OP(=O)(O)OC[C@@H]3[C@H]([C@H]([C@@H](O3)N4C=NC5=C(N=CN=C54)N)OP(=O)(O)O)O)O)O,0.771763265,-2.15124774,2.11893177
arm_DGDGW6DS1829Z12Z1619Z,Glycerolipid metabolism,Q2HZ21_wild,O=O,0.768349051,-1.936388612,1.85402751
arm_DGDGW6DS1829Z12Z1619Z,Glycerolipid metabolism,Q2HZ22_wild,CCCCCCCC/C=C\CCCCCCCC(=O)OC[C@H](CO[C@@H]1O[C@H](CO[C@H]2O[C@H](CO)[C@H](O)[C@@H](O)[C@H]2O)[C@H](O)[C@@H](O)[C@H]1O)OC(=O)CCCCCCC/C=C\CCCCCC,0.585463822,-2.656406641,2.06218338
arm_DGDGW6DS1829Z12Z1619Z,Glycerolipid metabolism,Q2HZ22_wild,C1C=CN(C=C1C(=O)N)[C@H]2[C@@H]([C@@H]([C@H](O2)COP(=O)(O)OP(=O)(O)OC[C@@H]3[C@H]([C@H]([C@@H](O3)N4C=NC5=C(N=CN=C54)N)OP(=O)(O)O)O)O)O,0.464075714,-2.342596769,2.03883338
arm_DGDGW6DS1829Z12Z1619Z,Glycerolipid metabolism,Q2HZ22_wild,O=O,0.537731409,-1.965953469,1.65201354
arm_DGDGW6DS1829Z12Z1619Z,Glycerolipid metabolism,Q2HZ23_wild,CCCCCCCC/C=C\CCCCCCCC(=O)OC[C@H](CO[C@@H]1O[C@H](CO[C@H]2O[C@H](CO)[C@H](O)[C@@H](O)[C@H]2O)[C@H](O)[C@@H](O)[C@H]1O)OC(=O)CCCCCCC/C=C\CCCCCC,1.086463451,-2.598583698,2.150209904
arm_DGDGW6DS1829Z12Z1619Z,Glycerolipid metabolism,Q2HZ23_wild,C1C=CN(C=C1C(=O)N)[C@H]2[C@@H]([C@@H]([C@H](O2)COP(=O)(O)OP(=O)(O)OC[C@@H]3[C@H]([C@H]([C@@H](O3)N4C=NC5=C(N=CN=C54)N)OP(=O)(O)O)O)O)O,1.018737197,-2.293547392,2.223756313
arm_DGDGW6DS1829Z12Z1619Z,Glycerolipid metabolism,Q2HZ23_wild,O=O,0.975109458,-1.921997309,1.850872755
arm_DGDGW6DS1829Z12Z1619Z,Glycerolipid metabolism,Q2HZ24_wild,CCCCCCCC/C=C\CCCCCCCC(=O)OC[C@H](CO[C@@H]1O[C@H](CO[C@H]2O[C@H](CO)[C@H](O)[C@@H](O)[C@H]2O)[C@H](O)[C@@H](O)[C@H]1O)OC(=O)CCCCCCC/C=C\CCCCCC,1.496504903,-2.622796774,2.445920467
arm_DGDGW6DS1829Z12Z1619Z,Glycerolipid metabolism,Q2HZ24_wild,C1C=CN(C=C1C(=O)N)[C@H]2[C@@H]([C@@H]([C@H](O2)COP(=O)(O)OP(=O)(O)OC[C@@H]3[C@H]([C@H]([C@@H](O3)N4C=NC5=C(N=CN=C54)N)OP(=O)(O)O)O)O)O,1.526150465,-2.361738205,2.588181257
arm_DGDGW6DS1829Z12Z1619Z,Glycerolipid metabolism,Q2HZ24_wild,O=O,1.439333439,-2.030860424,2.160542011
arm_DGDGW6DS1829Z12Z1627Z10Z1,Glycerolipid metabolism,A0A2K3CTD8_wild,CCCCCCCC/C=C\CCCCCCCC(=O)OC[C@H](CO[C@@H]1O[C@H](CO[C@H]2O[C@H](CO)[C@H](O)[C@@H](O)[C@H]2O)[C@H](O)[C@@H](O)[C@H]1O)OC(=O)CCCCC/C=C\C/C=C\CCCCC,1.077202916,-2.685845613,2.326477051
arm_DGDGW6DS1829Z12Z1627Z10Z1,Glycerolipid metabolism,A0A2K3CTD8_wild,C1C=CN(C=C1C(=O)N)[C@H]2[C@@H]([C@@H]([C@H](O2)COP(=O)(O)OP(=O)(O)OC[C@@H]3[C@H]([C@H]([C@@H](O3)N4C=NC5=C(N=CN=C54)N)OP(=O)(O)O)O)O)O,1.064813375,-2.432117462,2.418567181
arm_DGDGW6DS1829Z12Z1627Z10Z1,Glycerolipid metabolism,A0A2K3CTD8_wild,O=O,1.058802485,-2.072975636,2.015945673
arm_DGDGW6DS1829Z12Z1627Z10Z1,Glycerolipid metabolism,A0A2K3DQ46_wild,CCCCCCCC/C=C\CCCCCCCC(=O)OC[C@H](CO[C@@H]1O[C@H](CO[C@H]2O[C@H](CO)[C@H](O)[C@@H](O)[C@H]2O)[C@H](O)[C@@H](O)[C@H]1O)OC(=O)CCCCC/C=C\C/C=C\CCCCC,-0.526780725,-1.979418159,0.817350686
arm_DGDGW6DS1829Z12Z1627Z10Z1,Glycerolipid metabolism,A0A2K3DQ46_wild,C1C=CN(C=C1C(=O)N)[C@H]2[C@@H]([C@@H]([C@H](O2)COP(=O)(O)OP(=O)(O)OC[C@@H]3[C@H]([C@H]([C@@H](O3)N4C=NC5=C(N=CN=C54)N)OP(=O)(O)O)O)O)O,-0.408041626,-1.583424568,0.724595845
arm_DGDGW6DS1829Z12Z1627Z10Z1,Glycerolipid metabolism,A0A2K3DQ46_wild,O=O,-0.487161964,-1.302583456,0.413232386
arm_DGDGW6DS1829Z12Z1627Z10Z1,Glycerolipid metabolism,O48663_wild,CCCCCCCC/C=C\CCCCCCCC(=O)OC[C@H](CO[C@@H]1O[C@H](CO[C@H]2O[C@H](CO)[C@H](O)[C@@H](O)[C@H]2O)[C@H](O)[C@@H](O)[C@H]1O)OC(=O)CCCCC/C=C\C/C=C\CCCCC,0.272154301,-2.253695011,1.988664269
arm_DGDGW6DS1829Z12Z1627Z10Z1,Glycerolipid metabolism,O48663_wild,C1C=CN(C=C1C(=O)N)[C@H]2[C@@H]([C@@H]([C@H](O2)COP(=O)(O)OP(=O)(O)OC[C@@H]3[C@H]([C@H]([C@@H](O3)N4C=NC5=C(N=CN=C54)N)OP(=O)(O)O)O)O)O,0.277104169,-1.961031318,1.949942946
arm_DGDGW6DS1829Z12Z1627Z10Z1,Glycerolipid metabolism,O48663_wild,O=O,0.447934449,-2.184913874,1.77226758
arm_DGDGW6DS1829Z12Z1627Z10Z1,Glycerolipid metabolism,Q2HZ21_wild,CCCCCCCC/C=C\CCCCCCCC(=O)OC[C@H](CO[C@@H]1O[C@H](CO[C@H]2O[C@H](CO)[C@H](O)[C@@H](O)[C@H]2O)[C@H](O)[C@@H](O)[C@H]1O)OC(=O)CCCCC/C=C\C/C=C\CCCCC,0.722669482,-2.543681145,2.084729195
arm_DGDGW6DS1829Z12Z1627Z10Z1,Glycerolipid metabolism,Q2HZ21_wild,C1C=CN(C=C1C(=O)N)[C@H]2[C@@H]([C@@H]([C@H](O2)COP(=O)(O)OP(=O)(O)OC[C@@H]3[C@H]([C@H]([C@@H](O3)N4C=NC5=C(N=CN=C54)N)OP(=O)(O)O)O)O)O,0.771763265,-2.15124774,2.11893177
arm_DGDGW6DS1829Z12Z1627Z10Z1,Glycerolipid metabolism,Q2HZ21_wild,O=O,0.768349051,-1.936388612,1.85402751
arm_DGDGW6DS1829Z12Z1627Z10Z1,Glycerolipid metabolism,Q2HZ22_wild,CCCCCCCC/C=C\CCCCCCCC(=O)OC[C@H](CO[C@@H]1O[C@H](CO[C@H]2O[C@H](CO)[C@H](O)[C@@H](O)[C@H]2O)[C@H](O)[C@@H](O)[C@H]1O)OC(=O)CCCCC/C=C\C/C=C\CCCCC,0.535711408,-2.646109581,2.052087069
arm_DGDGW6DS1829Z12Z1627Z10Z1,Glycerolipid metabolism,Q2HZ22_wild,C1C=CN(C=C1C(=O)N)[C@H]2[C@@H]([C@@H]([C@H](O2)COP(=O)(O)OP(=O)(O)OC[C@@H]3[C@H]([C@H]([C@@H](O3)N4C=NC5=C(N=CN=C54)N)OP(=O)(O)O)O)O)O,0.464075714,-2.342596769,2.03883338
arm_DGDGW6DS1829Z12Z1627Z10Z1,Glycerolipid metabolism,Q2HZ22_wild,O=O,0.537731409,-1.965953469,1.65201354
arm_DGDGW6DS1829Z12Z1627Z10Z1,Glycerolipid metabolism,Q2HZ23_wild,CCCCCCCC/C=C\CCCCCCCC(=O)OC[C@H](CO[C@@H]1O[C@H](CO[C@H]2O[C@H](CO)[C@H](O)[C@@H](O)[C@H]2O)[C@H](O)[C@@H](O)[C@H]1O)OC(=O)CCCCC/C=C\C/C=C\CCCCC,1.034537792,-2.579684258,2.133048296
arm_DGDGW6DS1829Z12Z1627Z10Z1,Glycerolipid metabolism,Q2HZ23_wild,C1C=CN(C=C1C(=O)N)[C@H]2[C@@H]([C@@H]([C@H](O2)COP(=O)(O)OP(=O)(O)OC[C@@H]3[C@H]([C@H]([C@@H](O3)N4C=NC5=C(N=CN=C54)N)OP(=O)(O)O)O)O)O,1.018737197,-2.293547392,2.223756313
arm_DGDGW6DS1829Z12Z1627Z10Z1,Glycerolipid metabolism,Q2HZ23_wild,O=O,0.975109458,-1.921997309,1.850872755
arm_DGDGW6DS1829Z12Z1627Z10Z1,Glycerolipid metabolism,Q2HZ24_wild,CCCCCCCC/C=C\CCCCCCCC(=O)OC[C@H](CO[C@@H]1O[C@H](CO[C@H]2O[C@H](CO)[C@H](O)[C@@H](O)[C@H]2O)[C@H](O)[C@@H](O)[C@H]1O)OC(=O)CCCCC/C=C\C/C=C\CCCCC,1.440226316,-2.617886066,2.430241346
arm_DGDGW6DS1829Z12Z1627Z10Z1,Glycerolipid metabolism,Q2HZ24_wild,C1C=CN(C=C1C(=O)N)[C@H]2[C@@H]([C@@H]([C@H](O2)COP(=O)(O)OP(=O)(O)OC[C@@H]3[C@H]([C@H]([C@@H](O3)N4C=NC5=C(N=CN=C54)N)OP(=O)(O)O)O)O)O,1.526150465,-2.361738205,2.588181257
arm_DGDGW6DS1829Z12Z1627Z10Z1,Glycerolipid metabolism,Q2HZ24_wild,O=O,1.439333439,-2.030860424,2.160542011
arm_DGDGW6DS1829Z12Z1627Z10Z2,Glycerolipid metabolism,A0A2K3CTD8_wild,CCCCC/C=C\C/C=C\CCCCCCCC(=O)OC[C@H](CO[C@@H]1O[C@H](CO[C@H]2O[C@H](CO)[C@H](O)[C@@H](O)[C@H]2O)[C@H](O)[C@@H](O)[C@H]1O)OC(=O)CCCCC/C=C\CCCCCCCC,1.113527417,-2.611102343,2.277797461
arm_DGDGW6DS1829Z12Z1627Z10Z2,Glycerolipid metabolism,A0A2K3CTD8_wild,C1C=CN(C=C1C(=O)N)[C@H]2[C@@H]([C@@H]([C@H](O2)COP(=O)(O)OP(=O)(O)OC[C@@H]3[C@H]([C@H]([C@@H](O3)N4C=NC5=C(N=CN=C54)N)OP(=O)(O)O)O)O)O,1.064813375,-2.432117462,2.418567181
arm_DGDGW6DS1829Z12Z1627Z10Z2,Glycerolipid metabolism,A0A2K3CTD8_wild,O=O,1.058802485,-2.072975636,2.015945673
arm_DGDGW6DS1829Z12Z1627Z10Z2,Glycerolipid metabolism,A0A2K3DQ46_wild,CCCCC/C=C\C/C=C\CCCCCCCC(=O)OC[C@H](CO[C@@H]1O[C@H](CO[C@H]2O[C@H](CO)[C@H](O)[C@@H](O)[C@H]2O)[C@H](O)[C@@H](O)[C@H]1O)OC(=O)CCCCC/C=C\CCCCCCCC,-0.503970087,-1.920617461,0.785100698
arm_DGDGW6DS1829Z12Z1627Z10Z2,Glycerolipid metabolism,A0A2K3DQ46_wild,C1C=CN(C=C1C(=O)N)[C@H]2[C@@H]([C@@H]([C@H](O2)COP(=O)(O)OP(=O)(O)OC[C@@H]3[C@H]([C@H]([C@@H](O3)N4C=NC5=C(N=CN=C54)N)OP(=O)(O)O)O)O)O,-0.408041626,-1.583424568,0.724595845
arm_DGDGW6DS1829Z12Z1627Z10Z2,Glycerolipid metabolism,A0A2K3DQ46_wild,O=O,-0.487161964,-1.302583456,0.413232386
arm_DGDGW6DS1829Z12Z1627Z10Z2,Glycerolipid metabolism,O48663_wild,CCCCC/C=C\C/C=C\CCCCCCCC(=O)OC[C@H](CO[C@@H]1O[C@H](CO[C@H]2O[C@H](CO)[C@H](O)[C@@H](O)[C@H]2O)[C@H](O)[C@@H](O)[C@H]1O)OC(=O)CCCCC/C=C\CCCCCCCC,0.30142054,-2.173677444,1.941319704
arm_DGDGW6DS1829Z12Z1627Z10Z2,Glycerolipid metabolism,O48663_wild,C1C=CN(C=C1C(=O)N)[C@H]2[C@@H]([C@@H]([C@H](O2)COP(=O)(O)OP(=O)(O)OC[C@@H]3[C@H]([C@H]([C@@H](O3)N4C=NC5=C(N=CN=C54)N)OP(=O)(O)O)O)O)O,0.277104169,-1.961031318,1.949942946
arm_DGDGW6DS1829Z12Z1627Z10Z2,Glycerolipid metabolism,O48663_wild,O=O,0.447934449,-2.184913874,1.77226758
arm_DGDGW6DS1829Z12Z1627Z10Z2,Glycerolipid metabolism,Q2HZ21_wild,CCCCC/C=C\C/C=C\CCCCCCCC(=O)OC[C@H](CO[C@@H]1O[C@H](CO[C@H]2O[C@H](CO)[C@H](O)[C@@H](O)[C@H]2O)[C@H](O)[C@@H](O)[C@H]1O)OC(=O)CCCCC/C=C\CCCCCCCC,0.752814651,-2.457716703,2.04099369
arm_DGDGW6DS1829Z12Z1627Z10Z2,Glycerolipid metabolism,Q2HZ21_wild,C1C=CN(C=C1C(=O)N)[C@H]2[C@@H]([C@@H]([C@H](O2)COP(=O)(O)OP(=O)(O)OC[C@@H]3[C@H]([C@H]([C@@H](O3)N4C=NC5=C(N=CN=C54)N)OP(=O)(O)O)O)O)O,0.771763265,-2.15124774,2.11893177
arm_DGDGW6DS1829Z12Z1627Z10Z2,Glycerolipid metabolism,Q2HZ21_wild,O=O,0.768349051,-1.936388612,1.85402751
arm_DGDGW6DS1829Z12Z1627Z10Z2,Glycerolipid metabolism,Q2HZ22_wild,CCCCC/C=C\C/C=C\CCCCCCCC(=O)OC[C@H](CO[C@@H]1O[C@H](CO[C@H]2O[C@H](CO)[C@H](O)[C@@H](O)[C@H]2O)[C@H](O)[C@@H](O)[C@H]1O)OC(=O)CCCCC/C=C\CCCCCCCC,0.567443073,-2.565048695,2.00868392
arm_DGDGW6DS1829Z12Z1627Z10Z2,Glycerolipid metabolism,Q2HZ22_wild,C1C=CN(C=C1C(=O)N)[C@H]2[C@@H]([C@@H]([C@H](O2)COP(=O)(O)OP(=O)(O)OC[C@@H]3[C@H]([C@H]([C@@H](O3)N4C=NC5=C(N=CN=C54)N)OP(=O)(O)O)O)O)O,0.464075714,-2.342596769,2.03883338
arm_DGDGW6DS1829Z12Z1627Z10Z2,Glycerolipid metabolism,Q2HZ22_wild,O=O,0.537731409,-1.965953469,1.65201354
arm_DGDGW6DS1829Z12Z1627Z10Z2,Glycerolipid metabolism,Q2HZ23_wild,CCCCC/C=C\C/C=C\CCCCCCCC(=O)OC[C@H](CO[C@@H]1O[C@H](CO[C@H]2O[C@H](CO)[C@H](O)[C@@H](O)[C@H]2O)[C@H](O)[C@@H](O)[C@H]1O)OC(=O)CCCCC/C=C\CCCCCCCC,1.07059288,-2.511420488,2.093533516
arm_DGDGW6DS1829Z12Z1627Z10Z2,Glycerolipid metabolism,Q2HZ23_wild,C1C=CN(C=C1C(=O)N)[C@H]2[C@@H]([C@@H]([C@H](O2)COP(=O)(O)OP(=O)(O)OC[C@@H]3[C@H]([C@H]([C@@H](O3)N4C=NC5=C(N=CN=C54)N)OP(=O)(O)O)O)O)O,1.018737197,-2.293547392,2.223756313
arm_DGDGW6DS1829Z12Z1627Z10Z2,Glycerolipid metabolism,Q2HZ23_wild,O=O,0.975109458,-1.921997309,1.850872755
arm_DGDGW6DS1829Z12Z1627Z10Z2,Glycerolipid metabolism,Q2HZ24_wild,CCCCC/C=C\C/C=C\CCCCCCCC(=O)OC[C@H](CO[C@@H]1O[C@H](CO[C@H]2O[C@H](CO)[C@H](O)[C@@H](O)[C@H]2O)[C@H](O)[C@@H](O)[C@H]1O)OC(=O)CCCCC/C=C\CCCCCCCC,1.482582092,-2.536773682,2.380789995
arm_DGDGW6DS1829Z12Z1627Z10Z2,Glycerolipid metabolism,Q2HZ24_wild,C1C=CN(C=C1C(=O)N)[C@H]2[C@@H]([C@@H]([C@H](O2)COP(=O)(O)OP(=O)(O)OC[C@@H]3[C@H]([C@H]([C@@H](O3)N4C=NC5=C(N=CN=C54)N)OP(=O)(O)O)O)O)O,1.526150465,-2.361738205,2.588181257
arm_DGDGW6DS1829Z12Z1627Z10Z2,Glycerolipid metabolism,Q2HZ24_wild,O=O,1.439333439,-2.030860424,2.160542011
arm_DGDGW6DS1829Z12Z1634Z7Z10Z,Glycerolipid metabolism,A0A2K3CTD8_wild,CCCCCCCC/C=C\CCCCCCCC(=O)OC[C@H](CO[C@@H]1O[C@H](CO[C@H]2O[C@H](CO)[C@H](O)[C@@H](O)[C@H]2O)[C@H](O)[C@@H](O)[C@H]1O)OC(=O)CC/C=C\C/C=C\C/C=C\CCCCC,1.113512516,-2.758222342,2.387543678
arm_DGDGW6DS1829Z12Z1634Z7Z10Z,Glycerolipid metabolism,A0A2K3CTD8_wild,C1C=CN(C=C1C(=O)N)[C@H]2[C@@H]([C@@H]([C@H](O2)COP(=O)(O)OP(=O)(O)OC[C@@H]3[C@H]([C@H]([C@@H](O3)N4C=NC5=C(N=CN=C54)N)OP(=O)(O)O)O)O)O,1.064813375,-2.432117462,2.418567181
arm_DGDGW6DS1829Z12Z1634Z7Z10Z,Glycerolipid metabolism,A0A2K3CTD8_wild,O=O,1.058802485,-2.072975636,2.015945673
arm_DGDGW6DS1829Z12Z1634Z7Z10Z,Glycerolipid metabolism,A0A2K3DQ46_wild,CCCCCCCC/C=C\CCCCCCCC(=O)OC[C@H](CO[C@@H]1O[C@H](CO[C@H]2O[C@H](CO)[C@H](O)[C@@H](O)[C@H]2O)[C@H](O)[C@@H](O)[C@H]1O)OC(=O)CC/C=C\C/C=C\C/C=C\CCCCC,-0.496246874,-2.072389126,0.878373325
arm_DGDGW6DS1829Z12Z1634Z7Z10Z,Glycerolipid metabolism,A0A2K3DQ46_wild,C1C=CN(C=C1C(=O)N)[C@H]2[C@@H]([C@@H]([C@H](O2)COP(=O)(O)OP(=O)(O)OC[C@@H]3[C@H]([C@H]([C@@H](O3)N4C=NC5=C(N=CN=C54)N)OP(=O)(O)O)O)O)O,-0.408041626,-1.583424568,0.724595845
arm_DGDGW6DS1829Z12Z1634Z7Z10Z,Glycerolipid metabolism,A0A2K3DQ46_wild,O=O,-0.487161964,-1.302583456,0.413232386
arm_DGDGW6DS1829Z12Z1634Z7Z10Z,Glycerolipid metabolism,O48663_wild,CCCCCCCC/C=C\CCCCCCCC(=O)OC[C@H](CO[C@@H]1O[C@H](CO[C@H]2O[C@H](CO)[C@H](O)[C@@H](O)[C@H]2O)[C@H](O)[C@@H](O)[C@H]1O)OC(=O)CC/C=C\C/C=C\C/C=C\CCCCC,0.299621642,-2.333809614,2.055339336
arm_DGDGW6DS1829Z12Z1634Z7Z10Z,Glycerolipid metabolism,O48663_wild,C1C=CN(C=C1C(=O)N)[C@H]2[C@@H]([C@@H]([C@H](O2)COP(=O)(O)OP(=O)(O)OC[C@@H]3[C@H]([C@H]([C@@H](O3)N4C=NC5=C(N=CN=C54)N)OP(=O)(O)O)O)O)O,0.277104169,-1.961031318,1.949942946
arm_DGDGW6DS1829Z12Z1634Z7Z10Z,Glycerolipid metabolism,O48663_wild,O=O,0.447934449,-2.184913874,1.77226758
arm_DGDGW6DS1829Z12Z1634Z7Z10Z,Glycerolipid metabolism,Q2HZ21_wild,CCCCCCCC/C=C\CCCCCCCC(=O)OC[C@H](CO[C@@H]1O[C@H](CO[C@H]2O[C@H](CO)[C@H](O)[C@@H](O)[C@H]2O)[C@H](O)[C@@H](O)[C@H]1O)OC(=O)CC/C=C\C/C=C\C/C=C\CCCCC,0.733458221,-2.624557972,2.149887085
arm_DGDGW6DS1829Z12Z1634Z7Z10Z,Glycerolipid metabolism,Q2HZ21_wild,C1C=CN(C=C1C(=O)N)[C@H]2[C@@H]([C@@H]([C@H](O2)COP(=O)(O)OP(=O)(O)OC[C@@H]3[C@H]([C@H]([C@@H](O3)N4C=NC5=C(N=CN=C54)N)OP(=O)(O)O)O)O)O,0.771763265,-2.15124774,2.11893177
arm_DGDGW6DS1829Z12Z1634Z7Z10Z,Glycerolipid metabolism,Q2HZ21_wild,O=O,0.768349051,-1.936388612,1.85402751
arm_DGDGW6DS1829Z12Z1634Z7Z10Z,Glycerolipid metabolism,Q2HZ22_wild,CCCCCCCC/C=C\CCCCCCCC(=O)OC[C@H](CO[C@@H]1O[C@H](CO[C@H]2O[C@H](CO)[C@H](O)[C@@H](O)[C@H]2O)[C@H](O)[C@@H](O)[C@H]1O)OC(=O)CC/C=C\C/C=C\C/C=C\CCCCC,0.55646801,-2.720221996,2.109937191
arm_DGDGW6DS1829Z12Z1634Z7Z10Z,Glycerolipid metabolism,Q2HZ22_wild,C1C=CN(C=C1C(=O)N)[C@H]2[C@@H]([C@@H]([C@H](O2)COP(=O)(O)OP(=O)(O)OC[C@@H]3[C@H]([C@H]([C@@H](O3)N4C=NC5=C(N=CN=C54)N)OP(=O)(O)O)O)O)O,0.464075714,-2.342596769,2.03883338
arm_DGDGW6DS1829Z12Z1634Z7Z10Z,Glycerolipid metabolism,Q2HZ22_wild,O=O,0.537731409,-1.965953469,1.65201354
arm_DGDGW6DS1829Z12Z1634Z7Z10Z,Glycerolipid metabolism,Q2HZ23_wild,CCCCCCCC/C=C\CCCCCCCC(=O)OC[C@H](CO[C@@H]1O[C@H](CO[C@H]2O[C@H](CO)[C@H](O)[C@@H](O)[C@H]2O)[C@H](O)[C@@H](O)[C@H]1O)OC(=O)CC/C=C\C/C=C\C/C=C\CCCCC,1.060092688,-2.65537405,2.192888021
arm_DGDGW6DS1829Z12Z1634Z7Z10Z,Glycerolipid metabolism,Q2HZ23_wild,C1C=CN(C=C1C(=O)N)[C@H]2[C@@H]([C@@H]([C@H](O2)COP(=O)(O)OP(=O)(O)OC[C@@H]3[C@H]([C@H]([C@@H](O3)N4C=NC5=C(N=CN=C54)N)OP(=O)(O)O)O)O)O,1.018737197,-2.293547392,2.223756313
arm_DGDGW6DS1829Z12Z1634Z7Z10Z,Glycerolipid metabolism,Q2HZ23_wild,O=O,0.975109458,-1.921997309,1.850872755
arm_DGDGW6DS1829Z12Z1634Z7Z10Z,Glycerolipid metabolism,Q2HZ24_wild,CCCCCCCC/C=C\CCCCCCCC(=O)OC[C@H](CO[C@@H]1O[C@H](CO[C@H]2O[C@H](CO)[C@H](O)[C@@H](O)[C@H]2O)[C@H](O)[C@@H](O)[C@H]1O)OC(=O)CC/C=C\C/C=C\C/C=C\CCCCC,1.454189062,-2.696536541,2.489318848
arm_DGDGW6DS1829Z12Z1634Z7Z10Z,Glycerolipid metabolism,Q2HZ24_wild,C1C=CN(C=C1C(=O)N)[C@H]2[C@@H]([C@@H]([C@H](O2)COP(=O)(O)OP(=O)(O)OC[C@@H]3[C@H]([C@H]([C@@H](O3)N4C=NC5=C(N=CN=C54)N)OP(=O)(O)O)O)O)O,1.526150465,-2.361738205,2.588181257
arm_DGDGW6DS1829Z12Z1634Z7Z10Z,Glycerolipid metabolism,Q2HZ24_wild,O=O,1.439333439,-2.030860424,2.160542011
arm_DGDGW6DS1829Z12Z1637Z10Z13Z,Glycerolipid metabolism,A0A2K3CTD8_wild,CCCCCCCC/C=C\CCCCCCCC(=O)OC[C@H](CO[C@@H]1O[C@H](CO[C@H]2O[C@H](CO)[C@H](O)[C@@H](O)[C@H]2O)[C@H](O)[C@@H](O)[C@H]1O)OC(=O)CCCCC/C=C\C/C=C\C/C=C\CC,1.058933258,-2.713154554,2.331681728
arm_DGDGW6DS1829Z12Z1637Z10Z13Z,Glycerolipid metabolism,A0A2K3CTD8_wild,C1C=CN(C=C1C(=O)N)[C@H]2[C@@H]([C@@H]([C@H](O2)COP(=O)(O)OP(=O)(O)OC[C@@H]3[C@H]([C@H]([C@@H](O3)N4C=NC5=C(N=CN=C54)N)OP(=O)(O)O)O)O)O,1.064813375,-2.432117462,2.418567181
arm_DGDGW6DS1829Z12Z1637Z10Z13Z,Glycerolipid metabolism,A0A2K3CTD8_wild,O=O,1.058802485,-2.072975636,2.015945673
arm_DGDGW6DS1829Z12Z1637Z10Z13Z,Glycerolipid metabolism,A0A2K3DQ46_wild,CCCCCCCC/C=C\CCCCCCCC(=O)OC[C@H](CO[C@@H]1O[C@H](CO[C@H]2O[C@H](CO)[C@H](O)[C@@H](O)[C@H]2O)[C@H](O)[C@@H](O)[C@H]1O)OC(=O)CCCCC/C=C\C/C=C\C/C=C\CC,-0.540674329,-2.002672672,0.838009536
arm_DGDGW6DS1829Z12Z1637Z10Z13Z,Glycerolipid metabolism,A0A2K3DQ46_wild,C1C=CN(C=C1C(=O)N)[C@H]2[C@@H]([C@@H]([C@H](O2)COP(=O)(O)OP(=O)(O)OC[C@@H]3[C@H]([C@H]([C@@H](O3)N4C=NC5=C(N=CN=C54)N)OP(=O)(O)O)O)O)O,-0.408041626,-1.583424568,0.724595845
arm_DGDGW6DS1829Z12Z1637Z10Z13Z,Glycerolipid metabolism,A0A2K3DQ46_wild,O=O,-0.487161964,-1.302583456,0.413232386
arm_DGDGW6DS1829Z12Z1637Z10Z13Z,Glycerolipid metabolism,O48663_wild,CCCCCCCC/C=C\CCCCCCCC(=O)OC[C@H](CO[C@@H]1O[C@H](CO[C@H]2O[C@H](CO)[C@H](O)[C@@H](O)[C@H]2O)[C@H](O)[C@@H](O)[C@H]1O)OC(=O)CCCCC/C=C\C/C=C\C/C=C\CC,0.254786849,-2.272444248,2.000212193
arm_DGDGW6DS1829Z12Z1637Z10Z13Z,Glycerolipid metabolism,O48663_wild,C1C=CN(C=C1C(=O)N)[C@H]2[C@@H]([C@@H]([C@H](O2)COP(=O)(O)OP(=O)(O)OC[C@@H]3[C@H]([C@H]([C@@H](O3)N4C=NC5=C(N=CN=C54)N)OP(=O)(O)O)O)O)O,0.277104169,-1.961031318,1.949942946
arm_DGDGW6DS1829Z12Z1637Z10Z13Z,Glycerolipid metabolism,O48663_wild,O=O,0.447934449,-2.184913874,1.77226758
arm_DGDGW6DS1829Z12Z1637Z10Z13Z,Glycerolipid metabolism,Q2HZ21_wild,CCCCCCCC/C=C\CCCCCCCC(=O)OC[C@H](CO[C@@H]1O[C@H](CO[C@H]2O[C@H](CO)[C@H](O)[C@@H](O)[C@H]2O)[C@H](O)[C@@H](O)[C@H]1O)OC(=O)CCCCC/C=C\C/C=C\C/C=C\CC,0.693217933,-2.57570529,2.091605902
arm_DGDGW6DS1829Z12Z1637Z10Z13Z,Glycerolipid metabolism,Q2HZ21_wild,C1C=CN(C=C1C(=O)N)[C@H]2[C@@H]([C@@H]([C@H](O2)COP(=O)(O)OP(=O)(O)OC[C@@H]3[C@H]([C@H]([C@@H](O3)N4C=NC5=C(N=CN=C54)N)OP(=O)(O)O)O)O)O,0.771763265,-2.15124774,2.11893177
arm_DGDGW6DS1829Z12Z1637Z10Z13Z,Glycerolipid metabolism,Q2HZ21_wild,O=O,0.768349051,-1.936388612,1.85402751
arm_DGDGW6DS1829Z12Z1637Z10Z13Z,Glycerolipid metabolism,Q2HZ22_wild,CCCCCCCC/C=C\CCCCCCCC(=O)OC[C@H](CO[C@@H]1O[C@H](CO[C@H]2O[C@H](CO)[C@H](O)[C@@H](O)[C@H]2O)[C@H](O)[C@@H](O)[C@H]1O)OC(=O)CCCCC/C=C\C/C=C\C/C=C\CC,0.515590787,-2.669224262,2.059430122
arm_DGDGW6DS1829Z12Z1637Z10Z13Z,Glycerolipid metabolism,Q2HZ22_wild,C1C=CN(C=C1C(=O)N)[C@H]2[C@@H]([C@@H]([C@H](O2)COP(=O)(O)OP(=O)(O)OC[C@@H]3[C@H]([C@H]([C@@H](O3)N4C=NC5=C(N=CN=C54)N)OP(=O)(O)O)O)O)O,0.464075714,-2.342596769,2.03883338
arm_DGDGW6DS1829Z12Z1637Z10Z13Z,Glycerolipid metabolism,Q2HZ22_wild,O=O,0.537731409,-1.965953469,1.65201354
arm_DGDGW6DS1829Z12Z1637Z10Z13Z,Glycerolipid metabolism,Q2HZ23_wild,CCCCCCCC/C=C\CCCCCCCC(=O)OC[C@H](CO[C@@H]1O[C@H](CO[C@H]2O[C@H](CO)[C@H](O)[C@@H](O)[C@H]2O)[C@H](O)[C@@H](O)[C@H]1O)OC(=O)CCCCC/C=C\C/C=C\C/C=C\CC,1.00908196,-2.608331919,2.140099525
arm_DGDGW6DS1829Z12Z1637Z10Z13Z,Glycerolipid metabolism,Q2HZ23_wild,C1C=CN(C=C1C(=O)N)[C@H]2[C@@H]([C@@H]([C@H](O2)COP(=O)(O)OP(=O)(O)OC[C@@H]3[C@H]([C@H]([C@@H](O3)N4C=NC5=C(N=CN=C54)N)OP(=O)(O)O)O)O)O,1.018737197,-2.293547392,2.223756313
arm_DGDGW6DS1829Z12Z1637Z10Z13Z,Glycerolipid metabolism,Q2HZ23_wild,O=O,0.975109458,-1.921997309,1.850872755
arm_DGDGW6DS1829Z12Z1637Z10Z13Z,Glycerolipid metabolism,Q2HZ24_wild,CCCCCCCC/C=C\CCCCCCCC(=O)OC[C@H](CO[C@@H]1O[C@H](CO[C@H]2O[C@H](CO)[C@H](O)[C@@H](O)[C@H]2O)[C@H](O)[C@@H](O)[C@H]1O)OC(=O)CCCCC/C=C\C/C=C\C/C=C\CC,1.407188773,-2.652959347,2.432813168
arm_DGDGW6DS1829Z12Z1637Z10Z13Z,Glycerolipid metabolism,Q2HZ24_wild,C1C=CN(C=C1C(=O)N)[C@H]2[C@@H]([C@@H]([C@H](O2)COP(=O)(O)OP(=O)(O)OC[C@@H]3[C@H]([C@H]([C@@H](O3)N4C=NC5=C(N=CN=C54)N)OP(=O)(O)O)O)O)O,1.526150465,-2.361738205,2.588181257
arm_DGDGW6DS1829Z12Z1637Z10Z13Z,Glycerolipid metabolism,Q2HZ24_wild,O=O,1.439333439,-2.030860424,2.160542011
arm_DGTSD5DS1601835Z9Z12Z,Glycerolipid metabolism,A0A2K3DBB8_wild,CCCCCCCCCCCCCCCC(=O)OC[C@H](OCC[C@H]([N+](C)(C)C)C(=O)[O-])OC(=O)CCCCCCC/C=C\C/C=C\CCCCC,0.076550208,-1.929625511,1.684743881
arm_DGTSD5DS1601835Z9Z12Z,Glycerolipid metabolism,A0A2K3DBB8_wild,NC(=O)C1=CN([C@@H]2O[C@H](COP(=O)(O)OP(=O)(O)OC[C@H]3O[C@H](n4cnc5c(N)ncnc54)[C@H](O)[C@@H]3O)[C@@H](O)[C@H]2O)C=CC1,0.184556782,-2.549333811,2.23248601
arm_DGTSD5DS1601835Z9Z12Z,Glycerolipid metabolism,A0A2K3DBB8_wild,O=O,0.283578992,-2.252233744,2.006862879
arm_DGTSD5DS1601835Z9Z12Z,Glycerolipid metabolism,A0A2K3DQ46_wild,CCCCCCCCCCCCCCCC(=O)OC[C@H](OCC[C@H]([N+](C)(C)C)C(=O)[O-])OC(=O)CCCCCCC/C=C\C/C=C\CCCCC,-0.51987493,-1.460361123,0.49028796
arm_DGTSD5DS1601835Z9Z12Z,Glycerolipid metabolism,A0A2K3DQ46_wild,NC(=O)C1=CN([C@@H]2O[C@H](COP(=O)(O)OP(=O)(O)OC[C@H]3O[C@H](n4cnc5c(N)ncnc54)[C@H](O)[C@@H]3O)[C@@H](O)[C@H]2O)C=CC1,-0.426535845,-1.97142911,0.803490043
arm_DGTSD5DS1601835Z9Z12Z,Glycerolipid metabolism,A0A2K3DQ46_wild,O=O,-0.487161964,-1.302583456,0.413232386
arm_DGTSD5DS1601835Z9Z12Z,Glycerolipid metabolism,A8IR24_wild,CCCCCCCCCCCCCCCC(=O)OC[C@H](OCC[C@H]([N+](C)(C)C)C(=O)[O-])OC(=O)CCCCCCC/C=C\C/C=C\CCCCC,0.285016537,-1.62787509,1.897060037
arm_DGTSD5DS1601835Z9Z12Z,Glycerolipid metabolism,A8IR24_wild,NC(=O)C1=CN([C@@H]2O[C@H](COP(=O)(O)OP(=O)(O)OC[C@H]3O[C@H](n4cnc5c(N)ncnc54)[C@H](O)[C@@H]3O)[C@@H](O)[C@H]2O)C=CC1,0.37613377,-2.2967453,2.439123869
arm_DGTSD5DS1601835Z9Z12Z,Glycerolipid metabolism,A8IR24_wild,O=O,0.487098128,-1.985033393,2.092821121
arm_DGTSD5DS1601835Z9Z12Z,Glycerolipid metabolism,O48663_wild,CCCCCCCCCCCCCCCC(=O)OC[C@H](OCC[C@H]([N+](C)(C)C)C(=O)[O-])OC(=O)CCCCCCC/C=C\C/C=C\CCCCC,0.251785755,-1.717002153,1.638471961
arm_DGTSD5DS1601835Z9Z12Z,Glycerolipid metabolism,O48663_wild,NC(=O)C1=CN([C@@H]2O[C@H](COP(=O)(O)OP(=O)(O)OC[C@H]3O[C@H](n4cnc5c(N)ncnc54)[C@H](O)[C@@H]3O)[C@@H](O)[C@H]2O)C=CC1,0.238359258,-2.303757668,2.052531481
arm_DGTSD5DS1601835Z9Z12Z,Glycerolipid metabolism,O48663_wild,O=O,0.447934449,-2.184913874,1.77226758
arm_DGTSD5DS18111Z1835Z9Z12Z,Glycerolipid metabolism,A0A2K3DBB8_wild,CCCCCC/C=C\CCCCCCCCCC(=O)OC[C@H](OCC[C@H]([N+](C)(C)C)C(=O)[O-])OC(=O)CCCCCCC/C=C\C/C=C\CCCCC,0.162120193,-1.955800414,1.770942926
arm_DGTSD5DS18111Z1835Z9Z12Z,Glycerolipid metabolism,A0A2K3DBB8_wild,NC(=O)C1=CN([C@@H]2O[C@H](COP(=O)(O)OP(=O)(O)OC[C@H]3O[C@H](n4cnc5c(N)ncnc54)[C@H](O)[C@@H]3O)[C@@H](O)[C@H]2O)C=CC1,0.184556782,-2.549333811,2.23248601
arm_DGTSD5DS18111Z1835Z9Z12Z,Glycerolipid metabolism,A0A2K3DBB8_wild,O=O,0.283578992,-2.252233744,2.006862879
arm_DGTSD5DS18111Z1835Z9Z12Z,Glycerolipid metabolism,A0A2K3DQ46_wild,CCCCCC/C=C\CCCCCCCCCC(=O)OC[C@H](OCC[C@H]([N+](C)(C)C)C(=O)[O-])OC(=O)CCCCCCC/C=C\C/C=C\CCCCC,-0.474793583,-1.489169836,0.557422519
arm_DGTSD5DS18111Z1835Z9Z12Z,Glycerolipid metabolism,A0A2K3DQ46_wild,NC(=O)C1=CN([C@@H]2O[C@H](COP(=O)(O)OP(=O)(O)OC[C@H]3O[C@H](n4cnc5c(N)ncnc54)[C@H](O)[C@@H]3O)[C@@H](O)[C@H]2O)C=CC1,-0.426535845,-1.97142911,0.803490043
arm_DGTSD5DS18111Z1835Z9Z12Z,Glycerolipid metabolism,A0A2K3DQ46_wild,O=O,-0.487161964,-1.302583456,0.413232386
arm_DGTSD5DS18111Z1835Z9Z12Z,Glycerolipid metabolism,A8IR24_wild,CCCCCC/C=C\CCCCCCCCCC(=O)OC[C@H](OCC[C@H]([N+](C)(C)C)C(=O)[O-])OC(=O)CCCCCCC/C=C\C/C=C\CCCCC,0.357456237,-1.623910189,1.972081423
arm_DGTSD5DS18111Z1835Z9Z12Z,Glycerolipid metabolism,A8IR24_wild,NC(=O)C1=CN([C@@H]2O[C@H](COP(=O)(O)OP(=O)(O)OC[C@H]3O[C@H](n4cnc5c(N)ncnc54)[C@H](O)[C@@H]3O)[C@@H](O)[C@H]2O)C=CC1,0.37613377,-2.2967453,2.439123869
arm_DGTSD5DS18111Z1835Z9Z12Z,Glycerolipid metabolism,A8IR24_wild,O=O,0.487098128,-1.985033393,2.092821121
arm_DGTSD5DS18111Z1835Z9Z12Z,Glycerolipid metabolism,O48663_wild,CCCCCC/C=C\CCCCCCCCCC(=O)OC[C@H](OCC[C@H]([N+](C)(C)C)C(=O)[O-])OC(=O)CCCCCCC/C=C\C/C=C\CCCCC,0.337275922,-1.73791194,1.737119079
arm_DGTSD5DS18111Z1835Z9Z12Z,Glycerolipid metabolism,O48663_wild,NC(=O)C1=CN([C@@H]2O[C@H](COP(=O)(O)OP(=O)(O)OC[C@H]3O[C@H](n4cnc5c(N)ncnc54)[C@H](O)[C@@H]3O)[C@@H](O)[C@H]2O)C=CC1,0.238359258,-2.303757668,2.052531481
arm_DGTSD5DS18111Z1835Z9Z12Z,Glycerolipid metabolism,O48663_wild,O=O,0.447934449,-2.184913874,1.77226758
arm_DGTSD5DS1819Z1835Z9Z12Z,Glycerolipid metabolism,A0A2K3DBB8_wild,CCCCCCCC/C=C\CCCCCCCC(=O)OC[C@H](OCC[C@H]([N+](C)(C)C)C(=O)[O-])OC(=O)CCCCCCC/C=C\C/C=C\CCCCC,0.15698874,-1.983783722,1.777777314
arm_DGTSD5DS1819Z1835Z9Z12Z,Glycerolipid metabolism,A0A2K3DBB8_wild,NC(=O)C1=CN([C@@H]2O[C@H](COP(=O)(O)OP(=O)(O)OC[C@H]3O[C@H](n4cnc5c(N)ncnc54)[C@H](O)[C@@H]3O)[C@@H](O)[C@H]2O)C=CC1,0.184556782,-2.549333811,2.23248601
arm_DGTSD5DS1819Z1835Z9Z12Z,Glycerolipid metabolism,A0A2K3DBB8_wild,O=O,0.283578992,-2.252233744,2.006862879
arm_DGTSD5DS1819Z1835Z9Z12Z,Glycerolipid metabolism,A0A2K3DQ46_wild,CCCCCCCC/C=C\CCCCCCCC(=O)OC[C@H](OCC[C@H]([N+](C)(C)C)C(=O)[O-])OC(=O)CCCCCCC/C=C\C/C=C\CCCCC,-0.494596869,-1.519950628,0.544730783
arm_DGTSD5DS1819Z1835Z9Z12Z,Glycerolipid metabolism,A0A2K3DQ46_wild,NC(=O)C1=CN([C@@H]2O[C@H](COP(=O)(O)OP(=O)(O)OC[C@H]3O[C@H](n4cnc5c(N)ncnc54)[C@H](O)[C@@H]3O)[C@@H](O)[C@H]2O)C=CC1,-0.426535845,-1.97142911,0.803490043
arm_DGTSD5DS1819Z1835Z9Z12Z,Glycerolipid metabolism,A0A2K3DQ46_wild,O=O,-0.487161964,-1.302583456,0.413232386
arm_DGTSD5DS1819Z1835Z9Z12Z,Glycerolipid metabolism,A8IR24_wild,CCCCCCCC/C=C\CCCCCCCC(=O)OC[C@H](OCC[C@H]([N+](C)(C)C)C(=O)[O-])OC(=O)CCCCCCC/C=C\C/C=C\CCCCC,0.336957037,-1.662421227,1.981513381
arm_DGTSD5DS1819Z1835Z9Z12Z,Glycerolipid metabolism,A8IR24_wild,NC(=O)C1=CN([C@@H]2O[C@H](COP(=O)(O)OP(=O)(O)OC[C@H]3O[C@H](n4cnc5c(N)ncnc54)[C@H](O)[C@@H]3O)[C@@H](O)[C@H]2O)C=CC1,0.37613377,-2.2967453,2.439123869
arm_DGTSD5DS1819Z1835Z9Z12Z,Glycerolipid metabolism,A8IR24_wild,O=O,0.487098128,-1.985033393,2.092821121
arm_DGTSD5DS1819Z1835Z9Z12Z,Glycerolipid metabolism,O48663_wild,CCCCCCCC/C=C\CCCCCCCC(=O)OC[C@H](OCC[C@H]([N+](C)(C)C)C(=O)[O-])OC(=O)CCCCCCC/C=C\C/C=C\CCCCC,0.336451769,-1.763003349,1.743093729
arm_DGTSD5DS1819Z1835Z9Z12Z,Glycerolipid metabolism,O48663_wild,NC(=O)C1=CN([C@@H]2O[C@H](COP(=O)(O)OP(=O)(O)OC[C@H]3O[C@H](n4cnc5c(N)ncnc54)[C@H](O)[C@@H]3O)[C@@H](O)[C@H]2O)C=CC1,0.238359258,-2.303757668,2.052531481
arm_DGTSD5DS1819Z1835Z9Z12Z,Glycerolipid metabolism,O48663_wild,O=O,0.447934449,-2.184913874,1.77226758
arm_DGTSD5DS1829Z12Z1835Z9Z12Z,Glycerolipid metabolism,A0A2K3DBB8_wild,CCCCC/C=C\C/C=C\CCCCCCCC(=O)OC[C@H](OCC[C@H]([N+](C)(C)C)C(=O)[O-])OC(=O)CCCCCCC/C=C\C/C=C\CCCCC,0.179875299,-1.829403281,1.697627425
arm_DGTSD5DS1829Z12Z1835Z9Z12Z,Glycerolipid metabolism,A0A2K3DBB8_wild,NC(=O)C1=CN([C@@H]2O[C@H](COP(=O)(O)OP(=O)(O)OC[C@H]3O[C@H](n4cnc5c(N)ncnc54)[C@H](O)[C@@H]3O)[C@@H](O)[C@H]2O)C=CC1,0.184556782,-2.549333811,2.23248601
arm_DGTSD5DS1829Z12Z1835Z9Z12Z,Glycerolipid metabolism,A0A2K3DBB8_wild,O=O,0.283578992,-2.252233744,2.006862879
arm_DGTSD5DS1829Z12Z1835Z9Z12Z,Glycerolipid metabolism,A0A2K3DQ46_wild,CCCCC/C=C\C/C=C\CCCCCCCC(=O)OC[C@H](OCC[C@H]([N+](C)(C)C)C(=O)[O-])OC(=O)CCCCCCC/C=C\C/C=C\CCCCC,-0.45867151,-1.394299626,0.505573452
arm_DGTSD5DS1829Z12Z1835Z9Z12Z,Glycerolipid metabolism,A0A2K3DQ46_wild,NC(=O)C1=CN([C@@H]2O[C@H](COP(=O)(O)OP(=O)(O)OC[C@H]3O[C@H](n4cnc5c(N)ncnc54)[C@H](O)[C@@H]3O)[C@@H](O)[C@H]2O)C=CC1,-0.426535845,-1.97142911,0.803490043
arm_DGTSD5DS1829Z12Z1835Z9Z12Z,Glycerolipid metabolism,A0A2K3DQ46_wild,O=O,-0.487161964,-1.302583456,0.413232386
arm_DGTSD5DS1829Z12Z1835Z9Z12Z,Glycerolipid metabolism,A8IR24_wild,CCCCC/C=C\C/C=C\CCCCCCCC(=O)OC[C@H](OCC[C@H]([N+](C)(C)C)C(=O)[O-])OC(=O)CCCCCCC/C=C\C/C=C\CCCCC,0.366842717,-1.515139461,1.905135393
arm_DGTSD5DS1829Z12Z1835Z9Z12Z,Glycerolipid metabolism,A8IR24_wild,NC(=O)C1=CN([C@@H]2O[C@H](COP(=O)(O)OP(=O)(O)OC[C@H]3O[C@H](n4cnc5c(N)ncnc54)[C@H](O)[C@@H]3O)[C@@H](O)[C@H]2O)C=CC1,0.37613377,-2.2967453,2.439123869
arm_DGTSD5DS1829Z12Z1835Z9Z12Z,Glycerolipid metabolism,A8IR24_wild,O=O,0.487098128,-1.985033393,2.092821121
arm_DGTSD5DS1829Z12Z1835Z9Z12Z,Glycerolipid metabolism,O48663_wild,CCCCC/C=C\C/C=C\CCCCCCCC(=O)OC[C@H](OCC[C@H]([N+](C)(C)C)C(=O)[O-])OC(=O)CCCCCCC/C=C\C/C=C\CCCCC,0.338939726,-1.616520286,1.662460566
arm_DGTSD5DS1829Z12Z1835Z9Z12Z,Glycerolipid metabolism,O48663_wild,NC(=O)C1=CN([C@@H]2O[C@H](COP(=O)(O)OP(=O)(O)OC[C@H]3O[C@H](n4cnc5c(N)ncnc54)[C@H](O)[C@@H]3O)[C@@H](O)[C@H]2O)C=CC1,0.238359258,-2.303757668,2.052531481
arm_DGTSD5DS1829Z12Z1835Z9Z12Z,Glycerolipid metabolism,O48663_wild,O=O,0.447934449,-2.184913874,1.77226758
arm_DGTSDS1601829Z12Z,Glycerolipid metabolism,A0A2K3DQ46_wild,CCCCCCCCCCCCCCCC(=O)OC[C@H](OCC[C@H]([N+](C)(C)C)C(=O)[O-])OC(=O)CCCCCCC/C=C\CCCCCCCC,-0.415111601,-1.266038299,0.460900456
arm_DGTSDS1601829Z12Z,Glycerolipid metabolism,A0A2K3DQ46_wild,NC(=O)C1=CN([C@@H]2O[C@H](COP(=O)(O)OP(=O)(O)OC[C@H]3O[C@H](n4cnc5c(N)ncnc54)[C@H](O)[C@@H]3O)[C@@H](O)[C@H]2O)C=CC1,-0.426535845,-1.97142911,0.803490043
arm_DGTSDS1601829Z12Z,Glycerolipid metabolism,A0A2K3DQ46_wild,O=O,-0.487161964,-1.302583456,0.413232386
arm_DGTSDS1601829Z12Z,Glycerolipid metabolism,A8IR24_wild,CCCCCCCCCCCCCCCC(=O)OC[C@H](OCC[C@H]([N+](C)(C)C)C(=O)[O-])OC(=O)CCCCCCC/C=C\CCCCCCCC,0.372251898,-1.42175591,1.858791113
arm_DGTSDS1601829Z12Z,Glycerolipid metabolism,A8IR24_wild,NC(=O)C1=CN([C@@H]2O[C@H](COP(=O)(O)OP(=O)(O)OC[C@H]3O[C@H](n4cnc5c(N)ncnc54)[C@H](O)[C@@H]3O)[C@@H](O)[C@H]2O)C=CC1,0.37613377,-2.2967453,2.439123869
arm_DGTSDS1601829Z12Z,Glycerolipid metabolism,A8IR24_wild,O=O,0.487098128,-1.985033393,2.092821121
arm_DGTSDS1601829Z12Z,Glycerolipid metabolism,O48663_wild,CCCCCCCCCCCCCCCC(=O)OC[C@H](OCC[C@H]([N+](C)(C)C)C(=O)[O-])OC(=O)CCCCCCC/C=C\CCCCCCCC,0.356093884,-1.540555835,1.60127759
arm_DGTSDS1601829Z12Z,Glycerolipid metabolism,O48663_wild,NC(=O)C1=CN([C@@H]2O[C@H](COP(=O)(O)OP(=O)(O)OC[C@H]3O[C@H](n4cnc5c(N)ncnc54)[C@H](O)[C@@H]3O)[C@@H](O)[C@H]2O)C=CC1,0.238359258,-2.303757668,2.052531481
arm_DGTSDS1601829Z12Z,Glycerolipid metabolism,O48663_wild,O=O,0.447934449,-2.184913874,1.77226758
arm_DGTSDS1601845Z9Z12Z15Z,Glycerolipid metabolism,A0A2K3DQ46_wild,CCCCCCCCCCCCCCCC(=O)OC[C@H](OCC[C@H]([N+](C)(C)C)C(=O)[O-])OC(=O)CCC/C=C\CC/C=C\C/C=C\CCCCC,-0.569141746,-1.512993217,0.468588531
arm_DGTSDS1601845Z9Z12Z15Z,Glycerolipid metabolism,A0A2K3DQ46_wild,NC(=O)C1=CN([C@@H]2O[C@H](COP(=O)(O)OP(=O)(O)OC[C@H]3O[C@H](n4cnc5c(N)ncnc54)[C@H](O)[C@@H]3O)[C@@H](O)[C@H]2O)C=CC1,-0.426535845,-1.97142911,0.803490043
arm_DGTSDS1601845Z9Z12Z15Z,Glycerolipid metabolism,A0A2K3DQ46_wild,O=O,-0.487161964,-1.302583456,0.413232386
arm_DGTSDS1601845Z9Z12Z15Z,Glycerolipid metabolism,A0A2K3E763_wild,CCCCCCCCCCCCCCCC(=O)OC[C@H](OCC[C@H]([N+](C)(C)C)C(=O)[O-])OC(=O)CCC/C=C\CC/C=C\C/C=C\CCCCC,-0.024923787,-1.737120867,0.61258924
arm_DGTSDS1601845Z9Z12Z15Z,Glycerolipid metabolism,A0A2K3E763_wild,NC(=O)C1=CN([C@@H]2O[C@H](COP(=O)(O)OP(=O)(O)OC[C@H]3O[C@H](n4cnc5c(N)ncnc54)[C@H](O)[C@@H]3O)[C@@H](O)[C@H]2O)C=CC1,0.146980047,-2.195357323,1.05403161
arm_DGTSDS1601845Z9Z12Z15Z,Glycerolipid metabolism,A0A2K3E763_wild,O=O,0.087087259,-1.231926918,0.705530047
arm_DGTSDS1601845Z9Z12Z15Z,Glycerolipid metabolism,A0A2K3E764_wild,CCCCCCCCCCCCCCCC(=O)OC[C@H](OCC[C@H]([N+](C)(C)C)C(=O)[O-])OC(=O)CCC/C=C\CC/C=C\C/C=C\CCCCC,0.236887574,-1.859065413,1.604891777
arm_DGTSDS1601845Z9Z12Z15Z,Glycerolipid metabolism,A0A2K3E764_wild,NC(=O)C1=CN([C@@H]2O[C@H](COP(=O)(O)OP(=O)(O)OC[C@H]3O[C@H](n4cnc5c(N)ncnc54)[C@H](O)[C@@H]3O)[C@@H](O)[C@H]2O)C=CC1,0.293556273,-2.367789507,2.062114954
arm_DGTSDS1601845Z9Z12Z15Z,Glycerolipid metabolism,A0A2K3E764_wild,O=O,0.383751512,-2.152342558,1.760609627
arm_DGTSDS1601845Z9Z12Z15Z,Glycerolipid metabolism,A0A2K3E7B0_wild,CCCCCCCCCCCCCCCC(=O)OC[C@H](OCC[C@H]([N+](C)(C)C)C(=O)[O-])OC(=O)CCC/C=C\CC/C=C\C/C=C\CCCCC,0.060568232,-1.335761905,0.855126202
arm_DGTSDS1601845Z9Z12Z15Z,Glycerolipid metabolism,A0A2K3E7B0_wild,NC(=O)C1=CN([C@@H]2O[C@H](COP(=O)(O)OP(=O)(O)OC[C@H]3O[C@H](n4cnc5c(N)ncnc54)[C@H](O)[C@@H]3O)[C@@H](O)[C@H]2O)C=CC1,0.128532395,-1.714340568,1.271950006
arm_DGTSDS1601845Z9Z12Z15Z,Glycerolipid metabolism,A0A2K3E7B0_wild,O=O,0.005215553,-0.995010853,0.884747684
arm_DGTSDS1601845Z9Z12Z15Z,Glycerolipid metabolism,A8IR24_wild,CCCCCCCCCCCCCCCC(=O)OC[C@H](OCC[C@H]([N+](C)(C)C)C(=O)[O-])OC(=O)CCC/C=C\CC/C=C\C/C=C\CCCCC,0.201755092,-1.670515299,1.868100762
arm_DGTSDS1601845Z9Z12Z15Z,Glycerolipid metabolism,A8IR24_wild,NC(=O)C1=CN([C@@H]2O[C@H](COP(=O)(O)OP(=O)(O)OC[C@H]3O[C@H](n4cnc5c(N)ncnc54)[C@H](O)[C@@H]3O)[C@@H](O)[C@H]2O)C=CC1,0.37613377,-2.2967453,2.439123869
arm_DGTSDS1601845Z9Z12Z15Z,Glycerolipid metabolism,A8IR24_wild,O=O,0.487098128,-1.985033393,2.092821121
arm_DGTSDS1601845Z9Z12Z15Z,Glycerolipid metabolism,O48663_wild,CCCCCCCCCCCCCCCC(=O)OC[C@H](OCC[C@H]([N+](C)(C)C)C(=O)[O-])OC(=O)CCC/C=C\CC/C=C\C/C=C\CCCCC,0.164470702,-1.784634829,1.609473944
arm_DGTSDS1601845Z9Z12Z15Z,Glycerolipid metabolism,O48663_wild,NC(=O)C1=CN([C@@H]2O[C@H](COP(=O)(O)OP(=O)(O)OC[C@H]3O[C@H](n4cnc5c(N)ncnc54)[C@H](O)[C@@H]3O)[C@@H](O)[C@H]2O)C=CC1,0.238359258,-2.303757668,2.052531481
arm_DGTSDS1601845Z9Z12Z15Z,Glycerolipid metabolism,O48663_wild,O=O,0.447934449,-2.184913874,1.77226758
arm_DGTSDS18111Z1829Z12Z,Glycerolipid metabolism,A0A2K3DQ46_wild,CCCCCC/C=C\CCCCCCCCCC(=O)OC[C@H](OCC[C@H]([N+](C)(C)C)C(=O)[O-])OC(=O)CCCCCCC/C=C\CCCCCCCC,-0.365932941,-1.267666817,0.516063809
arm_DGTSDS18111Z1829Z12Z,Glycerolipid metabolism,A0A2K3DQ46_wild,NC(=O)C1=CN([C@@H]2O[C@H](COP(=O)(O)OP(=O)(O)OC[C@H]3O[C@H](n4cnc5c(N)ncnc54)[C@H](O)[C@@H]3O)[C@@H](O)[C@H]2O)C=CC1,-0.426535845,-1.97142911,0.803490043
arm_DGTSDS18111Z1829Z12Z,Glycerolipid metabolism,A0A2K3DQ46_wild,O=O,-0.487161964,-1.302583456,0.413232386
arm_DGTSDS18111Z1829Z12Z,Glycerolipid metabolism,A8IR24_wild,CCCCCC/C=C\CCCCCCCCCC(=O)OC[C@H](OCC[C@H]([N+](C)(C)C)C(=O)[O-])OC(=O)CCCCCCC/C=C\CCCCCCCC,0.429878563,-1.409125447,1.885686517
arm_DGTSDS18111Z1829Z12Z,Glycerolipid metabolism,A8IR24_wild,NC(=O)C1=CN([C@@H]2O[C@H](COP(=O)(O)OP(=O)(O)OC[C@H]3O[C@H](n4cnc5c(N)ncnc54)[C@H](O)[C@@H]3O)[C@@H](O)[C@H]2O)C=CC1,0.37613377,-2.2967453,2.439123869
arm_DGTSDS18111Z1829Z12Z,Glycerolipid metabolism,A8IR24_wild,O=O,0.487098128,-1.985033393,2.092821121
arm_DGTSDS18111Z1829Z12Z,Glycerolipid metabolism,O48663_wild,CCCCCC/C=C\CCCCCCCCCC(=O)OC[C@H](OCC[C@H]([N+](C)(C)C)C(=O)[O-])OC(=O)CCCCCCC/C=C\CCCCCCCC,0.417102486,-1.543671608,1.658115387
arm_DGTSDS18111Z1829Z12Z,Glycerolipid metabolism,O48663_wild,NC(=O)C1=CN([C@@H]2O[C@H](COP(=O)(O)OP(=O)(O)OC[C@H]3O[C@H](n4cnc5c(N)ncnc54)[C@H](O)[C@@H]3O)[C@@H](O)[C@H]2O)C=CC1,0.238359258,-2.303757668,2.052531481
arm_DGTSDS18111Z1829Z12Z,Glycerolipid metabolism,O48663_wild,O=O,0.447934449,-2.184913874,1.77226758
arm_DGTSDS18111Z1845Z9Z12Z15Z,Glycerolipid metabolism,A0A2K3DQ46_wild,CCCCCC/C=C\CCCCCCCCCC(=O)OC[C@H](OCC[C@H]([N+](C)(C)C)C(=O)[O-])OC(=O)CCC/C=C\CC/C=C\C/C=C\CCCCC,-0.503338575,-1.493380785,0.527035117
arm_DGTSDS18111Z1845Z9Z12Z15Z,Glycerolipid metabolism,A0A2K3DQ46_wild,NC(=O)C1=CN([C@@H]2O[C@H](COP(=O)(O)OP(=O)(O)OC[C@H]3O[C@H](n4cnc5c(N)ncnc54)[C@H](O)[C@@H]3O)[C@@H](O)[C@H]2O)C=CC1,-0.426535845,-1.97142911,0.803490043
arm_DGTSDS18111Z1845Z9Z12Z15Z,Glycerolipid metabolism,A0A2K3DQ46_wild,O=O,-0.487161964,-1.302583456,0.413232386
arm_DGTSDS18111Z1845Z9Z12Z15Z,Glycerolipid metabolism,A0A2K3E763_wild,CCCCCC/C=C\CCCCCCCCCC(=O)OC[C@H](OCC[C@H]([N+](C)(C)C)C(=O)[O-])OC(=O)CCC/C=C\CC/C=C\C/C=C\CCCCC,0.046332084,-1.708835959,0.662846208
arm_DGTSDS18111Z1845Z9Z12Z15Z,Glycerolipid metabolism,A0A2K3E763_wild,NC(=O)C1=CN([C@@H]2O[C@H](COP(=O)(O)OP(=O)(O)OC[C@H]3O[C@H](n4cnc5c(N)ncnc54)[C@H](O)[C@@H]3O)[C@@H](O)[C@H]2O)C=CC1,0.146980047,-2.195357323,1.05403161
arm_DGTSDS18111Z1845Z9Z12Z15Z,Glycerolipid metabolism,A0A2K3E763_wild,O=O,0.087087259,-1.231926918,0.705530047
arm_DGTSDS18111Z1845Z9Z12Z15Z,Glycerolipid metabolism,A0A2K3E764_wild,CCCCCC/C=C\CCCCCCCCCC(=O)OC[C@H](OCC[C@H]([N+](C)(C)C)C(=O)[O-])OC(=O)CCC/C=C\CC/C=C\C/C=C\CCCCC,0.34860152,-1.802400947,1.68670404
arm_DGTSDS18111Z1845Z9Z12Z15Z,Glycerolipid metabolism,A0A2K3E764_wild,NC(=O)C1=CN([C@@H]2O[C@H](COP(=O)(O)OP(=O)(O)OC[C@H]3O[C@H](n4cnc5c(N)ncnc54)[C@H](O)[C@@H]3O)[C@@H](O)[C@H]2O)C=CC1,0.293556273,-2.367789507,2.062114954
arm_DGTSDS18111Z1845Z9Z12Z15Z,Glycerolipid metabolism,A0A2K3E764_wild,O=O,0.383751512,-2.152342558,1.760609627
arm_DGTSDS18111Z1845Z9Z12Z15Z,Glycerolipid metabolism,A0A2K3E7B0_wild,CCCCCC/C=C\CCCCCCCCCC(=O)OC[C@H](OCC[C@H]([N+](C)(C)C)C(=O)[O-])OC(=O)CCC/C=C\CC/C=C\C/C=C\CCCCC,0.158426657,-1.287106991,0.90592432
arm_DGTSDS18111Z1845Z9Z12Z15Z,Glycerolipid metabolism,A0A2K3E7B0_wild,NC(=O)C1=CN([C@@H]2O[C@H](COP(=O)(O)OP(=O)(O)OC[C@H]3O[C@H](n4cnc5c(N)ncnc54)[C@H](O)[C@@H]3O)[C@@H](O)[C@H]2O)C=CC1,0.128532395,-1.714340568,1.271950006
arm_DGTSDS18111Z1845Z9Z12Z15Z,Glycerolipid metabolism,A0A2K3E7B0_wild,O=O,0.005215553,-0.995010853,0.884747684
arm_DGTSDS18111Z1845Z9Z12Z15Z,Glycerolipid metabolism,A8IR24_wild,CCCCCC/C=C\CCCCCCCCCC(=O)OC[C@H](OCC[C@H]([N+](C)(C)C)C(=O)[O-])OC(=O)CCC/C=C\CC/C=C\C/C=C\CCCCC,0.310169667,-1.608521461,1.929054618
arm_DGTSDS18111Z1845Z9Z12Z15Z,Glycerolipid metabolism,A8IR24_wild,NC(=O)C1=CN([C@@H]2O[C@H](COP(=O)(O)OP(=O)(O)OC[C@H]3O[C@H](n4cnc5c(N)ncnc54)[C@H](O)[C@@H]3O)[C@@H](O)[C@H]2O)C=CC1,0.37613377,-2.2967453,2.439123869
arm_DGTSDS18111Z1845Z9Z12Z15Z,Glycerolipid metabolism,A8IR24_wild,O=O,0.487098128,-1.985033393,2.092821121
arm_DGTSDS18111Z1845Z9Z12Z15Z,Glycerolipid metabolism,O48663_wild,CCCCCC/C=C\CCCCCCCCCC(=O)OC[C@H](OCC[C@H]([N+](C)(C)C)C(=O)[O-])OC(=O)CCC/C=C\CC/C=C\C/C=C\CCCCC,0.275921166,-1.740467787,1.690359831
arm_DGTSDS18111Z1845Z9Z12Z15Z,Glycerolipid metabolism,O48663_wild,NC(=O)C1=CN([C@@H]2O[C@H](COP(=O)(O)OP(=O)(O)OC[C@H]3O[C@H](n4cnc5c(N)ncnc54)[C@H](O)[C@@H]3O)[C@@H](O)[C@H]2O)C=CC1,0.238359258,-2.303757668,2.052531481
arm_DGTSDS18111Z1845Z9Z12Z15Z,Glycerolipid metabolism,O48663_wild,O=O,0.447934449,-2.184913874,1.77226758
arm_DGTSDS1819Z1829Z12Z,Glycerolipid metabolism,A0A2K3DQ46_wild,CCCCCCCC/C=C\CCCCCCCC(=O)OC[C@H](OCC[C@H]([N+](C)(C)C)C(=O)[O-])OC(=O)CCCCCCC/C=C\CCCCCCCC,-0.396248579,-1.332532287,0.511130929
arm_DGTSDS1819Z1829Z12Z,Glycerolipid metabolism,A0A2K3DQ46_wild,NC(=O)C1=CN([C@@H]2O[C@H](COP(=O)(O)OP(=O)(O)OC[C@H]3O[C@H](n4cnc5c(N)ncnc54)[C@H](O)[C@@H]3O)[C@@H](O)[C@H]2O)C=CC1,-0.426535845,-1.97142911,0.803490043
arm_DGTSDS1819Z1829Z12Z,Glycerolipid metabolism,A0A2K3DQ46_wild,O=O,-0.487161964,-1.302583456,0.413232386
arm_DGTSDS1819Z1829Z12Z,Glycerolipid metabolism,A8IR24_wild,CCCCCCCC/C=C\CCCCCCCC(=O)OC[C@H](OCC[C@H]([N+](C)(C)C)C(=O)[O-])OC(=O)CCCCCCC/C=C\CCCCCCCC,0.385146111,-1.467585802,1.888660431
arm_DGTSDS1819Z1829Z12Z,Glycerolipid metabolism,A8IR24_wild,NC(=O)C1=CN([C@@H]2O[C@H](COP(=O)(O)OP(=O)(O)OC[C@H]3O[C@H](n4cnc5c(N)ncnc54)[C@H](O)[C@@H]3O)[C@@H](O)[C@H]2O)C=CC1,0.37613377,-2.2967453,2.439123869
arm_DGTSDS1819Z1829Z12Z,Glycerolipid metabolism,A8IR24_wild,O=O,0.487098128,-1.985033393,2.092821121
arm_DGTSDS1819Z1829Z12Z,Glycerolipid metabolism,O48663_wild,CCCCCCCC/C=C\CCCCCCCC(=O)OC[C@H](OCC[C@H]([N+](C)(C)C)C(=O)[O-])OC(=O)CCCCCCC/C=C\CCCCCCCC,0.401916832,-1.600666642,1.66913414
arm_DGTSDS1819Z1829Z12Z,Glycerolipid metabolism,O48663_wild,NC(=O)C1=CN([C@@H]2O[C@H](COP(=O)(O)OP(=O)(O)OC[C@H]3O[C@H](n4cnc5c(N)ncnc54)[C@H](O)[C@@H]3O)[C@@H](O)[C@H]2O)C=CC1,0.238359258,-2.303757668,2.052531481
arm_DGTSDS1819Z1829Z12Z,Glycerolipid metabolism,O48663_wild,O=O,0.447934449,-2.184913874,1.77226758
arm_DGTSDS1819Z1845Z9Z12Z15Z,Glycerolipid metabolism,A0A2K3DQ46_wild,CCCCCCCC/C=C\CCCCCCCC(=O)OC[C@H](OCC[C@H]([N+](C)(C)C)C(=O)[O-])OC(=O)CCC/C=C\CC/C=C\C/C=C\CCCCC,-0.524701118,-1.527945399,0.516918838
arm_DGTSDS1819Z1845Z9Z12Z15Z,Glycerolipid metabolism,A0A2K3DQ46_wild,NC(=O)C1=CN([C@@H]2O[C@H](COP(=O)(O)OP(=O)(O)OC[C@H]3O[C@H](n4cnc5c(N)ncnc54)[C@H](O)[C@@H]3O)[C@@H](O)[C@H]2O)C=CC1,-0.426535845,-1.97142911,0.803490043
arm_DGTSDS1819Z1845Z9Z12Z15Z,Glycerolipid metabolism,A0A2K3DQ46_wild,O=O,-0.487161964,-1.302583456,0.413232386
arm_DGTSDS1819Z1845Z9Z12Z15Z,Glycerolipid metabolism,A0A2K3E763_wild,CCCCCCCC/C=C\CCCCCCCC(=O)OC[C@H](OCC[C@H]([N+](C)(C)C)C(=O)[O-])OC(=O)CCC/C=C\CC/C=C\C/C=C\CCCCC,0.037387051,-1.75148809,0.657207847
arm_DGTSDS1819Z1845Z9Z12Z15Z,Glycerolipid metabolism,A0A2K3E763_wild,NC(=O)C1=CN([C@@H]2O[C@H](COP(=O)(O)OP(=O)(O)OC[C@H]3O[C@H](n4cnc5c(N)ncnc54)[C@H](O)[C@@H]3O)[C@@H](O)[C@H]2O)C=CC1,0.146980047,-2.195357323,1.05403161
arm_DGTSDS1819Z1845Z9Z12Z15Z,Glycerolipid metabolism,A0A2K3E763_wild,O=O,0.087087259,-1.231926918,0.705530047
arm_DGTSDS1819Z1845Z9Z12Z15Z,Glycerolipid metabolism,A0A2K3E764_wild,CCCCCCCC/C=C\CCCCCCCC(=O)OC[C@H](OCC[C@H]([N+](C)(C)C)C(=O)[O-])OC(=O)CCC/C=C\CC/C=C\C/C=C\CCCCC,0.331271976,-1.83725512,1.689228058
arm_DGTSDS1819Z1845Z9Z12Z15Z,Glycerolipid metabolism,A0A2K3E764_wild,NC(=O)C1=CN([C@@H]2O[C@H](COP(=O)(O)OP(=O)(O)OC[C@H]3O[C@H](n4cnc5c(N)ncnc54)[C@H](O)[C@@H]3O)[C@@H](O)[C@H]2O)C=CC1,0.293556273,-2.367789507,2.062114954
arm_DGTSDS1819Z1845Z9Z12Z15Z,Glycerolipid metabolism,A0A2K3E764_wild,O=O,0.383751512,-2.152342558,1.760609627
arm_DGTSDS1819Z1845Z9Z12Z15Z,Glycerolipid metabolism,A0A2K3E7B0_wild,CCCCCCCC/C=C\CCCCCCCC(=O)OC[C@H](OCC[C@H]([N+](C)(C)C)C(=O)[O-])OC(=O)CCC/C=C\CC/C=C\C/C=C\CCCCC,0.141090155,-1.32820487,0.905152917
arm_DGTSDS1819Z1845Z9Z12Z15Z,Glycerolipid metabolism,A0A2K3E7B0_wild,NC(=O)C1=CN([C@@H]2O[C@H](COP(=O)(O)OP(=O)(O)OC[C@H]3O[C@H](n4cnc5c(N)ncnc54)[C@H](O)[C@@H]3O)[C@@H](O)[C@H]2O)C=CC1,0.128532395,-1.714340568,1.271950006
arm_DGTSDS1819Z1845Z9Z12Z15Z,Glycerolipid metabolism,A0A2K3E7B0_wild,O=O,0.005215553,-0.995010853,0.884747684
arm_DGTSDS1819Z1845Z9Z12Z15Z,Glycerolipid metabolism,A8IR24_wild,CCCCCCCC/C=C\CCCCCCCC(=O)OC[C@H](OCC[C@H]([N+](C)(C)C)C(=O)[O-])OC(=O)CCC/C=C\CC/C=C\C/C=C\CCCCC,0.287192345,-1.642285347,1.932889342
arm_DGTSDS1819Z1845Z9Z12Z15Z,Glycerolipid metabolism,A8IR24_wild,NC(=O)C1=CN([C@@H]2O[C@H](COP(=O)(O)OP(=O)(O)OC[C@H]3O[C@H](n4cnc5c(N)ncnc54)[C@H](O)[C@@H]3O)[C@@H](O)[C@H]2O)C=CC1,0.37613377,-2.2967453,2.439123869
arm_DGTSDS1819Z1845Z9Z12Z15Z,Glycerolipid metabolism,A8IR24_wild,O=O,0.487098128,-1.985033393,2.092821121
arm_DGTSDS1819Z1845Z9Z12Z15Z,Glycerolipid metabolism,O48663_wild,CCCCCCCC/C=C\CCCCCCCC(=O)OC[C@H](OCC[C@H]([N+](C)(C)C)C(=O)[O-])OC(=O)CCC/C=C\CC/C=C\C/C=C\CCCCC,0.266655087,-1.768283248,1.695870757
arm_DGTSDS1819Z1845Z9Z12Z15Z,Glycerolipid metabolism,O48663_wild,NC(=O)C1=CN([C@@H]2O[C@H](COP(=O)(O)OP(=O)(O)OC[C@H]3O[C@H](n4cnc5c(N)ncnc54)[C@H](O)[C@@H]3O)[C@@H](O)[C@H]2O)C=CC1,0.238359258,-2.303757668,2.052531481
arm_DGTSDS1819Z1845Z9Z12Z15Z,Glycerolipid metabolism,O48663_wild,O=O,0.447934449,-2.184913874,1.77226758
arm_DGTSDS1829Z12Z18111Z,Glycerolipid metabolism,A0A2K3DQ46_wild,CCCCCCCC/C=C\CCCCCCCC(=O)OC[C@H](OCC[C@H]([N+](C)(C)C)C(=O)[O-])OC(=O)CCCCCCCCC/C=C\CCCCCC,-0.409971476,-1.351864934,0.522259772
arm_DGTSDS1829Z12Z18111Z,Glycerolipid metabolism,A0A2K3DQ46_wild,NC(=O)C1=CN([C@@H]2O[C@H](COP(=O)(O)OP(=O)(O)OC[C@H]3O[C@H](n4cnc5c(N)ncnc54)[C@H](O)[C@@H]3O)[C@@H](O)[C@H]2O)C=CC1,-0.426535845,-1.97142911,0.803490043
arm_DGTSDS1829Z12Z18111Z,Glycerolipid metabolism,A0A2K3DQ46_wild,O=O,-0.487161964,-1.302583456,0.413232386
arm_DGTSDS1829Z12Z18111Z,Glycerolipid metabolism,A8IR24_wild,CCCCCCCC/C=C\CCCCCCCC(=O)OC[C@H](OCC[C@H]([N+](C)(C)C)C(=O)[O-])OC(=O)CCCCCCCCC/C=C\CCCCCC,0.387429774,-1.496953726,1.910032868
arm_DGTSDS1829Z12Z18111Z,Glycerolipid metabolism,A8IR24_wild,NC(=O)C1=CN([C@@H]2O[C@H](COP(=O)(O)OP(=O)(O)OC[C@H]3O[C@H](n4cnc5c(N)ncnc54)[C@H](O)[C@@H]3O)[C@@H](O)[C@H]2O)C=CC1,0.37613377,-2.2967453,2.439123869
arm_DGTSDS1829Z12Z18111Z,Glycerolipid metabolism,A8IR24_wild,O=O,0.487098128,-1.985033393,2.092821121
arm_DGTSDS1829Z12Z18111Z,Glycerolipid metabolism,O48663_wild,CCCCCCCC/C=C\CCCCCCCC(=O)OC[C@H](OCC[C@H]([N+](C)(C)C)C(=O)[O-])OC(=O)CCCCCCCCC/C=C\CCCCCC,0.394485623,-1.619964361,1.688872933
arm_DGTSDS1829Z12Z18111Z,Glycerolipid metabolism,O48663_wild,NC(=O)C1=CN([C@@H]2O[C@H](COP(=O)(O)OP(=O)(O)OC[C@H]3O[C@H](n4cnc5c(N)ncnc54)[C@H](O)[C@@H]3O)[C@@H](O)[C@H]2O)C=CC1,0.238359258,-2.303757668,2.052531481
arm_DGTSDS1829Z12Z18111Z,Glycerolipid metabolism,O48663_wild,O=O,0.447934449,-2.184913874,1.77226758
arm_DGTSDS1829Z12Z1819Z,Glycerolipid metabolism,A0A2K3DQ46_wild,CCCCCCCC/C=C\CCCCCCCC(=O)OC[C@H](OCC[C@H]([N+](C)(C)C)C(=O)[O-])OC(=O)CCCCCCC/C=C\CCCCCCCC,-0.396248579,-1.332532287,0.511130929
arm_DGTSDS1829Z12Z1819Z,Glycerolipid metabolism,A0A2K3DQ46_wild,NC(=O)C1=CN([C@@H]2O[C@H](COP(=O)(O)OP(=O)(O)OC[C@H]3O[C@H](n4cnc5c(N)ncnc54)[C@H](O)[C@@H]3O)[C@@H](O)[C@H]2O)C=CC1,-0.426535845,-1.97142911,0.803490043
arm_DGTSDS1829Z12Z1819Z,Glycerolipid metabolism,A0A2K3DQ46_wild,O=O,-0.487161964,-1.302583456,0.413232386
arm_DGTSDS1829Z12Z1819Z,Glycerolipid metabolism,A8IR24_wild,CCCCCCCC/C=C\CCCCCCCC(=O)OC[C@H](OCC[C@H]([N+](C)(C)C)C(=O)[O-])OC(=O)CCCCCCC/C=C\CCCCCCCC,0.385146111,-1.467585802,1.888660431
arm_DGTSDS1829Z12Z1819Z,Glycerolipid metabolism,A8IR24_wild,NC(=O)C1=CN([C@@H]2O[C@H](COP(=O)(O)OP(=O)(O)OC[C@H]3O[C@H](n4cnc5c(N)ncnc54)[C@H](O)[C@@H]3O)[C@@H](O)[C@H]2O)C=CC1,0.37613377,-2.2967453,2.439123869
arm_DGTSDS1829Z12Z1819Z,Glycerolipid metabolism,A8IR24_wild,O=O,0.487098128,-1.985033393,2.092821121
arm_DGTSDS1829Z12Z1819Z,Glycerolipid metabolism,O48663_wild,CCCCCCCC/C=C\CCCCCCCC(=O)OC[C@H](OCC[C@H]([N+](C)(C)C)C(=O)[O-])OC(=O)CCCCCCC/C=C\CCCCCCCC,0.401916832,-1.600666642,1.66913414
arm_DGTSDS1829Z12Z1819Z,Glycerolipid metabolism,O48663_wild,NC(=O)C1=CN([C@@H]2O[C@H](COP(=O)(O)OP(=O)(O)OC[C@H]3O[C@H](n4cnc5c(N)ncnc54)[C@H](O)[C@@H]3O)[C@@H](O)[C@H]2O)C=CC1,0.238359258,-2.303757668,2.052531481
arm_DGTSDS1829Z12Z1819Z,Glycerolipid metabolism,O48663_wild,O=O,0.447934449,-2.184913874,1.77226758
arm_DGTSDS1829Z12Z1829Z12Z1,Glycerolipid metabolism,A0A2K3DQ46_wild,CCCCC/C=C\C/C=C\CCCCCCCC(=O)OC[C@H](OCC[C@H]([N+](C)(C)C)C(=O)[O-])OC(=O)CCCCCCC/C=C\CCCCCCCC,-0.384466588,-1.277615786,0.479754537
arm_DGTSDS1829Z12Z1829Z12Z1,Glycerolipid metabolism,A0A2K3DQ46_wild,NC(=O)C1=CN([C@@H]2O[C@H](COP(=O)(O)OP(=O)(O)OC[C@H]3O[C@H](n4cnc5c(N)ncnc54)[C@H](O)[C@@H]3O)[C@@H](O)[C@H]2O)C=CC1,-0.426535845,-1.97142911,0.803490043
arm_DGTSDS1829Z12Z1829Z12Z1,Glycerolipid metabolism,A0A2K3DQ46_wild,O=O,-0.487161964,-1.302583456,0.413232386
arm_DGTSDS1829Z12Z1829Z12Z1,Glycerolipid metabolism,A8IR24_wild,CCCCC/C=C\C/C=C\CCCCCCCC(=O)OC[C@H](OCC[C@H]([N+](C)(C)C)C(=O)[O-])OC(=O)CCCCCCC/C=C\CCCCCCCC,0.409077942,-1.410401583,1.845751405
arm_DGTSDS1829Z12Z1829Z12Z1,Glycerolipid metabolism,A8IR24_wild,NC(=O)C1=CN([C@@H]2O[C@H](COP(=O)(O)OP(=O)(O)OC[C@H]3O[C@H](n4cnc5c(N)ncnc54)[C@H](O)[C@@H]3O)[C@@H](O)[C@H]2O)C=CC1,0.37613377,-2.2967453,2.439123869
arm_DGTSDS1829Z12Z1829Z12Z1,Glycerolipid metabolism,A8IR24_wild,O=O,0.487098128,-1.985033393,2.092821121
arm_DGTSDS1829Z12Z1829Z12Z1,Glycerolipid metabolism,O48663_wild,CCCCC/C=C\C/C=C\CCCCCCCC(=O)OC[C@H](OCC[C@H]([N+](C)(C)C)C(=O)[O-])OC(=O)CCCCCCC/C=C\CCCCCCCC,0.393895268,-1.517176747,1.616316199
arm_DGTSDS1829Z12Z1829Z12Z1,Glycerolipid metabolism,O48663_wild,NC(=O)C1=CN([C@@H]2O[C@H](COP(=O)(O)OP(=O)(O)OC[C@H]3O[C@H](n4cnc5c(N)ncnc54)[C@H](O)[C@@H]3O)[C@@H](O)[C@H]2O)C=CC1,0.238359258,-2.303757668,2.052531481
arm_DGTSDS1829Z12Z1829Z12Z1,Glycerolipid metabolism,O48663_wild,O=O,0.447934449,-2.184913874,1.77226758
arm_DGTSDS1829Z12Z1829Z12Z2,Glycerolipid metabolism,A0A2K3DQ46_wild,CCCCCCCC/C=C\CCCCCCCC(=O)OC[C@H](OCC[C@H]([N+](C)(C)C)C(=O)[O-])OC(=O)CCCCCCC/C=C\C/C=C\CCCCC,-0.494596869,-1.519950628,0.544730783
arm_DGTSDS1829Z12Z1829Z12Z2,Glycerolipid metabolism,A0A2K3DQ46_wild,NC(=O)C1=CN([C@@H]2O[C@H](COP(=O)(O)OP(=O)(O)OC[C@H]3O[C@H](n4cnc5c(N)ncnc54)[C@H](O)[C@@H]3O)[C@@H](O)[C@H]2O)C=CC1,-0.426535845,-1.97142911,0.803490043
arm_DGTSDS1829Z12Z1829Z12Z2,Glycerolipid metabolism,A0A2K3DQ46_wild,O=O,-0.487161964,-1.302583456,0.413232386
arm_DGTSDS1829Z12Z1829Z12Z2,Glycerolipid metabolism,A8IR24_wild,CCCCCCCC/C=C\CCCCCCCC(=O)OC[C@H](OCC[C@H]([N+](C)(C)C)C(=O)[O-])OC(=O)CCCCCCC/C=C\C/C=C\CCCCC,0.336957037,-1.662421227,1.981513381
arm_DGTSDS1829Z12Z1829Z12Z2,Glycerolipid metabolism,A8IR24_wild,NC(=O)C1=CN([C@@H]2O[C@H](COP(=O)(O)OP(=O)(O)OC[C@H]3O[C@H](n4cnc5c(N)ncnc54)[C@H](O)[C@@H]3O)[C@@H](O)[C@H]2O)C=CC1,0.37613377,-2.2967453,2.439123869
arm_DGTSDS1829Z12Z1829Z12Z2,Glycerolipid metabolism,A8IR24_wild,O=O,0.487098128,-1.985033393,2.092821121
arm_DGTSDS1829Z12Z1829Z12Z2,Glycerolipid metabolism,O48663_wild,CCCCCCCC/C=C\CCCCCCCC(=O)OC[C@H](OCC[C@H]([N+](C)(C)C)C(=O)[O-])OC(=O)CCCCCCC/C=C\C/C=C\CCCCC,0.336451769,-1.763003349,1.743093729
arm_DGTSDS1829Z12Z1829Z12Z2,Glycerolipid metabolism,O48663_wild,NC(=O)C1=CN([C@@H]2O[C@H](COP(=O)(O)OP(=O)(O)OC[C@H]3O[C@H](n4cnc5c(N)ncnc54)[C@H](O)[C@@H]3O)[C@@H](O)[C@H]2O)C=CC1,0.238359258,-2.303757668,2.052531481
arm_DGTSDS1829Z12Z1829Z12Z2,Glycerolipid metabolism,O48663_wild,O=O,0.447934449,-2.184913874,1.77226758
arm_DGTSDS1829Z12Z1835Z9Z12Z,Glycerolipid metabolism,A0A2K3DQ46_wild,CCCCCCCC/C=C\CCCCCCCC(=O)OC[C@H](OCC[C@H]([N+](C)(C)C)C(=O)[O-])OC(=O)CCC/C=C\CC/C=C\C/C=C\CCCCC,-0.524701118,-1.527945399,0.516918838
arm_DGTSDS1829Z12Z1835Z9Z12Z,Glycerolipid metabolism,A0A2K3DQ46_wild,NC(=O)C1=CN([C@@H]2O[C@H](COP(=O)(O)OP(=O)(O)OC[C@H]3O[C@H](n4cnc5c(N)ncnc54)[C@H](O)[C@@H]3O)[C@@H](O)[C@H]2O)C=CC1,-0.426535845,-1.97142911,0.803490043
arm_DGTSDS1829Z12Z1835Z9Z12Z,Glycerolipid metabolism,A0A2K3DQ46_wild,O=O,-0.487161964,-1.302583456,0.413232386
arm_DGTSDS1829Z12Z1835Z9Z12Z,Glycerolipid metabolism,A8IR24_wild,CCCCCCCC/C=C\CCCCCCCC(=O)OC[C@H](OCC[C@H]([N+](C)(C)C)C(=O)[O-])OC(=O)CCC/C=C\CC/C=C\C/C=C\CCCCC,0.287192345,-1.642285347,1.932889342
arm_DGTSDS1829Z12Z1835Z9Z12Z,Glycerolipid metabolism,A8IR24_wild,NC(=O)C1=CN([C@@H]2O[C@H](COP(=O)(O)OP(=O)(O)OC[C@H]3O[C@H](n4cnc5c(N)ncnc54)[C@H](O)[C@@H]3O)[C@@H](O)[C@H]2O)C=CC1,0.37613377,-2.2967453,2.439123869
arm_DGTSDS1829Z12Z1835Z9Z12Z,Glycerolipid metabolism,A8IR24_wild,O=O,0.487098128,-1.985033393,2.092821121
arm_DGTSDS1829Z12Z1835Z9Z12Z,Glycerolipid metabolism,O48663_wild,CCCCCCCC/C=C\CCCCCCCC(=O)OC[C@H](OCC[C@H]([N+](C)(C)C)C(=O)[O-])OC(=O)CCC/C=C\CC/C=C\C/C=C\CCCCC,0.266655087,-1.768283248,1.695870757
arm_DGTSDS1829Z12Z1835Z9Z12Z,Glycerolipid metabolism,O48663_wild,NC(=O)C1=CN([C@@H]2O[C@H](COP(=O)(O)OP(=O)(O)OC[C@H]3O[C@H](n4cnc5c(N)ncnc54)[C@H](O)[C@@H]3O)[C@@H](O)[C@H]2O)C=CC1,0.238359258,-2.303757668,2.052531481
arm_DGTSDS1829Z12Z1835Z9Z12Z,Glycerolipid metabolism,O48663_wild,O=O,0.447934449,-2.184913874,1.77226758
arm_DGTSDS1829Z12Z1845Z9Z12Z15Z1,Glycerolipid metabolism,A0A2K3DQ46_wild,CCCCCCCC/C=C\CCCCCCCC(=O)OC[C@H](OCC[C@H]([N+](C)(C)C)C(=O)[O-])OC(=O)CCC/C=C\CC/C=C\C/C=C\C/C=C\CC,-0.482011706,-1.68056941,0.624174476
arm_DGTSDS1829Z12Z1845Z9Z12Z15Z1,Glycerolipid metabolism,A0A2K3DQ46_wild,NC(=O)C1=CN([C@@H]2O[C@H](COP(=O)(O)OP(=O)(O)OC[C@H]3O[C@H](n4cnc5c(N)ncnc54)[C@H](O)[C@@H]3O)[C@@H](O)[C@H]2O)C=CC1,-0.426535845,-1.97142911,0.803490043
arm_DGTSDS1829Z12Z1845Z9Z12Z15Z1,Glycerolipid metabolism,A0A2K3DQ46_wild,O=O,-0.487161964,-1.302583456,0.413232386
arm_DGTSDS1829Z12Z1845Z9Z12Z15Z1,Glycerolipid metabolism,A0A2K3E763_wild,CCCCCCCC/C=C\CCCCCCCC(=O)OC[C@H](OCC[C@H]([N+](C)(C)C)C(=O)[O-])OC(=O)CCC/C=C\CC/C=C\C/C=C\C/C=C\CC,0.063154593,-1.928313851,0.766235352
arm_DGTSDS1829Z12Z1845Z9Z12Z15Z1,Glycerolipid metabolism,A0A2K3E763_wild,NC(=O)C1=CN([C@@H]2O[C@H](COP(=O)(O)OP(=O)(O)OC[C@H]3O[C@H](n4cnc5c(N)ncnc54)[C@H](O)[C@@H]3O)[C@@H](O)[C@H]2O)C=CC1,0.146980047,-2.195357323,1.05403161
arm_DGTSDS1829Z12Z1845Z9Z12Z15Z1,Glycerolipid metabolism,A0A2K3E763_wild,O=O,0.087087259,-1.231926918,0.705530047
arm_DGTSDS1829Z12Z1845Z9Z12Z15Z1,Glycerolipid metabolism,A0A2K3E764_wild,CCCCCCCC/C=C\CCCCCCCC(=O)OC[C@H](OCC[C@H]([N+](C)(C)C)C(=O)[O-])OC(=O)CCC/C=C\CC/C=C\C/C=C\C/C=C\CC,0.331154406,-2.018139362,1.768300653
arm_DGTSDS1829Z12Z1845Z9Z12Z15Z1,Glycerolipid metabolism,A0A2K3E764_wild,NC(=O)C1=CN([C@@H]2O[C@H](COP(=O)(O)OP(=O)(O)OC[C@H]3O[C@H](n4cnc5c(N)ncnc54)[C@H](O)[C@@H]3O)[C@@H](O)[C@H]2O)C=CC1,0.293556273,-2.367789507,2.062114954
arm_DGTSDS1829Z12Z1845Z9Z12Z15Z1,Glycerolipid metabolism,A0A2K3E764_wild,O=O,0.383751512,-2.152342558,1.760609627
arm_DGTSDS1829Z12Z1845Z9Z12Z15Z1,Glycerolipid metabolism,A0A2K3E7B0_wild,CCCCCCCC/C=C\CCCCCCCC(=O)OC[C@H](OCC[C@H]([N+](C)(C)C)C(=O)[O-])OC(=O)CCC/C=C\CC/C=C\C/C=C\C/C=C\CC,0.157180041,-1.489741921,0.995558619
arm_DGTSDS1829Z12Z1845Z9Z12Z15Z1,Glycerolipid metabolism,A0A2K3E7B0_wild,NC(=O)C1=CN([C@@H]2O[C@H](COP(=O)(O)OP(=O)(O)OC[C@H]3O[C@H](n4cnc5c(N)ncnc54)[C@H](O)[C@@H]3O)[C@@H](O)[C@H]2O)C=CC1,0.128532395,-1.714340568,1.271950006
arm_DGTSDS1829Z12Z1845Z9Z12Z15Z1,Glycerolipid metabolism,A0A2K3E7B0_wild,O=O,0.005215553,-0.995010853,0.884747684
arm_DGTSDS1829Z12Z1845Z9Z12Z15Z1,Glycerolipid metabolism,A8IR24_wild,CCCCCCCC/C=C\CCCCCCCC(=O)OC[C@H](OCC[C@H]([N+](C)(C)C)C(=O)[O-])OC(=O)CCC/C=C\CC/C=C\C/C=C\C/C=C\CC,0.307700008,-1.811873198,2.019002676
arm_DGTSDS1829Z12Z1845Z9Z12Z15Z1,Glycerolipid metabolism,A8IR24_wild,NC(=O)C1=CN([C@@H]2O[C@H](COP(=O)(O)OP(=O)(O)OC[C@H]3O[C@H](n4cnc5c(N)ncnc54)[C@H](O)[C@@H]3O)[C@@H](O)[C@H]2O)C=CC1,0.37613377,-2.2967453,2.439123869
arm_DGTSDS1829Z12Z1845Z9Z12Z15Z1,Glycerolipid metabolism,A8IR24_wild,O=O,0.487098128,-1.985033393,2.092821121
arm_DGTSDS1829Z12Z1845Z9Z12Z15Z1,Glycerolipid metabolism,O48663_wild,CCCCCCCC/C=C\CCCCCCCC(=O)OC[C@H](OCC[C@H]([N+](C)(C)C)C(=O)[O-])OC(=O)CCC/C=C\CC/C=C\C/C=C\C/C=C\CC,0.276292682,-1.927438021,1.762465239
arm_DGTSDS1829Z12Z1845Z9Z12Z15Z1,Glycerolipid metabolism,O48663_wild,NC(=O)C1=CN([C@@H]2O[C@H](COP(=O)(O)OP(=O)(O)OC[C@H]3O[C@H](n4cnc5c(N)ncnc54)[C@H](O)[C@@H]3O)[C@@H](O)[C@H]2O)C=CC1,0.238359258,-2.303757668,2.052531481
arm_DGTSDS1829Z12Z1845Z9Z12Z15Z1,Glycerolipid metabolism,O48663_wild,O=O,0.447934449,-2.184913874,1.77226758
arm_DGTSDS1829Z12Z1845Z9Z12Z15Z2,Glycerolipid metabolism,A0A2K3DQ46_wild,CCCCC/C=C\C/C=C\CCCCCCCC(=O)OC[C@H](OCC[C@H]([N+](C)(C)C)C(=O)[O-])OC(=O)CCC/C=C\CC/C=C\C/C=C\CCCCC,-0.472365141,-1.418260217,0.474701583
arm_DGTSDS1829Z12Z1845Z9Z12Z15Z2,Glycerolipid metabolism,A0A2K3DQ46_wild,NC(=O)C1=CN([C@@H]2O[C@H](COP(=O)(O)OP(=O)(O)OC[C@H]3O[C@H](n4cnc5c(N)ncnc54)[C@H](O)[C@@H]3O)[C@@H](O)[C@H]2O)C=CC1,-0.426535845,-1.97142911,0.803490043
arm_DGTSDS1829Z12Z1845Z9Z12Z15Z2,Glycerolipid metabolism,A0A2K3DQ46_wild,O=O,-0.487161964,-1.302583456,0.413232386
arm_DGTSDS1829Z12Z1845Z9Z12Z15Z2,Glycerolipid metabolism,A8IR24_wild,CCCCC/C=C\C/C=C\CCCCCCCC(=O)OC[C@H](OCC[C@H]([N+](C)(C)C)C(=O)[O-])OC(=O)CCC/C=C\CC/C=C\C/C=C\CCCCC,0.344982266,-1.533510566,1.870716691
arm_DGTSDS1829Z12Z1845Z9Z12Z15Z2,Glycerolipid metabolism,A8IR24_wild,NC(=O)C1=CN([C@@H]2O[C@H](COP(=O)(O)OP(=O)(O)OC[C@H]3O[C@H](n4cnc5c(N)ncnc54)[C@H](O)[C@@H]3O)[C@@H](O)[C@H]2O)C=CC1,0.37613377,-2.2967453,2.439123869
arm_DGTSDS1829Z12Z1845Z9Z12Z15Z2,Glycerolipid metabolism,A8IR24_wild,O=O,0.487098128,-1.985033393,2.092821121
arm_DGTSDS1829Z12Z1845Z9Z12Z15Z2,Glycerolipid metabolism,O48663_wild,CCCCC/C=C\C/C=C\CCCCCCCC(=O)OC[C@H](OCC[C@H]([N+](C)(C)C)C(=O)[O-])OC(=O)CCC/C=C\CC/C=C\C/C=C\CCCCC,0.3053554,-1.649400115,1.62411499
arm_DGTSDS1829Z12Z1845Z9Z12Z15Z2,Glycerolipid metabolism,O48663_wild,NC(=O)C1=CN([C@@H]2O[C@H](COP(=O)(O)OP(=O)(O)OC[C@H]3O[C@H](n4cnc5c(N)ncnc54)[C@H](O)[C@@H]3O)[C@@H](O)[C@H]2O)C=CC1,0.238359258,-2.303757668,2.052531481
arm_DGTSDS1829Z12Z1845Z9Z12Z15Z2,Glycerolipid metabolism,O48663_wild,O=O,0.447934449,-2.184913874,1.77226758
arm_DGTSDS1839Z12Z15Z18111Z,Glycerolipid metabolism,A0A2K3DQ46_wild,CCCCC/C=C\C/C=C\CCCCCCCC(=O)OC[C@H](OCC[C@H]([N+](C)(C)C)C(=O)[O-])OC(=O)CCCCCCCCC/C=C\CCCCCC,-0.398917735,-1.330223441,0.491631746
arm_DGTSDS1839Z12Z15Z18111Z,Glycerolipid metabolism,A0A2K3DQ46_wild,NC(=O)C1=CN([C@@H]2O[C@H](COP(=O)(O)OP(=O)(O)OC[C@H]3O[C@H](n4cnc5c(N)ncnc54)[C@H](O)[C@@H]3O)[C@@H](O)[C@H]2O)C=CC1,-0.426535845,-1.97142911,0.803490043
arm_DGTSDS1839Z12Z15Z18111Z,Glycerolipid metabolism,A0A2K3DQ46_wild,O=O,-0.487161964,-1.302583456,0.413232386
arm_DGTSDS1839Z12Z15Z18111Z,Glycerolipid metabolism,A0A2K3E763_wild,CCCCC/C=C\C/C=C\CCCCCCCC(=O)OC[C@H](OCC[C@H]([N+](C)(C)C)C(=O)[O-])OC(=O)CCCCCCCCC/C=C\CCCCCC,0.153428063,-1.577573776,0.641423643
arm_DGTSDS1839Z12Z15Z18111Z,Glycerolipid metabolism,A0A2K3E763_wild,NC(=O)C1=CN([C@@H]2O[C@H](COP(=O)(O)OP(=O)(O)OC[C@H]3O[C@H](n4cnc5c(N)ncnc54)[C@H](O)[C@@H]3O)[C@@H](O)[C@H]2O)C=CC1,0.146980047,-2.195357323,1.05403161
arm_DGTSDS1839Z12Z15Z18111Z,Glycerolipid metabolism,A0A2K3E763_wild,O=O,0.087087259,-1.231926918,0.705530047
arm_DGTSDS1839Z12Z15Z18111Z,Glycerolipid metabolism,A0A2K3E764_wild,CCCCC/C=C\C/C=C\CCCCCCCC(=O)OC[C@H](OCC[C@H]([N+](C)(C)C)C(=O)[O-])OC(=O)CCCCCCCCC/C=C\CCCCCC,0.468886197,-1.601242304,1.634950042
arm_DGTSDS1839Z12Z15Z18111Z,Glycerolipid metabolism,A0A2K3E764_wild,NC(=O)C1=CN([C@@H]2O[C@H](COP(=O)(O)OP(=O)(O)OC[C@H]3O[C@H](n4cnc5c(N)ncnc54)[C@H](O)[C@@H]3O)[C@@H](O)[C@H]2O)C=CC1,0.293556273,-2.367789507,2.062114954
arm_DGTSDS1839Z12Z15Z18111Z,Glycerolipid metabolism,A0A2K3E764_wild,O=O,0.383751512,-2.152342558,1.760609627
arm_DGTSDS1839Z12Z15Z18111Z,Glycerolipid metabolism,A0A2K3E7B0_wild,CCCCC/C=C\C/C=C\CCCCCCCC(=O)OC[C@H](OCC[C@H]([N+](C)(C)C)C(=O)[O-])OC(=O)CCCCCCCCC/C=C\CCCCCC,0.285188615,-1.137661219,0.879254222
arm_DGTSDS1839Z12Z15Z18111Z,Glycerolipid metabolism,A0A2K3E7B0_wild,NC(=O)C1=CN([C@@H]2O[C@H](COP(=O)(O)OP(=O)(O)OC[C@H]3O[C@H](n4cnc5c(N)ncnc54)[C@H](O)[C@@H]3O)[C@@H](O)[C@H]2O)C=CC1,0.128532395,-1.714340568,1.271950006
arm_DGTSDS1839Z12Z15Z18111Z,Glycerolipid metabolism,A0A2K3E7B0_wild,O=O,0.005215553,-0.995010853,0.884747684
arm_DGTSDS1839Z12Z15Z18111Z,Glycerolipid metabolism,A8IR24_wild,CCCCC/C=C\C/C=C\CCCCCCCC(=O)OC[C@H](OCC[C@H]([N+](C)(C)C)C(=O)[O-])OC(=O)CCCCCCCCC/C=C\CCCCCC,0.407297522,-1.45938766,1.866698623
arm_DGTSDS1839Z12Z15Z18111Z,Glycerolipid metabolism,A8IR24_wild,NC(=O)C1=CN([C@@H]2O[C@H](COP(=O)(O)OP(=O)(O)OC[C@H]3O[C@H](n4cnc5c(N)ncnc54)[C@H](O)[C@@H]3O)[C@@H](O)[C@H]2O)C=CC1,0.37613377,-2.2967453,2.439123869
arm_DGTSDS1839Z12Z15Z18111Z,Glycerolipid metabolism,A8IR24_wild,O=O,0.487098128,-1.985033393,2.092821121
arm_DGTSDS1839Z12Z15Z18111Z,Glycerolipid metabolism,O48663_wild,CCCCC/C=C\C/C=C\CCCCCCCC(=O)OC[C@H](OCC[C@H]([N+](C)(C)C)C(=O)[O-])OC(=O)CCCCCCCCC/C=C\CCCCCC,0.386745811,-1.565336585,1.638389945
arm_DGTSDS1839Z12Z15Z18111Z,Glycerolipid metabolism,O48663_wild,NC(=O)C1=CN([C@@H]2O[C@H](COP(=O)(O)OP(=O)(O)OC[C@H]3O[C@H](n4cnc5c(N)ncnc54)[C@H](O)[C@@H]3O)[C@@H](O)[C@H]2O)C=CC1,0.238359258,-2.303757668,2.052531481
arm_DGTSDS1839Z12Z15Z18111Z,Glycerolipid metabolism,O48663_wild,O=O,0.447934449,-2.184913874,1.77226758
arm_DGTSDS1839Z12Z15Z1819Z,Glycerolipid metabolism,A0A2K3DQ46_wild,CCCCC/C=C\C/C=C\CCCCCCCC(=O)OC[C@H](OCC[C@H]([N+](C)(C)C)C(=O)[O-])OC(=O)CCCCCCC/C=C\CCCCCCCC,-0.384466588,-1.277615786,0.479754537
arm_DGTSDS1839Z12Z15Z1819Z,Glycerolipid metabolism,A0A2K3DQ46_wild,NC(=O)C1=CN([C@@H]2O[C@H](COP(=O)(O)OP(=O)(O)OC[C@H]3O[C@H](n4cnc5c(N)ncnc54)[C@H](O)[C@@H]3O)[C@@H](O)[C@H]2O)C=CC1,-0.426535845,-1.97142911,0.803490043
arm_DGTSDS1839Z12Z15Z1819Z,Glycerolipid metabolism,A0A2K3DQ46_wild,O=O,-0.487161964,-1.302583456,0.413232386
arm_DGTSDS1839Z12Z15Z1819Z,Glycerolipid metabolism,A0A2K3E763_wild,CCCCC/C=C\C/C=C\CCCCCCCC(=O)OC[C@H](OCC[C@H]([N+](C)(C)C)C(=O)[O-])OC(=O)CCCCCCC/C=C\CCCCCCCC,0.159941256,-1.519928694,0.63279438
arm_DGTSDS1839Z12Z15Z1819Z,Glycerolipid metabolism,A0A2K3E763_wild,NC(=O)C1=CN([C@@H]2O[C@H](COP(=O)(O)OP(=O)(O)OC[C@H]3O[C@H](n4cnc5c(N)ncnc54)[C@H](O)[C@@H]3O)[C@@H](O)[C@H]2O)C=CC1,0.146980047,-2.195357323,1.05403161
arm_DGTSDS1839Z12Z15Z1819Z,Glycerolipid metabolism,A0A2K3E763_wild,O=O,0.087087259,-1.231926918,0.705530047
arm_DGTSDS1839Z12Z15Z1819Z,Glycerolipid metabolism,A0A2K3E764_wild,CCCCC/C=C\C/C=C\CCCCCCCC(=O)OC[C@H](OCC[C@H]([N+](C)(C)C)C(=O)[O-])OC(=O)CCCCCCC/C=C\CCCCCCCC,0.474784523,-1.549248934,1.617059112
arm_DGTSDS1839Z12Z15Z1819Z,Glycerolipid metabolism,A0A2K3E764_wild,NC(=O)C1=CN([C@@H]2O[C@H](COP(=O)(O)OP(=O)(O)OC[C@H]3O[C@H](n4cnc5c(N)ncnc54)[C@H](O)[C@@H]3O)[C@@H](O)[C@H]2O)C=CC1,0.293556273,-2.367789507,2.062114954
arm_DGTSDS1839Z12Z15Z1819Z,Glycerolipid metabolism,A0A2K3E764_wild,O=O,0.383751512,-2.152342558,1.760609627
arm_DGTSDS1839Z12Z15Z1819Z,Glycerolipid metabolism,A0A2K3E7B0_wild,CCCCC/C=C\C/C=C\CCCCCCCC(=O)OC[C@H](OCC[C@H]([N+](C)(C)C)C(=O)[O-])OC(=O)CCCCCCC/C=C\CCCCCCCC,0.303648412,-1.094381094,0.863824666
arm_DGTSDS1839Z12Z15Z1819Z,Glycerolipid metabolism,A0A2K3E7B0_wild,NC(=O)C1=CN([C@@H]2O[C@H](COP(=O)(O)OP(=O)(O)OC[C@H]3O[C@H](n4cnc5c(N)ncnc54)[C@H](O)[C@@H]3O)[C@@H](O)[C@H]2O)C=CC1,0.128532395,-1.714340568,1.271950006
arm_DGTSDS1839Z12Z15Z1819Z,Glycerolipid metabolism,A0A2K3E7B0_wild,O=O,0.005215553,-0.995010853,0.884747684
arm_DGTSDS1839Z12Z15Z1819Z,Glycerolipid metabolism,A8IR24_wild,CCCCC/C=C\C/C=C\CCCCCCCC(=O)OC[C@H](OCC[C@H]([N+](C)(C)C)C(=O)[O-])OC(=O)CCCCCCC/C=C\CCCCCCCC,0.409077942,-1.410401583,1.845751405
arm_DGTSDS1839Z12Z15Z1819Z,Glycerolipid metabolism,A8IR24_wild,NC(=O)C1=CN([C@@H]2O[C@H](COP(=O)(O)OP(=O)(O)OC[C@H]3O[C@H](n4cnc5c(N)ncnc54)[C@H](O)[C@@H]3O)[C@@H](O)[C@H]2O)C=CC1,0.37613377,-2.2967453,2.439123869
arm_DGTSDS1839Z12Z15Z1819Z,Glycerolipid metabolism,A8IR24_wild,O=O,0.487098128,-1.985033393,2.092821121
arm_DGTSDS1839Z12Z15Z1819Z,Glycerolipid metabolism,O48663_wild,CCCCC/C=C\C/C=C\CCCCCCCC(=O)OC[C@H](OCC[C@H]([N+](C)(C)C)C(=O)[O-])OC(=O)CCCCCCC/C=C\CCCCCCCC,0.393895268,-1.517176747,1.616316199
arm_DGTSDS1839Z12Z15Z1819Z,Glycerolipid metabolism,O48663_wild,NC(=O)C1=CN([C@@H]2O[C@H](COP(=O)(O)OP(=O)(O)OC[C@H]3O[C@H](n4cnc5c(N)ncnc54)[C@H](O)[C@@H]3O)[C@@H](O)[C@H]2O)C=CC1,0.238359258,-2.303757668,2.052531481
arm_DGTSDS1839Z12Z15Z1819Z,Glycerolipid metabolism,O48663_wild,O=O,0.447934449,-2.184913874,1.77226758
arm_DGTSDS1839Z12Z15Z1835Z9Z12Z,Glycerolipid metabolism,A0A2K3DQ46_wild,CCCCC/C=C\C/C=C\CCCCCCCC(=O)OC[C@H](OCC[C@H]([N+](C)(C)C)C(=O)[O-])OC(=O)CCC/C=C\CC/C=C\C/C=C\CCCCC,-0.472365141,-1.418260217,0.474701583
arm_DGTSDS1839Z12Z15Z1835Z9Z12Z,Glycerolipid metabolism,A0A2K3DQ46_wild,NC(=O)C1=CN([C@@H]2O[C@H](COP(=O)(O)OP(=O)(O)OC[C@H]3O[C@H](n4cnc5c(N)ncnc54)[C@H](O)[C@@H]3O)[C@@H](O)[C@H]2O)C=CC1,-0.426535845,-1.97142911,0.803490043
arm_DGTSDS1839Z12Z15Z1835Z9Z12Z,Glycerolipid metabolism,A0A2K3DQ46_wild,O=O,-0.487161964,-1.302583456,0.413232386
arm_DGTSDS1839Z12Z15Z1835Z9Z12Z,Glycerolipid metabolism,A0A2K3E763_wild,CCCCC/C=C\C/C=C\CCCCCCCC(=O)OC[C@H](OCC[C@H]([N+](C)(C)C)C(=O)[O-])OC(=O)CCC/C=C\CC/C=C\C/C=C\CCCCC,0.050949745,-1.63685286,0.59574455
arm_DGTSDS1839Z12Z15Z1835Z9Z12Z,Glycerolipid metabolism,A0A2K3E763_wild,NC(=O)C1=CN([C@@H]2O[C@H](COP(=O)(O)OP(=O)(O)OC[C@H]3O[C@H](n4cnc5c(N)ncnc54)[C@H](O)[C@@H]3O)[C@@H](O)[C@H]2O)C=CC1,0.146980047,-2.195357323,1.05403161
arm_DGTSDS1839Z12Z15Z1835Z9Z12Z,Glycerolipid metabolism,A0A2K3E763_wild,O=O,0.087087259,-1.231926918,0.705530047
arm_DGTSDS1839Z12Z15Z1835Z9Z12Z,Glycerolipid metabolism,A0A2K3E764_wild,CCCCC/C=C\C/C=C\CCCCCCCC(=O)OC[C@H](OCC[C@H]([N+](C)(C)C)C(=O)[O-])OC(=O)CCC/C=C\CC/C=C\C/C=C\CCCCC,0.378026634,-1.69710505,1.618913054
arm_DGTSDS1839Z12Z15Z1835Z9Z12Z,Glycerolipid metabolism,A0A2K3E764_wild,NC(=O)C1=CN([C@@H]2O[C@H](COP(=O)(O)OP(=O)(O)OC[C@H]3O[C@H](n4cnc5c(N)ncnc54)[C@H](O)[C@@H]3O)[C@@H](O)[C@H]2O)C=CC1,0.293556273,-2.367789507,2.062114954
arm_DGTSDS1839Z12Z15Z1835Z9Z12Z,Glycerolipid metabolism,A0A2K3E764_wild,O=O,0.383751512,-2.152342558,1.760609627
arm_DGTSDS1839Z12Z15Z1835Z9Z12Z,Glycerolipid metabolism,A0A2K3E7B0_wild,CCCCC/C=C\C/C=C\CCCCCCCC(=O)OC[C@H](OCC[C@H]([N+](C)(C)C)C(=O)[O-])OC(=O)CCC/C=C\CC/C=C\C/C=C\CCCCC,0.197937652,-1.207995892,0.845049679
arm_DGTSDS1839Z12Z15Z1835Z9Z12Z,Glycerolipid metabolism,A0A2K3E7B0_wild,NC(=O)C1=CN([C@@H]2O[C@H](COP(=O)(O)OP(=O)(O)OC[C@H]3O[C@H](n4cnc5c(N)ncnc54)[C@H](O)[C@@H]3O)[C@@H](O)[C@H]2O)C=CC1,0.128532395,-1.714340568,1.271950006
arm_DGTSDS1839Z12Z15Z1835Z9Z12Z,Glycerolipid metabolism,A0A2K3E7B0_wild,O=O,0.005215553,-0.995010853,0.884747684
arm_DGTSDS1839Z12Z15Z1835Z9Z12Z,Glycerolipid metabolism,A8IR24_wild,CCCCC/C=C\C/C=C\CCCCCCCC(=O)OC[C@H](OCC[C@H]([N+](C)(C)C)C(=O)[O-])OC(=O)CCC/C=C\CC/C=C\C/C=C\CCCCC,0.344982266,-1.533510566,1.870716691
arm_DGTSDS1839Z12Z15Z1835Z9Z12Z,Glycerolipid metabolism,A8IR24_wild,NC(=O)C1=CN([C@@H]2O[C@H](COP(=O)(O)OP(=O)(O)OC[C@H]3O[C@H](n4cnc5c(N)ncnc54)[C@H](O)[C@@H]3O)[C@@H](O)[C@H]2O)C=CC1,0.37613377,-2.2967453,2.439123869
arm_DGTSDS1839Z12Z15Z1835Z9Z12Z,Glycerolipid metabolism,A8IR24_wild,O=O,0.487098128,-1.985033393,2.092821121
arm_DGTSDS1839Z12Z15Z1835Z9Z12Z,Glycerolipid metabolism,O48663_wild,CCCCC/C=C\C/C=C\CCCCCCCC(=O)OC[C@H](OCC[C@H]([N+](C)(C)C)C(=O)[O-])OC(=O)CCC/C=C\CC/C=C\C/C=C\CCCCC,0.3053554,-1.649400115,1.62411499
arm_DGTSDS1839Z12Z15Z1835Z9Z12Z,Glycerolipid metabolism,O48663_wild,NC(=O)C1=CN([C@@H]2O[C@H](COP(=O)(O)OP(=O)(O)OC[C@H]3O[C@H](n4cnc5c(N)ncnc54)[C@H](O)[C@@H]3O)[C@@H](O)[C@H]2O)C=CC1,0.238359258,-2.303757668,2.052531481
arm_DGTSDS1839Z12Z15Z1835Z9Z12Z,Glycerolipid metabolism,O48663_wild,O=O,0.447934449,-2.184913874,1.77226758
arm_DGTSDS1839Z12Z15Z1845Z9Z12Z15Z1,Glycerolipid metabolism,A0A2K3DQ46_wild,CCCCC/C=C\C/C=C\CCCCCCCC(=O)OC[C@H](OCC[C@H]([N+](C)(C)C)C(=O)[O-])OC(=O)CCC/C=C\CC/C=C\C/C=C\C/C=C\CC,-0.473822981,-1.595649123,0.56522733
arm_DGTSDS1839Z12Z15Z1845Z9Z12Z15Z1,Glycerolipid metabolism,A0A2K3DQ46_wild,NC(=O)C1=CN([C@@H]2O[C@H](COP(=O)(O)OP(=O)(O)OC[C@H]3O[C@H](n4cnc5c(N)ncnc54)[C@H](O)[C@@H]3O)[C@@H](O)[C@H]2O)C=CC1,-0.426535845,-1.97142911,0.803490043
arm_DGTSDS1839Z12Z15Z1845Z9Z12Z15Z1,Glycerolipid metabolism,A0A2K3DQ46_wild,O=O,-0.487161964,-1.302583456,0.413232386
arm_DGTSDS1839Z12Z15Z1845Z9Z12Z15Z1,Glycerolipid metabolism,A0A2K3E763_wild,CCCCC/C=C\C/C=C\CCCCCCCC(=O)OC[C@H](OCC[C@H]([N+](C)(C)C)C(=O)[O-])OC(=O)CCC/C=C\CC/C=C\C/C=C\C/C=C\CC,0.045959417,-1.838412881,0.693362832
arm_DGTSDS1839Z12Z15Z1845Z9Z12Z15Z1,Glycerolipid metabolism,A0A2K3E763_wild,NC(=O)C1=CN([C@@H]2O[C@H](COP(=O)(O)OP(=O)(O)OC[C@H]3O[C@H](n4cnc5c(N)ncnc54)[C@H](O)[C@@H]3O)[C@@H](O)[C@H]2O)C=CC1,0.146980047,-2.195357323,1.05403161
arm_DGTSDS1839Z12Z15Z1845Z9Z12Z15Z1,Glycerolipid metabolism,A0A2K3E763_wild,O=O,0.087087259,-1.231926918,0.705530047
arm_DGTSDS1839Z12Z15Z1845Z9Z12Z15Z1,Glycerolipid metabolism,A0A2K3E764_wild,CCCCC/C=C\C/C=C\CCCCCCCC(=O)OC[C@H](OCC[C@H]([N+](C)(C)C)C(=O)[O-])OC(=O)CCC/C=C\CC/C=C\C/C=C\C/C=C\CC,0.331188112,-1.887617826,1.690402627
arm_DGTSDS1839Z12Z15Z1845Z9Z12Z15Z1,Glycerolipid metabolism,A0A2K3E764_wild,NC(=O)C1=CN([C@@H]2O[C@H](COP(=O)(O)OP(=O)(O)OC[C@H]3O[C@H](n4cnc5c(N)ncnc54)[C@H](O)[C@@H]3O)[C@@H](O)[C@H]2O)C=CC1,0.293556273,-2.367789507,2.062114954
arm_DGTSDS1839Z12Z15Z1845Z9Z12Z15Z1,Glycerolipid metabolism,A0A2K3E764_wild,O=O,0.383751512,-2.152342558,1.760609627
arm_DGTSDS1839Z12Z15Z1845Z9Z12Z15Z1,Glycerolipid metabolism,A0A2K3E7B0_wild,CCCCC/C=C\C/C=C\CCCCCCCC(=O)OC[C@H](OCC[C@H]([N+](C)(C)C)C(=O)[O-])OC(=O)CCC/C=C\CC/C=C\C/C=C\C/C=C\CC,0.16670458,-1.38041091,0.924860299
arm_DGTSDS1839Z12Z15Z1845Z9Z12Z15Z1,Glycerolipid metabolism,A0A2K3E7B0_wild,NC(=O)C1=CN([C@@H]2O[C@H](COP(=O)(O)OP(=O)(O)OC[C@H]3O[C@H](n4cnc5c(N)ncnc54)[C@H](O)[C@@H]3O)[C@@H](O)[C@H]2O)C=CC1,0.128532395,-1.714340568,1.271950006
arm_DGTSDS1839Z12Z15Z1845Z9Z12Z15Z1,Glycerolipid metabolism,A0A2K3E7B0_wild,O=O,0.005215553,-0.995010853,0.884747684
arm_DGTSDS1839Z12Z15Z1845Z9Z12Z15Z1,Glycerolipid metabolism,A8IR24_wild,CCCCC/C=C\C/C=C\CCCCCCCC(=O)OC[C@H](OCC[C@H]([N+](C)(C)C)C(=O)[O-])OC(=O)CCC/C=C\CC/C=C\C/C=C\C/C=C\CC,0.313637316,-1.707918167,1.952814698
arm_DGTSDS1839Z12Z15Z1845Z9Z12Z15Z1,Glycerolipid metabolism,A8IR24_wild,NC(=O)C1=CN([C@@H]2O[C@H](COP(=O)(O)OP(=O)(O)OC[C@H]3O[C@H](n4cnc5c(N)ncnc54)[C@H](O)[C@@H]3O)[C@@H](O)[C@H]2O)C=CC1,0.37613377,-2.2967453,2.439123869
arm_DGTSDS1839Z12Z15Z1845Z9Z12Z15Z1,Glycerolipid metabolism,A8IR24_wild,O=O,0.487098128,-1.985033393,2.092821121
arm_DGTSDS1839Z12Z15Z1845Z9Z12Z15Z1,Glycerolipid metabolism,O48663_wild,CCCCC/C=C\C/C=C\CCCCCCCC(=O)OC[C@H](OCC[C@H]([N+](C)(C)C)C(=O)[O-])OC(=O)CCC/C=C\CC/C=C\C/C=C\C/C=C\CC,0.269528538,-1.822076559,1.688374758
arm_DGTSDS1839Z12Z15Z1845Z9Z12Z15Z1,Glycerolipid metabolism,O48663_wild,NC(=O)C1=CN([C@@H]2O[C@H](COP(=O)(O)OP(=O)(O)OC[C@H]3O[C@H](n4cnc5c(N)ncnc54)[C@H](O)[C@@H]3O)[C@@H](O)[C@H]2O)C=CC1,0.238359258,-2.303757668,2.052531481
arm_DGTSDS1839Z12Z15Z1845Z9Z12Z15Z1,Glycerolipid metabolism,O48663_wild,O=O,0.447934449,-2.184913874,1.77226758
arm_DGTSDS1839Z12Z15Z1845Z9Z12Z15Z2,Glycerolipid metabolism,A0A2K3DQ46_wild,CC/C=C\C/C=C\C/C=C\CCCCCCCC(=O)OC[C@H](OCC[C@H]([N+](C)(C)C)C(=O)[O-])OC(=O)CCC/C=C\CC/C=C\C/C=C\CCCCC,-0.393364847,-1.405547738,0.52809912
arm_DGTSDS1839Z12Z15Z1845Z9Z12Z15Z2,Glycerolipid metabolism,A0A2K3DQ46_wild,NC(=O)C1=CN([C@@H]2O[C@H](COP(=O)(O)OP(=O)(O)OC[C@H]3O[C@H](n4cnc5c(N)ncnc54)[C@H](O)[C@@H]3O)[C@@H](O)[C@H]2O)C=CC1,-0.426535845,-1.97142911,0.803490043
arm_DGTSDS1839Z12Z15Z1845Z9Z12Z15Z2,Glycerolipid metabolism,A0A2K3DQ46_wild,O=O,-0.487161964,-1.302583456,0.413232386
arm_DGTSDS1839Z12Z15Z1845Z9Z12Z15Z2,Glycerolipid metabolism,A0A2K3E763_wild,CC/C=C\C/C=C\C/C=C\CCCCCCCC(=O)OC[C@H](OCC[C@H]([N+](C)(C)C)C(=O)[O-])OC(=O)CCC/C=C\CC/C=C\C/C=C\CCCCC,0.152036399,-1.629588366,0.660435021
arm_DGTSDS1839Z12Z15Z1845Z9Z12Z15Z2,Glycerolipid metabolism,A0A2K3E763_wild,NC(=O)C1=CN([C@@H]2O[C@H](COP(=O)(O)OP(=O)(O)OC[C@H]3O[C@H](n4cnc5c(N)ncnc54)[C@H](O)[C@@H]3O)[C@@H](O)[C@H]2O)C=CC1,0.146980047,-2.195357323,1.05403161
arm_DGTSDS1839Z12Z15Z1845Z9Z12Z15Z2,Glycerolipid metabolism,A0A2K3E763_wild,O=O,0.087087259,-1.231926918,0.705530047
arm_DGTSDS1839Z12Z15Z1845Z9Z12Z15Z2,Glycerolipid metabolism,A0A2K3E764_wild,CC/C=C\C/C=C\C/C=C\CCCCCCCC(=O)OC[C@H](OCC[C@H]([N+](C)(C)C)C(=O)[O-])OC(=O)CCC/C=C\CC/C=C\C/C=C\CCCCC,0.468387187,-1.689862251,1.682767272
arm_DGTSDS1839Z12Z15Z1845Z9Z12Z15Z2,Glycerolipid metabolism,A0A2K3E764_wild,NC(=O)C1=CN([C@@H]2O[C@H](COP(=O)(O)OP(=O)(O)OC[C@H]3O[C@H](n4cnc5c(N)ncnc54)[C@H](O)[C@@H]3O)[C@@H](O)[C@H]2O)C=CC1,0.293556273,-2.367789507,2.062114954
arm_DGTSDS1839Z12Z15Z1845Z9Z12Z15Z2,Glycerolipid metabolism,A0A2K3E764_wild,O=O,0.383751512,-2.152342558,1.760609627
arm_DGTSDS1839Z12Z15Z1845Z9Z12Z15Z2,Glycerolipid metabolism,A0A2K3E7B0_wild,CC/C=C\C/C=C\C/C=C\CCCCCCCC(=O)OC[C@H](OCC[C@H]([N+](C)(C)C)C(=O)[O-])OC(=O)CCC/C=C\CC/C=C\C/C=C\CCCCC,0.258441836,-1.166742802,0.875767827
arm_DGTSDS1839Z12Z15Z1845Z9Z12Z15Z2,Glycerolipid metabolism,A0A2K3E7B0_wild,NC(=O)C1=CN([C@@H]2O[C@H](COP(=O)(O)OP(=O)(O)OC[C@H]3O[C@H](n4cnc5c(N)ncnc54)[C@H](O)[C@@H]3O)[C@@H](O)[C@H]2O)C=CC1,0.128532395,-1.714340568,1.271950006
arm_DGTSDS1839Z12Z15Z1845Z9Z12Z15Z2,Glycerolipid metabolism,A0A2K3E7B0_wild,O=O,0.005215553,-0.995010853,0.884747684
arm_DGTSDS1839Z12Z15Z1845Z9Z12Z15Z2,Glycerolipid metabolism,A8IR24_wild,CC/C=C\C/C=C\C/C=C\CCCCCCCC(=O)OC[C@H](OCC[C@H]([N+](C)(C)C)C(=O)[O-])OC(=O)CCC/C=C\CC/C=C\C/C=C\CCCCC,0.427200258,-1.527326941,1.939069986
arm_DGTSDS1839Z12Z15Z1845Z9Z12Z15Z2,Glycerolipid metabolism,A8IR24_wild,NC(=O)C1=CN([C@@H]2O[C@H](COP(=O)(O)OP(=O)(O)OC[C@H]3O[C@H](n4cnc5c(N)ncnc54)[C@H](O)[C@@H]3O)[C@@H](O)[C@H]2O)C=CC1,0.37613377,-2.2967453,2.439123869
arm_DGTSDS1839Z12Z15Z1845Z9Z12Z15Z2,Glycerolipid metabolism,A8IR24_wild,O=O,0.487098128,-1.985033393,2.092821121
arm_DGTSDS1839Z12Z15Z1845Z9Z12Z15Z2,Glycerolipid metabolism,O48663_wild,CC/C=C\C/C=C\C/C=C\CCCCCCCC(=O)OC[C@H](OCC[C@H]([N+](C)(C)C)C(=O)[O-])OC(=O)CCC/C=C\CC/C=C\C/C=C\CCCCC,0.400551409,-1.641893029,1.682018638
arm_DGTSDS1839Z12Z15Z1845Z9Z12Z15Z2,Glycerolipid metabolism,O48663_wild,NC(=O)C1=CN([C@@H]2O[C@H](COP(=O)(O)OP(=O)(O)OC[C@H]3O[C@H](n4cnc5c(N)ncnc54)[C@H](O)[C@@H]3O)[C@@H](O)[C@H]2O)C=CC1,0.238359258,-2.303757668,2.052531481
arm_DGTSDS1839Z12Z15Z1845Z9Z12Z15Z2,Glycerolipid metabolism,O48663_wild,O=O,0.447934449,-2.184913874,1.77226758
arm_MGDGD7DS1819Z1617Z,Glycerolipid metabolism,A0A2K3CTD8_wild,CCCCCCCC/C=C\CCCCCCCC(=O)OC[C@H](CO[C@@H]1O[C@H](CO)[C@H](O)[C@@H](O)[C@H]1O)OC(=O)CCCCCCCCCCCCCCC,1.029007316,-2.369803667,2.058439732
arm_MGDGD7DS1819Z1617Z,Glycerolipid metabolism,A0A2K3CTD8_wild,C1C=CN(C=C1C(=O)N)[C@H]2[C@@H]([C@@H]([C@H](O2)COP(=O)(O)OP(=O)(O)OC[C@@H]3[C@H]([C@H]([C@@H](O3)N4C=NC5=C(N=CN=C54)N)OP(=O)(O)O)O)O)O,1.064813375,-2.432117462,2.418567181
arm_MGDGD7DS1819Z1617Z,Glycerolipid metabolism,A0A2K3CTD8_wild,O=O,1.058802485,-2.072975636,2.015945673
arm_MGDGD7DS1819Z1617Z,Glycerolipid metabolism,A0A2K3DD32_wild,CCCCCCCC/C=C\CCCCCCCC(=O)OC[C@H](CO[C@@H]1O[C@H](CO)[C@H](O)[C@@H](O)[C@H]1O)OC(=O)CCCCCCCCCCCCCCC,0.487769932,-1.960930824,1.579984307
arm_MGDGD7DS1819Z1617Z,Glycerolipid metabolism,A0A2K3DD32_wild,C1C=CN(C=C1C(=O)N)[C@H]2[C@@H]([C@@H]([C@H](O2)COP(=O)(O)OP(=O)(O)OC[C@@H]3[C@H]([C@H]([C@@H](O3)N4C=NC5=C(N=CN=C54)N)OP(=O)(O)O)O)O)O,0.556167662,-2.038317204,1.899398088
arm_MGDGD7DS1819Z1617Z,Glycerolipid metabolism,A0A2K3DD32_wild,O=O,0.69564867,-2.046997309,1.657543182
arm_MGDGD7DS1819Z1617Z,Glycerolipid metabolism,O48663_wild,CCCCCCCC/C=C\CCCCCCCC(=O)OC[C@H](CO[C@@H]1O[C@H](CO)[C@H](O)[C@@H](O)[C@H]1O)OC(=O)CCCCCCCCCCCCCCC,0.233044222,-1.941478729,1.71042943
arm_MGDGD7DS1819Z1617Z,Glycerolipid metabolism,O48663_wild,C1C=CN(C=C1C(=O)N)[C@H]2[C@@H]([C@@H]([C@H](O2)COP(=O)(O)OP(=O)(O)OC[C@@H]3[C@H]([C@H]([C@@H](O3)N4C=NC5=C(N=CN=C54)N)OP(=O)(O)O)O)O)O,0.277104169,-1.961031318,1.949942946
arm_MGDGD7DS1819Z1617Z,Glycerolipid metabolism,O48663_wild,O=O,0.447934449,-2.184913874,1.77226758
arm_MGDGD7DS1819Z1617Z,Glycerolipid metabolism,Q2HZ21_wild,CCCCCCCC/C=C\CCCCCCCC(=O)OC[C@H](CO[C@@H]1O[C@H](CO)[C@H](O)[C@@H](O)[C@H]1O)OC(=O)CCCCCCCCCCCCCCC,0.687776208,-2.167280674,1.832318068
arm_MGDGD7DS1819Z1617Z,Glycerolipid metabolism,Q2HZ21_wild,C1C=CN(C=C1C(=O)N)[C@H]2[C@@H]([C@@H]([C@H](O2)COP(=O)(O)OP(=O)(O)OC[C@@H]3[C@H]([C@H]([C@@H](O3)N4C=NC5=C(N=CN=C54)N)OP(=O)(O)O)O)O)O,0.771763265,-2.15124774,2.11893177
arm_MGDGD7DS1819Z1617Z,Glycerolipid metabolism,Q2HZ21_wild,O=O,0.768349051,-1.936388612,1.85402751
arm_MGDGD7DS1819Z1617Z,Glycerolipid metabolism,Q2HZ22_wild,CCCCCCCC/C=C\CCCCCCCC(=O)OC[C@H](CO[C@@H]1O[C@H](CO)[C@H](O)[C@@H](O)[C@H]1O)OC(=O)CCCCCCCCCCCCCCC,0.495979965,-2.302932501,1.777029991
arm_MGDGD7DS1819Z1617Z,Glycerolipid metabolism,Q2HZ22_wild,C1C=CN(C=C1C(=O)N)[C@H]2[C@@H]([C@@H]([C@H](O2)COP(=O)(O)OP(=O)(O)OC[C@@H]3[C@H]([C@H]([C@@H](O3)N4C=NC5=C(N=CN=C54)N)OP(=O)(O)O)O)O)O,0.464075714,-2.342596769,2.03883338
arm_MGDGD7DS1819Z1617Z,Glycerolipid metabolism,Q2HZ22_wild,O=O,0.537731409,-1.965953469,1.65201354
arm_MGDGD7DS1819Z1617Z,Glycerolipid metabolism,Q2HZ23_wild,CCCCCCCC/C=C\CCCCCCCC(=O)OC[C@H](CO[C@@H]1O[C@H](CO)[C@H](O)[C@@H](O)[C@H]1O)OC(=O)CCCCCCCCCCCCCCC,0.976031959,-2.251187325,1.880244613
arm_MGDGD7DS1819Z1617Z,Glycerolipid metabolism,Q2HZ23_wild,C1C=CN(C=C1C(=O)N)[C@H]2[C@@H]([C@@H]([C@H](O2)COP(=O)(O)OP(=O)(O)OC[C@@H]3[C@H]([C@H]([C@@H](O3)N4C=NC5=C(N=CN=C54)N)OP(=O)(O)O)O)O)O,1.018737197,-2.293547392,2.223756313
arm_MGDGD7DS1819Z1617Z,Glycerolipid metabolism,Q2HZ23_wild,O=O,0.975109458,-1.921997309,1.850872755
arm_MGDGD7DS1819Z1617Z,Glycerolipid metabolism,Q2HZ24_wild,CCCCCCCC/C=C\CCCCCCCC(=O)OC[C@H](CO[C@@H]1O[C@H](CO)[C@H](O)[C@@H](O)[C@H]1O)OC(=O)CCCCCCCCCCCCCCC,1.409675837,-2.282044888,2.188306093
arm_MGDGD7DS1819Z1617Z,Glycerolipid metabolism,Q2HZ24_wild,C1C=CN(C=C1C(=O)N)[C@H]2[C@@H]([C@@H]([C@H](O2)COP(=O)(O)OP(=O)(O)OC[C@@H]3[C@H]([C@H]([C@@H](O3)N4C=NC5=C(N=CN=C54)N)OP(=O)(O)O)O)O)O,1.526150465,-2.361738205,2.588181257
arm_MGDGD7DS1819Z1617Z,Glycerolipid metabolism,Q2HZ24_wild,O=O,1.439333439,-2.030860424,2.160542011
arm_MGDGD7DS1829Z12Z1617Z,Glycerolipid metabolism,A0A2K3CTD8_wild,CCCCC/C=C\C/C=C\CCCCCCCC(=O)OC[C@H](CO[C@@H]1O[C@H](CO)[C@H](O)[C@@H](O)[C@H]1O)OC(=O)CCCCCCCCCCCCCCC,1.028938413,-2.282720089,1.991823196
arm_MGDGD7DS1829Z12Z1617Z,Glycerolipid metabolism,A0A2K3CTD8_wild,C1C=CN(C=C1C(=O)N)[C@H]2[C@@H]([C@@H]([C@H](O2)COP(=O)(O)OP(=O)(O)OC[C@@H]3[C@H]([C@H]([C@@H](O3)N4C=NC5=C(N=CN=C54)N)OP(=O)(O)O)O)O)O,1.064813375,-2.432117462,2.418567181
arm_MGDGD7DS1829Z12Z1617Z,Glycerolipid metabolism,A0A2K3CTD8_wild,O=O,1.058802485,-2.072975636,2.015945673
arm_MGDGD7DS1829Z12Z1617Z,Glycerolipid metabolism,A0A2K3DD32_wild,CCCCC/C=C\C/C=C\CCCCCCCC(=O)OC[C@H](CO[C@@H]1O[C@H](CO)[C@H](O)[C@@H](O)[C@H]1O)OC(=O)CCCCCCCCCCCCCCC,0.475145817,-1.877689362,1.495729685
arm_MGDGD7DS1829Z12Z1617Z,Glycerolipid metabolism,A0A2K3DD32_wild,C1C=CN(C=C1C(=O)N)[C@H]2[C@@H]([C@@H]([C@H](O2)COP(=O)(O)OP(=O)(O)OC[C@@H]3[C@H]([C@H]([C@@H](O3)N4C=NC5=C(N=CN=C54)N)OP(=O)(O)O)O)O)O,0.556167662,-2.038317204,1.899398088
arm_MGDGD7DS1829Z12Z1617Z,Glycerolipid metabolism,A0A2K3DD32_wild,O=O,0.69564867,-2.046997309,1.657543182
arm_MGDGD7DS1829Z12Z1617Z,Glycerolipid metabolism,O48663_wild,CCCCC/C=C\C/C=C\CCCCCCCC(=O)OC[C@H](CO[C@@H]1O[C@H](CO)[C@H](O)[C@@H](O)[C@H]1O)OC(=O)CCCCCCCCCCCCCCC,0.216383174,-1.862652183,1.617510557
arm_MGDGD7DS1829Z12Z1617Z,Glycerolipid metabolism,O48663_wild,C1C=CN(C=C1C(=O)N)[C@H]2[C@@H]([C@@H]([C@H](O2)COP(=O)(O)OP(=O)(O)OC[C@@H]3[C@H]([C@H]([C@@H](O3)N4C=NC5=C(N=CN=C54)N)OP(=O)(O)O)O)O)O,0.277104169,-1.961031318,1.949942946
arm_MGDGD7DS1829Z12Z1617Z,Glycerolipid metabolism,O48663_wild,O=O,0.447934449,-2.184913874,1.77226758
arm_MGDGD7DS1829Z12Z1617Z,Glycerolipid metabolism,Q2HZ21_wild,CCCCC/C=C\C/C=C\CCCCCCCC(=O)OC[C@H](CO[C@@H]1O[C@H](CO)[C@H](O)[C@@H](O)[C@H]1O)OC(=O)CCCCCCCCCCCCCCC,0.660943925,-2.094609976,1.754788995
arm_MGDGD7DS1829Z12Z1617Z,Glycerolipid metabolism,Q2HZ21_wild,C1C=CN(C=C1C(=O)N)[C@H]2[C@@H]([C@@H]([C@H](O2)COP(=O)(O)OP(=O)(O)OC[C@@H]3[C@H]([C@H]([C@@H](O3)N4C=NC5=C(N=CN=C54)N)OP(=O)(O)O)O)O)O,0.771763265,-2.15124774,2.11893177
arm_MGDGD7DS1829Z12Z1617Z,Glycerolipid metabolism,Q2HZ21_wild,O=O,0.768349051,-1.936388612,1.85402751
arm_MGDGD7DS1829Z12Z1617Z,Glycerolipid metabolism,Q2HZ22_wild,CCCCC/C=C\C/C=C\CCCCCCCC(=O)OC[C@H](CO[C@@H]1O[C@H](CO)[C@H](O)[C@@H](O)[C@H]1O)OC(=O)CCCCCCCCCCCCCCC,0.49905467,-2.222093582,1.713882446
arm_MGDGD7DS1829Z12Z1617Z,Glycerolipid metabolism,Q2HZ22_wild,C1C=CN(C=C1C(=O)N)[C@H]2[C@@H]([C@@H]([C@H](O2)COP(=O)(O)OP(=O)(O)OC[C@@H]3[C@H]([C@H]([C@@H](O3)N4C=NC5=C(N=CN=C54)N)OP(=O)(O)O)O)O)O,0.464075714,-2.342596769,2.03883338
arm_MGDGD7DS1829Z12Z1617Z,Glycerolipid metabolism,Q2HZ22_wild,O=O,0.537731409,-1.965953469,1.65201354
arm_MGDGD7DS1829Z12Z1617Z,Glycerolipid metabolism,Q2HZ23_wild,CCCCC/C=C\C/C=C\CCCCCCCC(=O)OC[C@H](CO[C@@H]1O[C@H](CO)[C@H](O)[C@@H](O)[C@H]1O)OC(=O)CCCCCCCCCCCCCCC,0.975609899,-2.169434547,1.805364609
arm_MGDGD7DS1829Z12Z1617Z,Glycerolipid metabolism,Q2HZ23_wild,C1C=CN(C=C1C(=O)N)[C@H]2[C@@H]([C@@H]([C@H](O2)COP(=O)(O)OP(=O)(O)OC[C@@H]3[C@H]([C@H]([C@@H](O3)N4C=NC5=C(N=CN=C54)N)OP(=O)(O)O)O)O)O,1.018737197,-2.293547392,2.223756313
arm_MGDGD7DS1829Z12Z1617Z,Glycerolipid metabolism,Q2HZ23_wild,O=O,0.975109458,-1.921997309,1.850872755
arm_MGDGD7DS1829Z12Z1617Z,Glycerolipid metabolism,Q2HZ24_wild,CCCCC/C=C\C/C=C\CCCCCCCC(=O)OC[C@H](CO[C@@H]1O[C@H](CO)[C@H](O)[C@@H](O)[C@H]1O)OC(=O)CCCCCCCCCCCCCCC,1.403593063,-2.202372074,2.108515501
arm_MGDGD7DS1829Z12Z1617Z,Glycerolipid metabolism,Q2HZ24_wild,C1C=CN(C=C1C(=O)N)[C@H]2[C@@H]([C@@H]([C@H](O2)COP(=O)(O)OP(=O)(O)OC[C@@H]3[C@H]([C@H]([C@@H](O3)N4C=NC5=C(N=CN=C54)N)OP(=O)(O)O)O)O)O,1.526150465,-2.361738205,2.588181257
arm_MGDGD7DS1829Z12Z1617Z,Glycerolipid metabolism,Q2HZ24_wild,O=O,1.439333439,-2.030860424,2.160542011
arm_MGDGW3DS1819Z1637Z10Z13Z,Glycerolipid metabolism,A0A2K3CTD8_wild,CCCCCCCC/C=C\CCCCCCCC(=O)OC[C@H](CO[C@@H]1O[C@H](CO)[C@H](O)[C@@H](O)[C@H]1O)OC(=O)CCCCC/C=C\C/C=C\CCCCC,0.991008282,-2.452865124,2.122255802
arm_MGDGW3DS1819Z1637Z10Z13Z,Glycerolipid metabolism,A0A2K3CTD8_wild,C1C=CN(C=C1C(=O)N)[C@H]2[C@@H]([C@@H]([C@H](O2)COP(=O)(O)OP(=O)(O)OC[C@@H]3[C@H]([C@H]([C@@H](O3)N4C=NC5=C(N=CN=C54)N)OP(=O)(O)O)O)O)O,1.064813375,-2.432117462,2.418567181
arm_MGDGW3DS1819Z1637Z10Z13Z,Glycerolipid metabolism,A0A2K3CTD8_wild,O=O,1.058802485,-2.072975636,2.015945673
arm_MGDGW3DS1819Z1637Z10Z13Z,Glycerolipid metabolism,A8HMC4_wild,CCCCCCCC/C=C\CCCCCCCC(=O)OC[C@H](CO[C@@H]1O[C@H](CO)[C@H](O)[C@@H](O)[C@H]1O)OC(=O)CCCCC/C=C\C/C=C\CCCCC,0.507658124,-1.97587359,2.025751591
arm_MGDGW3DS1819Z1637Z10Z13Z,Glycerolipid metabolism,A8HMC4_wild,C1C=CN(C=C1C(=O)N)[C@H]2[C@@H]([C@@H]([C@H](O2)COP(=O)(O)OP(=O)(O)OC[C@@H]3[C@H]([C@H]([C@@H](O3)N4C=NC5=C(N=CN=C54)N)OP(=O)(O)O)O)O)O,0.595166087,-1.981671333,2.276490688
arm_MGDGW3DS1819Z1637Z10Z13Z,Glycerolipid metabolism,A8HMC4_wild,O=O,0.709893405,-2.109255075,2.064291716
arm_MGDGW3DS1819Z1637Z10Z13Z,Glycerolipid metabolism,Q2HZ21_wild,CCCCCCCC/C=C\CCCCCCCC(=O)OC[C@H](CO[C@@H]1O[C@H](CO)[C@H](O)[C@@H](O)[C@H]1O)OC(=O)CCCCC/C=C\C/C=C\CCCCC,0.607027531,-2.304187298,1.874558806
arm_MGDGW3DS1819Z1637Z10Z13Z,Glycerolipid metabolism,Q2HZ21_wild,C1C=CN(C=C1C(=O)N)[C@H]2[C@@H]([C@@H]([C@H](O2)COP(=O)(O)OP(=O)(O)OC[C@@H]3[C@H]([C@H]([C@@H](O3)N4C=NC5=C(N=CN=C54)N)OP(=O)(O)O)O)O)O,0.771763265,-2.15124774,2.11893177
arm_MGDGW3DS1819Z1637Z10Z13Z,Glycerolipid metabolism,Q2HZ21_wild,O=O,0.768349051,-1.936388612,1.85402751
arm_MGDGW3DS1819Z1637Z10Z13Z,Glycerolipid metabolism,Q2HZ22_wild,CCCCCCCC/C=C\CCCCCCCC(=O)OC[C@H](CO[C@@H]1O[C@H](CO)[C@H](O)[C@@H](O)[C@H]1O)OC(=O)CCCCC/C=C\C/C=C\CCCCC,0.440523148,-2.404603481,1.839993119
arm_MGDGW3DS1819Z1637Z10Z13Z,Glycerolipid metabolism,Q2HZ22_wild,C1C=CN(C=C1C(=O)N)[C@H]2[C@@H]([C@@H]([C@H](O2)COP(=O)(O)OP(=O)(O)OC[C@@H]3[C@H]([C@H]([C@@H](O3)N4C=NC5=C(N=CN=C54)N)OP(=O)(O)O)O)O)O,0.464075714,-2.342596769,2.03883338
arm_MGDGW3DS1819Z1637Z10Z13Z,Glycerolipid metabolism,Q2HZ22_wild,O=O,0.537731409,-1.965953469,1.65201354
arm_MGDGW3DS1819Z1637Z10Z13Z,Glycerolipid metabolism,Q2HZ23_wild,CCCCCCCC/C=C\CCCCCCCC(=O)OC[C@H](CO[C@@H]1O[C@H](CO)[C@H](O)[C@@H](O)[C@H]1O)OC(=O)CCCCC/C=C\C/C=C\CCCCC,0.941905797,-2.341903687,1.925640106
arm_MGDGW3DS1819Z1637Z10Z13Z,Glycerolipid metabolism,Q2HZ23_wild,C1C=CN(C=C1C(=O)N)[C@H]2[C@@H]([C@@H]([C@H](O2)COP(=O)(O)OP(=O)(O)OC[C@@H]3[C@H]([C@H]([C@@H](O3)N4C=NC5=C(N=CN=C54)N)OP(=O)(O)O)O)O)O,1.018737197,-2.293547392,2.223756313
arm_MGDGW3DS1819Z1637Z10Z13Z,Glycerolipid metabolism,Q2HZ23_wild,O=O,0.975109458,-1.921997309,1.850872755
arm_MGDGW3DS1819Z1637Z10Z13Z,Glycerolipid metabolism,Q2HZ24_wild,CCCCCCCC/C=C\CCCCCCCC(=O)OC[C@H](CO[C@@H]1O[C@H](CO)[C@H](O)[C@@H](O)[C@H]1O)OC(=O)CCCCC/C=C\C/C=C\CCCCC,1.349301934,-2.408203363,2.244265795
arm_MGDGW3DS1819Z1637Z10Z13Z,Glycerolipid metabolism,Q2HZ24_wild,C1C=CN(C=C1C(=O)N)[C@H]2[C@@H]([C@@H]([C@H](O2)COP(=O)(O)OP(=O)(O)OC[C@@H]3[C@H]([C@H]([C@@H](O3)N4C=NC5=C(N=CN=C54)N)OP(=O)(O)O)O)O)O,1.526150465,-2.361738205,2.588181257
arm_MGDGW3DS1819Z1637Z10Z13Z,Glycerolipid metabolism,Q2HZ24_wild,O=O,1.439333439,-2.030860424,2.160542011
arm_MGDGW3DS1829Z12Z1637Z10Z13Z,Glycerolipid metabolism,A0A2K3CTD8_wild,CCCCC/C=C\C/C=C\CCCCCCCC(=O)OC[C@H](CO[C@@H]1O[C@H](CO)[C@H](O)[C@@H](O)[C@H]1O)OC(=O)CCCCC/C=C\C/C=C\CCCCC,0.988691032,-2.292891026,2.027460575
arm_MGDGW3DS1829Z12Z1637Z10Z13Z,Glycerolipid metabolism,A0A2K3CTD8_wild,C1C=CN(C=C1C(=O)N)[C@H]2[C@@H]([C@@H]([C@H](O2)COP(=O)(O)OP(=O)(O)OC[C@@H]3[C@H]([C@H]([C@@H](O3)N4C=NC5=C(N=CN=C54)N)OP(=O)(O)O)O)O)O,1.064813375,-2.432117462,2.418567181
arm_MGDGW3DS1829Z12Z1637Z10Z13Z,Glycerolipid metabolism,A0A2K3CTD8_wild,O=O,1.058802485,-2.072975636,2.015945673
arm_MGDGW3DS1829Z12Z1637Z10Z13Z,Glycerolipid metabolism,A8HMC4_wild,CCCCC/C=C\C/C=C\CCCCCCCC(=O)OC[C@H](CO[C@@H]1O[C@H](CO)[C@H](O)[C@@H](O)[C@H]1O)OC(=O)CCCCC/C=C\C/C=C\CCCCC,0.49201116,-1.825567007,1.896340132
arm_MGDGW3DS1829Z12Z1637Z10Z13Z,Glycerolipid metabolism,A8HMC4_wild,C1C=CN(C=C1C(=O)N)[C@H]2[C@@H]([C@@H]([C@H](O2)COP(=O)(O)OP(=O)(O)OC[C@@H]3[C@H]([C@H]([C@@H](O3)N4C=NC5=C(N=CN=C54)N)OP(=O)(O)O)O)O)O,0.595166087,-1.981671333,2.276490688
arm_MGDGW3DS1829Z12Z1637Z10Z13Z,Glycerolipid metabolism,A8HMC4_wild,O=O,0.709893405,-2.109255075,2.064291716
arm_MGDGW3DS1829Z12Z1637Z10Z13Z,Glycerolipid metabolism,Q2HZ21_wild,CCCCC/C=C\C/C=C\CCCCCCCC(=O)OC[C@H](CO[C@@H]1O[C@H](CO)[C@H](O)[C@@H](O)[C@H]1O)OC(=O)CCCCC/C=C\C/C=C\CCCCC,0.588310421,-2.169947147,1.78016448
arm_MGDGW3DS1829Z12Z1637Z10Z13Z,Glycerolipid metabolism,Q2HZ21_wild,C1C=CN(C=C1C(=O)N)[C@H]2[C@@H]([C@@H]([C@H](O2)COP(=O)(O)OP(=O)(O)OC[C@@H]3[C@H]([C@H]([C@@H](O3)N4C=NC5=C(N=CN=C54)N)OP(=O)(O)O)O)O)O,0.771763265,-2.15124774,2.11893177
arm_MGDGW3DS1829Z12Z1637Z10Z13Z,Glycerolipid metabolism,Q2HZ21_wild,O=O,0.768349051,-1.936388612,1.85402751
arm_MGDGW3DS1829Z12Z1637Z10Z13Z,Glycerolipid metabolism,Q2HZ22_wild,CCCCC/C=C\C/C=C\CCCCCCCC(=O)OC[C@H](CO[C@@H]1O[C@H](CO)[C@H](O)[C@@H](O)[C@H]1O)OC(=O)CCCCC/C=C\C/C=C\CCCCC,0.438585341,-2.254758596,1.749123216
arm_MGDGW3DS1829Z12Z1637Z10Z13Z,Glycerolipid metabolism,Q2HZ22_wild,C1C=CN(C=C1C(=O)N)[C@H]2[C@@H]([C@@H]([C@H](O2)COP(=O)(O)OP(=O)(O)OC[C@@H]3[C@H]([C@H]([C@@H](O3)N4C=NC5=C(N=CN=C54)N)OP(=O)(O)O)O)O)O,0.464075714,-2.342596769,2.03883338
arm_MGDGW3DS1829Z12Z1637Z10Z13Z,Glycerolipid metabolism,Q2HZ22_wild,O=O,0.537731409,-1.965953469,1.65201354
arm_MGDGW3DS1829Z12Z1637Z10Z13Z,Glycerolipid metabolism,Q2HZ23_wild,CCCCC/C=C\C/C=C\CCCCCCCC(=O)OC[C@H](CO[C@@H]1O[C@H](CO)[C@H](O)[C@@H](O)[C@H]1O)OC(=O)CCCCC/C=C\C/C=C\CCCCC,0.941433609,-2.195940971,1.828616738
arm_MGDGW3DS1829Z12Z1637Z10Z13Z,Glycerolipid metabolism,Q2HZ23_wild,C1C=CN(C=C1C(=O)N)[C@H]2[C@@H]([C@@H]([C@H](O2)COP(=O)(O)OP(=O)(O)OC[C@@H]3[C@H]([C@H]([C@@H](O3)N4C=NC5=C(N=CN=C54)N)OP(=O)(O)O)O)O)O,1.018737197,-2.293547392,2.223756313
arm_MGDGW3DS1829Z12Z1637Z10Z13Z,Glycerolipid metabolism,Q2HZ23_wild,O=O,0.975109458,-1.921997309,1.850872755
arm_MGDGW3DS1829Z12Z1637Z10Z13Z,Glycerolipid metabolism,Q2HZ24_wild,CCCCC/C=C\C/C=C\CCCCCCCC(=O)OC[C@H](CO[C@@H]1O[C@H](CO)[C@H](O)[C@@H](O)[C@H]1O)OC(=O)CCCCC/C=C\C/C=C\CCCCC,1.351168871,-2.251842499,2.139710665
arm_MGDGW3DS1829Z12Z1637Z10Z13Z,Glycerolipid metabolism,Q2HZ24_wild,C1C=CN(C=C1C(=O)N)[C@H]2[C@@H]([C@@H]([C@H](O2)COP(=O)(O)OP(=O)(O)OC[C@@H]3[C@H]([C@H]([C@@H](O3)N4C=NC5=C(N=CN=C54)N)OP(=O)(O)O)O)O)O,1.526150465,-2.361738205,2.588181257
arm_MGDGW3DS1829Z12Z1637Z10Z13Z,Glycerolipid metabolism,Q2HZ24_wild,O=O,1.439333439,-2.030860424,2.160542011
arm_MGDGW3DS1829Z12Z1644Z7Z10Z13Z,Glycerolipid metabolism,A0A2K3CTD8_wild,CCCCC/C=C\C/C=C\CCCCCCCC(=O)OC[C@H](CO[C@@H]1O[C@H](CO)[C@H](O)[C@@H](O)[C@H]1O)OC(=O)CC/C=C\C/C=C\C/C=C\CCCCC,0.998554587,-2.403556108,2.111085653
arm_MGDGW3DS1829Z12Z1644Z7Z10Z13Z,Glycerolipid metabolism,A0A2K3CTD8_wild,C1C=CN(C=C1C(=O)N)[C@H]2[C@@H]([C@@H]([C@H](O2)COP(=O)(O)OP(=O)(O)OC[C@@H]3[C@H]([C@H]([C@@H](O3)N4C=NC5=C(N=CN=C54)N)OP(=O)(O)O)O)O)O,1.064813375,-2.432117462,2.418567181
arm_MGDGW3DS1829Z12Z1644Z7Z10Z13Z,Glycerolipid metabolism,A0A2K3CTD8_wild,O=O,1.058802485,-2.072975636,2.015945673
arm_MGDGW3DS1829Z12Z1644Z7Z10Z13Z,Glycerolipid metabolism,A8HMC4_wild,CCCCC/C=C\C/C=C\CCCCCCCC(=O)OC[C@H](CO[C@@H]1O[C@H](CO)[C@H](O)[C@@H](O)[C@H]1O)OC(=O)CC/C=C\C/C=C\C/C=C\CCCCC,0.496551752,-1.931015372,1.974533081
arm_MGDGW3DS1829Z12Z1644Z7Z10Z13Z,Glycerolipid metabolism,A8HMC4_wild,C1C=CN(C=C1C(=O)N)[C@H]2[C@@H]([C@@H]([C@H](O2)COP(=O)(O)OP(=O)(O)OC[C@@H]3[C@H]([C@H]([C@@H](O3)N4C=NC5=C(N=CN=C54)N)OP(=O)(O)O)O)O)O,0.595166087,-1.981671333,2.276490688
arm_MGDGW3DS1829Z12Z1644Z7Z10Z13Z,Glycerolipid metabolism,A8HMC4_wild,O=O,0.709893405,-2.109255075,2.064291716
arm_MGDGW3DS1829Z12Z1644Z7Z10Z13Z,Glycerolipid metabolism,Q2HZ21_wild,CCCCC/C=C\C/C=C\CCCCCCCC(=O)OC[C@H](CO[C@@H]1O[C@H](CO)[C@H](O)[C@@H](O)[C@H]1O)OC(=O)CC/C=C\C/C=C\C/C=C\CCCCC,0.572788954,-2.284515858,1.8505404
arm_MGDGW3DS1829Z12Z1644Z7Z10Z13Z,Glycerolipid metabolism,Q2HZ21_wild,C1C=CN(C=C1C(=O)N)[C@H]2[C@@H]([C@@H]([C@H](O2)COP(=O)(O)OP(=O)(O)OC[C@@H]3[C@H]([C@H]([C@@H](O3)N4C=NC5=C(N=CN=C54)N)OP(=O)(O)O)O)O)O,0.771763265,-2.15124774,2.11893177
arm_MGDGW3DS1829Z12Z1644Z7Z10Z13Z,Glycerolipid metabolism,Q2HZ21_wild,O=O,0.768349051,-1.936388612,1.85402751
arm_MGDGW3DS1829Z12Z1644Z7Z10Z13Z,Glycerolipid metabolism,Q2HZ22_wild,CCCCC/C=C\C/C=C\CCCCCCCC(=O)OC[C@H](CO[C@@H]1O[C@H](CO)[C@H](O)[C@@H](O)[C@H]1O)OC(=O)CC/C=C\C/C=C\C/C=C\CCCCC,0.441093057,-2.350111723,1.831555367
arm_MGDGW3DS1829Z12Z1644Z7Z10Z13Z,Glycerolipid metabolism,Q2HZ22_wild,C1C=CN(C=C1C(=O)N)[C@H]2[C@@H]([C@@H]([C@H](O2)COP(=O)(O)OP(=O)(O)OC[C@@H]3[C@H]([C@H]([C@@H](O3)N4C=NC5=C(N=CN=C54)N)OP(=O)(O)O)O)O)O,0.464075714,-2.342596769,2.03883338
arm_MGDGW3DS1829Z12Z1644Z7Z10Z13Z,Glycerolipid metabolism,Q2HZ22_wild,O=O,0.537731409,-1.965953469,1.65201354
arm_MGDGW3DS1829Z12Z1644Z7Z10Z13Z,Glycerolipid metabolism,Q2HZ23_wild,CCCCC/C=C\C/C=C\CCCCCCCC(=O)OC[C@H](CO[C@@H]1O[C@H](CO)[C@H](O)[C@@H](O)[C@H]1O)OC(=O)CC/C=C\C/C=C\C/C=C\CCCCC,0.933706939,-2.295918941,1.907666802
arm_MGDGW3DS1829Z12Z1644Z7Z10Z13Z,Glycerolipid metabolism,Q2HZ23_wild,C1C=CN(C=C1C(=O)N)[C@H]2[C@@H]([C@@H]([C@H](O2)COP(=O)(O)OP(=O)(O)OC[C@@H]3[C@H]([C@H]([C@@H](O3)N4C=NC5=C(N=CN=C54)N)OP(=O)(O)O)O)O)O,1.018737197,-2.293547392,2.223756313
arm_MGDGW3DS1829Z12Z1644Z7Z10Z13Z,Glycerolipid metabolism,Q2HZ23_wild,O=O,0.975109458,-1.921997309,1.850872755
arm_MGDGW3DS1829Z12Z1644Z7Z10Z13Z,Glycerolipid metabolism,Q2HZ24_wild,CCCCC/C=C\C/C=C\CCCCCCCC(=O)OC[C@H](CO[C@@H]1O[C@H](CO)[C@H](O)[C@@H](O)[C@H]1O)OC(=O)CC/C=C\C/C=C\C/C=C\CCCCC,1.325461507,-2.359667301,2.208076715
arm_MGDGW3DS1829Z12Z1644Z7Z10Z13Z,Glycerolipid metabolism,Q2HZ24_wild,C1C=CN(C=C1C(=O)N)[C@H]2[C@@H]([C@@H]([C@H](O2)COP(=O)(O)OP(=O)(O)OC[C@@H]3[C@H]([C@H]([C@@H](O3)N4C=NC5=C(N=CN=C54)N)OP(=O)(O)O)O)O)O,1.526150465,-2.361738205,2.588181257
arm_MGDGW3DS1829Z12Z1644Z7Z10Z13Z,Glycerolipid metabolism,Q2HZ24_wild,O=O,1.439333439,-2.030860424,2.160542011
arm_MGDGW3DS1839Z12Z15Z160,Glycerolipid metabolism,A0A2K3CTD8_wild,CCCCC/C=C\C/C=C\CCCCCCCC(=O)OC[C@H](CO[C@@H]1O[C@H](CO)[C@H](O)[C@@H](O)[C@H]1O)OC(=O)CCCCCCCCCCCCCCC,1.028938413,-2.282720089,1.991823196
arm_MGDGW3DS1839Z12Z15Z160,Glycerolipid metabolism,A0A2K3CTD8_wild,C1C=CN(C=C1C(=O)N)[C@H]2[C@@H]([C@@H]([C@H](O2)COP(=O)(O)OP(=O)(O)OC[C@@H]3[C@H]([C@H]([C@@H](O3)N4C=NC5=C(N=CN=C54)N)OP(=O)(O)O)O)O)O,1.064813375,-2.432117462,2.418567181
arm_MGDGW3DS1839Z12Z15Z160,Glycerolipid metabolism,A0A2K3CTD8_wild,O=O,1.058802485,-2.072975636,2.015945673
arm_MGDGW3DS1839Z12Z15Z160,Glycerolipid metabolism,A8HMC4_wild,CCCCC/C=C\C/C=C\CCCCCCCC(=O)OC[C@H](CO[C@@H]1O[C@H](CO)[C@H](O)[C@@H](O)[C@H]1O)OC(=O)CCCCCCCCCCCCCCC,0.550991833,-1.796081305,1.883725405
arm_MGDGW3DS1839Z12Z15Z160,Glycerolipid metabolism,A8HMC4_wild,C1C=CN(C=C1C(=O)N)[C@H]2[C@@H]([C@@H]([C@H](O2)COP(=O)(O)OP(=O)(O)OC[C@@H]3[C@H]([C@H]([C@@H](O3)N4C=NC5=C(N=CN=C54)N)OP(=O)(O)O)O)O)O,0.595166087,-1.981671333,2.276490688
arm_MGDGW3DS1839Z12Z15Z160,Glycerolipid metabolism,A8HMC4_wild,O=O,0.709893405,-2.109255075,2.064291716
arm_MGDGW3DS1839Z12Z15Z160,Glycerolipid metabolism,Q2HZ21_wild,CCCCC/C=C\C/C=C\CCCCCCCC(=O)OC[C@H](CO[C@@H]1O[C@H](CO)[C@H](O)[C@@H](O)[C@H]1O)OC(=O)CCCCCCCCCCCCCCC,0.660943925,-2.094609976,1.754788995
arm_MGDGW3DS1839Z12Z15Z160,Glycerolipid metabolism,Q2HZ21_wild,C1C=CN(C=C1C(=O)N)[C@H]2[C@@H]([C@@H]([C@H](O2)COP(=O)(O)OP(=O)(O)OC[C@@H]3[C@H]([C@H]([C@@H](O3)N4C=NC5=C(N=CN=C54)N)OP(=O)(O)O)O)O)O,0.771763265,-2.15124774,2.11893177
arm_MGDGW3DS1839Z12Z15Z160,Glycerolipid metabolism,Q2HZ21_wild,O=O,0.768349051,-1.936388612,1.85402751
arm_MGDGW3DS1839Z12Z15Z160,Glycerolipid metabolism,Q2HZ22_wild,CCCCC/C=C\C/C=C\CCCCCCCC(=O)OC[C@H](CO[C@@H]1O[C@H](CO)[C@H](O)[C@@H](O)[C@H]1O)OC(=O)CCCCCCCCCCCCCCC,0.49905467,-2.222093582,1.713882446
arm_MGDGW3DS1839Z12Z15Z160,Glycerolipid metabolism,Q2HZ22_wild,C1C=CN(C=C1C(=O)N)[C@H]2[C@@H]([C@@H]([C@H](O2)COP(=O)(O)OP(=O)(O)OC[C@@H]3[C@H]([C@H]([C@@H](O3)N4C=NC5=C(N=CN=C54)N)OP(=O)(O)O)O)O)O,0.464075714,-2.342596769,2.03883338
arm_MGDGW3DS1839Z12Z15Z160,Glycerolipid metabolism,Q2HZ22_wild,O=O,0.537731409,-1.965953469,1.65201354
arm_MGDGW3DS1839Z12Z15Z160,Glycerolipid metabolism,Q2HZ23_wild,CCCCC/C=C\C/C=C\CCCCCCCC(=O)OC[C@H](CO[C@@H]1O[C@H](CO)[C@H](O)[C@@H](O)[C@H]1O)OC(=O)CCCCCCCCCCCCCCC,0.975609899,-2.169434547,1.805364609
arm_MGDGW3DS1839Z12Z15Z160,Glycerolipid metabolism,Q2HZ23_wild,C1C=CN(C=C1C(=O)N)[C@H]2[C@@H]([C@@H]([C@H](O2)COP(=O)(O)OP(=O)(O)OC[C@@H]3[C@H]([C@H]([C@@H](O3)N4C=NC5=C(N=CN=C54)N)OP(=O)(O)O)O)O)O,1.018737197,-2.293547392,2.223756313
arm_MGDGW3DS1839Z12Z15Z160,Glycerolipid metabolism,Q2HZ23_wild,O=O,0.975109458,-1.921997309,1.850872755
arm_MGDGW3DS1839Z12Z15Z160,Glycerolipid metabolism,Q2HZ24_wild,CCCCC/C=C\C/C=C\CCCCCCCC(=O)OC[C@H](CO[C@@H]1O[C@H](CO)[C@H](O)[C@@H](O)[C@H]1O)OC(=O)CCCCCCCCCCCCCCC,1.403593063,-2.202372074,2.108515501
arm_MGDGW3DS1839Z12Z15Z160,Glycerolipid metabolism,Q2HZ24_wild,C1C=CN(C=C1C(=O)N)[C@H]2[C@@H]([C@@H]([C@H](O2)COP(=O)(O)OP(=O)(O)OC[C@@H]3[C@H]([C@H]([C@@H](O3)N4C=NC5=C(N=CN=C54)N)OP(=O)(O)O)O)O)O,1.526150465,-2.361738205,2.588181257
arm_MGDGW3DS1839Z12Z15Z160,Glycerolipid metabolism,Q2HZ24_wild,O=O,1.439333439,-2.030860424,2.160542011
arm_MGDGW3DS1839Z12Z15Z1627Z10Z,Glycerolipid metabolism,A0A2K3CTD8_wild,CCCCC/C=C\C/C=C\CCCCCCCC(=O)OC[C@H](CO[C@@H]1O[C@H](CO)[C@H](O)[C@@H](O)[C@H]1O)OC(=O)CCCCC/C=C\C/C=C\CCCCC,0.988691032,-2.292891026,2.027460575
arm_MGDGW3DS1839Z12Z15Z1627Z10Z,Glycerolipid metabolism,A0A2K3CTD8_wild,C1C=CN(C=C1C(=O)N)[C@H]2[C@@H]([C@@H]([C@H](O2)COP(=O)(O)OP(=O)(O)OC[C@@H]3[C@H]([C@H]([C@@H](O3)N4C=NC5=C(N=CN=C54)N)OP(=O)(O)O)O)O)O,1.064813375,-2.432117462,2.418567181
arm_MGDGW3DS1839Z12Z15Z1627Z10Z,Glycerolipid metabolism,A0A2K3CTD8_wild,O=O,1.058802485,-2.072975636,2.015945673
arm_MGDGW3DS1839Z12Z15Z1627Z10Z,Glycerolipid metabolism,A8HMC4_wild,CCCCC/C=C\C/C=C\CCCCCCCC(=O)OC[C@H](CO[C@@H]1O[C@H](CO)[C@H](O)[C@@H](O)[C@H]1O)OC(=O)CCCCC/C=C\C/C=C\CCCCC,0.49201116,-1.825567007,1.896340132
arm_MGDGW3DS1839Z12Z15Z1627Z10Z,Glycerolipid metabolism,A8HMC4_wild,C1C=CN(C=C1C(=O)N)[C@H]2[C@@H]([C@@H]([C@H](O2)COP(=O)(O)OP(=O)(O)OC[C@@H]3[C@H]([C@H]([C@@H](O3)N4C=NC5=C(N=CN=C54)N)OP(=O)(O)O)O)O)O,0.595166087,-1.981671333,2.276490688
arm_MGDGW3DS1839Z12Z15Z1627Z10Z,Glycerolipid metabolism,A8HMC4_wild,O=O,0.709893405,-2.109255075,2.064291716
arm_MGDGW3DS1839Z12Z15Z1627Z10Z,Glycerolipid metabolism,Q2HZ21_wild,CCCCC/C=C\C/C=C\CCCCCCCC(=O)OC[C@H](CO[C@@H]1O[C@H](CO)[C@H](O)[C@@H](O)[C@H]1O)OC(=O)CCCCC/C=C\C/C=C\CCCCC,0.588310421,-2.169947147,1.78016448
arm_MGDGW3DS1839Z12Z15Z1627Z10Z,Glycerolipid metabolism,Q2HZ21_wild,C1C=CN(C=C1C(=O)N)[C@H]2[C@@H]([C@@H]([C@H](O2)COP(=O)(O)OP(=O)(O)OC[C@@H]3[C@H]([C@H]([C@@H](O3)N4C=NC5=C(N=CN=C54)N)OP(=O)(O)O)O)O)O,0.771763265,-2.15124774,2.11893177
arm_MGDGW3DS1839Z12Z15Z1627Z10Z,Glycerolipid metabolism,Q2HZ21_wild,O=O,0.768349051,-1.936388612,1.85402751
arm_MGDGW3DS1839Z12Z15Z1627Z10Z,Glycerolipid metabolism,Q2HZ22_wild,CCCCC/C=C\C/C=C\CCCCCCCC(=O)OC[C@H](CO[C@@H]1O[C@H](CO)[C@H](O)[C@@H](O)[C@H]1O)OC(=O)CCCCC/C=C\C/C=C\CCCCC,0.438585341,-2.254758596,1.749123216
arm_MGDGW3DS1839Z12Z15Z1627Z10Z,Glycerolipid metabolism,Q2HZ22_wild,C1C=CN(C=C1C(=O)N)[C@H]2[C@@H]([C@@H]([C@H](O2)COP(=O)(O)OP(=O)(O)OC[C@@H]3[C@H]([C@H]([C@@H](O3)N4C=NC5=C(N=CN=C54)N)OP(=O)(O)O)O)O)O,0.464075714,-2.342596769,2.03883338
arm_MGDGW3DS1839Z12Z15Z1627Z10Z,Glycerolipid metabolism,Q2HZ22_wild,O=O,0.537731409,-1.965953469,1.65201354
arm_MGDGW3DS1839Z12Z15Z1627Z10Z,Glycerolipid metabolism,Q2HZ23_wild,CCCCC/C=C\C/C=C\CCCCCCCC(=O)OC[C@H](CO[C@@H]1O[C@H](CO)[C@H](O)[C@@H](O)[C@H]1O)OC(=O)CCCCC/C=C\C/C=C\CCCCC,0.941433609,-2.195940971,1.828616738
arm_MGDGW3DS1839Z12Z15Z1627Z10Z,Glycerolipid metabolism,Q2HZ23_wild,C1C=CN(C=C1C(=O)N)[C@H]2[C@@H]([C@@H]([C@H](O2)COP(=O)(O)OP(=O)(O)OC[C@@H]3[C@H]([C@H]([C@@H](O3)N4C=NC5=C(N=CN=C54)N)OP(=O)(O)O)O)O)O,1.018737197,-2.293547392,2.223756313
arm_MGDGW3DS1839Z12Z15Z1627Z10Z,Glycerolipid metabolism,Q2HZ23_wild,O=O,0.975109458,-1.921997309,1.850872755
arm_MGDGW3DS1839Z12Z15Z1627Z10Z,Glycerolipid metabolism,Q2HZ24_wild,CCCCC/C=C\C/C=C\CCCCCCCC(=O)OC[C@H](CO[C@@H]1O[C@H](CO)[C@H](O)[C@@H](O)[C@H]1O)OC(=O)CCCCC/C=C\C/C=C\CCCCC,1.351168871,-2.251842499,2.139710665
arm_MGDGW3DS1839Z12Z15Z1627Z10Z,Glycerolipid metabolism,Q2HZ24_wild,C1C=CN(C=C1C(=O)N)[C@H]2[C@@H]([C@@H]([C@H](O2)COP(=O)(O)OP(=O)(O)OC[C@@H]3[C@H]([C@H]([C@@H](O3)N4C=NC5=C(N=CN=C54)N)OP(=O)(O)O)O)O)O,1.526150465,-2.361738205,2.588181257
arm_MGDGW3DS1839Z12Z15Z1627Z10Z,Glycerolipid metabolism,Q2HZ24_wild,O=O,1.439333439,-2.030860424,2.160542011
arm_MGDGW3DS1839Z12Z15Z1634Z7Z10Z,Glycerolipid metabolism,A0A2K3CTD8_wild,CCCCC/C=C\C/C=C\CCCCCCCC(=O)OC[C@H](CO[C@@H]1O[C@H](CO)[C@H](O)[C@@H](O)[C@H]1O)OC(=O)CC/C=C\C/C=C\C/C=C\CCCCC,0.998554587,-2.403556108,2.111085653
arm_MGDGW3DS1839Z12Z15Z1634Z7Z10Z,Glycerolipid metabolism,A0A2K3CTD8_wild,C1C=CN(C=C1C(=O)N)[C@H]2[C@@H]([C@@H]([C@H](O2)COP(=O)(O)OP(=O)(O)OC[C@@H]3[C@H]([C@H]([C@@H](O3)N4C=NC5=C(N=CN=C54)N)OP(=O)(O)O)O)O)O,1.064813375,-2.432117462,2.418567181
arm_MGDGW3DS1839Z12Z15Z1634Z7Z10Z,Glycerolipid metabolism,A0A2K3CTD8_wild,O=O,1.058802485,-2.072975636,2.015945673
arm_MGDGW3DS1839Z12Z15Z1634Z7Z10Z,Glycerolipid metabolism,A8HMC4_wild,CCCCC/C=C\C/C=C\CCCCCCCC(=O)OC[C@H](CO[C@@H]1O[C@H](CO)[C@H](O)[C@@H](O)[C@H]1O)OC(=O)CC/C=C\C/C=C\C/C=C\CCCCC,0.496551752,-1.931015372,1.974533081
arm_MGDGW3DS1839Z12Z15Z1634Z7Z10Z,Glycerolipid metabolism,A8HMC4_wild,C1C=CN(C=C1C(=O)N)[C@H]2[C@@H]([C@@H]([C@H](O2)COP(=O)(O)OP(=O)(O)OC[C@@H]3[C@H]([C@H]([C@@H](O3)N4C=NC5=C(N=CN=C54)N)OP(=O)(O)O)O)O)O,0.595166087,-1.981671333,2.276490688
arm_MGDGW3DS1839Z12Z15Z1634Z7Z10Z,Glycerolipid metabolism,A8HMC4_wild,O=O,0.709893405,-2.109255075,2.064291716
arm_MGDGW3DS1839Z12Z15Z1634Z7Z10Z,Glycerolipid metabolism,Q2HZ21_wild,CCCCC/C=C\C/C=C\CCCCCCCC(=O)OC[C@H](CO[C@@H]1O[C@H](CO)[C@H](O)[C@@H](O)[C@H]1O)OC(=O)CC/C=C\C/C=C\C/C=C\CCCCC,0.572788954,-2.284515858,1.8505404
arm_MGDGW3DS1839Z12Z15Z1634Z7Z10Z,Glycerolipid metabolism,Q2HZ21_wild,C1C=CN(C=C1C(=O)N)[C@H]2[C@@H]([C@@H]([C@H](O2)COP(=O)(O)OP(=O)(O)OC[C@@H]3[C@H]([C@H]([C@@H](O3)N4C=NC5=C(N=CN=C54)N)OP(=O)(O)O)O)O)O,0.771763265,-2.15124774,2.11893177
arm_MGDGW3DS1839Z12Z15Z1634Z7Z10Z,Glycerolipid metabolism,Q2HZ21_wild,O=O,0.768349051,-1.936388612,1.85402751
arm_MGDGW3DS1839Z12Z15Z1634Z7Z10Z,Glycerolipid metabolism,Q2HZ22_wild,CCCCC/C=C\C/C=C\CCCCCCCC(=O)OC[C@H](CO[C@@H]1O[C@H](CO)[C@H](O)[C@@H](O)[C@H]1O)OC(=O)CC/C=C\C/C=C\C/C=C\CCCCC,0.441093057,-2.350111723,1.831555367
arm_MGDGW3DS1839Z12Z15Z1634Z7Z10Z,Glycerolipid metabolism,Q2HZ22_wild,C1C=CN(C=C1C(=O)N)[C@H]2[C@@H]([C@@H]([C@H](O2)COP(=O)(O)OP(=O)(O)OC[C@@H]3[C@H]([C@H]([C@@H](O3)N4C=NC5=C(N=CN=C54)N)OP(=O)(O)O)O)O)O,0.464075714,-2.342596769,2.03883338
arm_MGDGW3DS1839Z12Z15Z1634Z7Z10Z,Glycerolipid metabolism,Q2HZ22_wild,O=O,0.537731409,-1.965953469,1.65201354
arm_MGDGW3DS1839Z12Z15Z1634Z7Z10Z,Glycerolipid metabolism,Q2HZ23_wild,CCCCC/C=C\C/C=C\CCCCCCCC(=O)OC[C@H](CO[C@@H]1O[C@H](CO)[C@H](O)[C@@H](O)[C@H]1O)OC(=O)CC/C=C\C/C=C\C/C=C\CCCCC,0.933706939,-2.295918941,1.907666802
arm_MGDGW3DS1839Z12Z15Z1634Z7Z10Z,Glycerolipid metabolism,Q2HZ23_wild,C1C=CN(C=C1C(=O)N)[C@H]2[C@@H]([C@@H]([C@H](O2)COP(=O)(O)OP(=O)(O)OC[C@@H]3[C@H]([C@H]([C@@H](O3)N4C=NC5=C(N=CN=C54)N)OP(=O)(O)O)O)O)O,1.018737197,-2.293547392,2.223756313
arm_MGDGW3DS1839Z12Z15Z1634Z7Z10Z,Glycerolipid metabolism,Q2HZ23_wild,O=O,0.975109458,-1.921997309,1.850872755
arm_MGDGW3DS1839Z12Z15Z1634Z7Z10Z,Glycerolipid metabolism,Q2HZ24_wild,CCCCC/C=C\C/C=C\CCCCCCCC(=O)OC[C@H](CO[C@@H]1O[C@H](CO)[C@H](O)[C@@H](O)[C@H]1O)OC(=O)CC/C=C\C/C=C\C/C=C\CCCCC,1.325461507,-2.359667301,2.208076715
arm_MGDGW3DS1839Z12Z15Z1634Z7Z10Z,Glycerolipid metabolism,Q2HZ24_wild,C1C=CN(C=C1C(=O)N)[C@H]2[C@@H]([C@@H]([C@H](O2)COP(=O)(O)OP(=O)(O)OC[C@@H]3[C@H]([C@H]([C@@H](O3)N4C=NC5=C(N=CN=C54)N)OP(=O)(O)O)O)O)O,1.526150465,-2.361738205,2.588181257
arm_MGDGW3DS1839Z12Z15Z1634Z7Z10Z,Glycerolipid metabolism,Q2HZ24_wild,O=O,1.439333439,-2.030860424,2.160542011
arm_MGDGW3DS1839Z12Z15Z1637Z10Z13Z1,Glycerolipid metabolism,A0A2K3CTD8_wild,CCCCC/C=C\C/C=C\CCCCCCCC(=O)OC[C@H](CO[C@@H]1O[C@H](CO)[C@H](O)[C@@H](O)[C@H]1O)OC(=O)CCCCC/C=C\C/C=C\C/C=C\CC,1.028106093,-2.394661903,2.100156546
arm_MGDGW3DS1839Z12Z15Z1637Z10Z13Z1,Glycerolipid metabolism,A0A2K3CTD8_wild,C1C=CN(C=C1C(=O)N)[C@H]2[C@@H]([C@@H]([C@H](O2)COP(=O)(O)OP(=O)(O)OC[C@@H]3[C@H]([C@H]([C@@H](O3)N4C=NC5=C(N=CN=C54)N)OP(=O)(O)O)O)O)O,1.064813375,-2.432117462,2.418567181
arm_MGDGW3DS1839Z12Z15Z1637Z10Z13Z1,Glycerolipid metabolism,A0A2K3CTD8_wild,O=O,1.058802485,-2.072975636,2.015945673
arm_MGDGW3DS1839Z12Z15Z1637Z10Z13Z1,Glycerolipid metabolism,A8HMC4_wild,CCCCC/C=C\C/C=C\CCCCCCCC(=O)OC[C@H](CO[C@@H]1O[C@H](CO)[C@H](O)[C@@H](O)[C@H]1O)OC(=O)CCCCC/C=C\C/C=C\C/C=C\CC,0.529026389,-1.911352158,1.982254744
arm_MGDGW3DS1839Z12Z15Z1637Z10Z13Z1,Glycerolipid metabolism,A8HMC4_wild,C1C=CN(C=C1C(=O)N)[C@H]2[C@@H]([C@@H]([C@H](O2)COP(=O)(O)OP(=O)(O)OC[C@@H]3[C@H]([C@H]([C@@H](O3)N4C=NC5=C(N=CN=C54)N)OP(=O)(O)O)O)O)O,0.595166087,-1.981671333,2.276490688
arm_MGDGW3DS1839Z12Z15Z1637Z10Z13Z1,Glycerolipid metabolism,A8HMC4_wild,O=O,0.709893405,-2.109255075,2.064291716
arm_MGDGW3DS1839Z12Z15Z1637Z10Z13Z1,Glycerolipid metabolism,Q2HZ21_wild,CCCCC/C=C\C/C=C\CCCCCCCC(=O)OC[C@H](CO[C@@H]1O[C@H](CO)[C@H](O)[C@@H](O)[C@H]1O)OC(=O)CCCCC/C=C\C/C=C\C/C=C\CC,0.622458994,-2.277703762,1.855526567
arm_MGDGW3DS1839Z12Z15Z1637Z10Z13Z1,Glycerolipid metabolism,Q2HZ21_wild,C1C=CN(C=C1C(=O)N)[C@H]2[C@@H]([C@@H]([C@H](O2)COP(=O)(O)OP(=O)(O)OC[C@@H]3[C@H]([C@H]([C@@H](O3)N4C=NC5=C(N=CN=C54)N)OP(=O)(O)O)O)O)O,0.771763265,-2.15124774,2.11893177
arm_MGDGW3DS1839Z12Z15Z1637Z10Z13Z1,Glycerolipid metabolism,Q2HZ21_wild,O=O,0.768349051,-1.936388612,1.85402751
arm_MGDGW3DS1839Z12Z15Z1637Z10Z13Z1,Glycerolipid metabolism,Q2HZ22_wild,CCCCC/C=C\C/C=C\CCCCCCCC(=O)OC[C@H](CO[C@@H]1O[C@H](CO)[C@H](O)[C@@H](O)[C@H]1O)OC(=O)CCCCC/C=C\C/C=C\C/C=C\CC,0.480313689,-2.339422703,1.81892848
arm_MGDGW3DS1839Z12Z15Z1637Z10Z13Z1,Glycerolipid metabolism,Q2HZ22_wild,C1C=CN(C=C1C(=O)N)[C@H]2[C@@H]([C@@H]([C@H](O2)COP(=O)(O)OP(=O)(O)OC[C@@H]3[C@H]([C@H]([C@@H](O3)N4C=NC5=C(N=CN=C54)N)OP(=O)(O)O)O)O)O,0.464075714,-2.342596769,2.03883338
arm_MGDGW3DS1839Z12Z15Z1637Z10Z13Z1,Glycerolipid metabolism,Q2HZ22_wild,O=O,0.537731409,-1.965953469,1.65201354
arm_MGDGW3DS1839Z12Z15Z1637Z10Z13Z1,Glycerolipid metabolism,Q2HZ23_wild,CCCCC/C=C\C/C=C\CCCCCCCC(=O)OC[C@H](CO[C@@H]1O[C@H](CO)[C@H](O)[C@@H](O)[C@H]1O)OC(=O)CCCCC/C=C\C/C=C\C/C=C\CC,0.975002289,-2.281610489,1.898148894
arm_MGDGW3DS1839Z12Z15Z1637Z10Z13Z1,Glycerolipid metabolism,Q2HZ23_wild,C1C=CN(C=C1C(=O)N)[C@H]2[C@@H]([C@@H]([C@H](O2)COP(=O)(O)OP(=O)(O)OC[C@@H]3[C@H]([C@H]([C@@H](O3)N4C=NC5=C(N=CN=C54)N)OP(=O)(O)O)O)O)O,1.018737197,-2.293547392,2.223756313
arm_MGDGW3DS1839Z12Z15Z1637Z10Z13Z1,Glycerolipid metabolism,Q2HZ23_wild,O=O,0.975109458,-1.921997309,1.850872755
arm_MGDGW3DS1839Z12Z15Z1637Z10Z13Z1,Glycerolipid metabolism,Q2HZ24_wild,CCCCC/C=C\C/C=C\CCCCCCCC(=O)OC[C@H](CO[C@@H]1O[C@H](CO)[C@H](O)[C@@H](O)[C@H]1O)OC(=O)CCCCC/C=C\C/C=C\C/C=C\CC,1.365078568,-2.349009991,2.193384886
arm_MGDGW3DS1839Z12Z15Z1637Z10Z13Z1,Glycerolipid metabolism,Q2HZ24_wild,C1C=CN(C=C1C(=O)N)[C@H]2[C@@H]([C@@H]([C@H](O2)COP(=O)(O)OP(=O)(O)OC[C@@H]3[C@H]([C@H]([C@@H](O3)N4C=NC5=C(N=CN=C54)N)OP(=O)(O)O)O)O)O,1.526150465,-2.361738205,2.588181257
arm_MGDGW3DS1839Z12Z15Z1637Z10Z13Z1,Glycerolipid metabolism,Q2HZ24_wild,O=O,1.439333439,-2.030860424,2.160542011
arm_MGDGW3DS1839Z12Z15Z1637Z10Z13Z2,Glycerolipid metabolism,A0A2K3CTD8_wild,CC/C=C\C/C=C\C/C=C\CCCCCCCC(=O)OC[C@H](CO[C@@H]1O[C@H](CO)[C@H](O)[C@@H](O)[C@H]1O)OC(=O)CCCCC/C=C\C/C=C\CCCCC,1.071252108,-2.222762585,2.050223351
arm_MGDGW3DS1839Z12Z15Z1637Z10Z13Z2,Glycerolipid metabolism,A0A2K3CTD8_wild,C1C=CN(C=C1C(=O)N)[C@H]2[C@@H]([C@@H]([C@H](O2)COP(=O)(O)OP(=O)(O)OC[C@@H]3[C@H]([C@H]([C@@H](O3)N4C=NC5=C(N=CN=C54)N)OP(=O)(O)O)O)O)O,1.064813375,-2.432117462,2.418567181
arm_MGDGW3DS1839Z12Z15Z1637Z10Z13Z2,Glycerolipid metabolism,A0A2K3CTD8_wild,O=O,1.058802485,-2.072975636,2.015945673
arm_MGDGW3DS1839Z12Z15Z1637Z10Z13Z2,Glycerolipid metabolism,A8HMC4_wild,CC/C=C\C/C=C\C/C=C\CCCCCCCC(=O)OC[C@H](CO[C@@H]1O[C@H](CO)[C@H](O)[C@@H](O)[C@H]1O)OC(=O)CCCCC/C=C\C/C=C\CCCCC,0.607322574,-1.753543139,1.930379868
arm_MGDGW3DS1839Z12Z15Z1637Z10Z13Z2,Glycerolipid metabolism,A8HMC4_wild,C1C=CN(C=C1C(=O)N)[C@H]2[C@@H]([C@@H]([C@H](O2)COP(=O)(O)OP(=O)(O)OC[C@@H]3[C@H]([C@H]([C@@H](O3)N4C=NC5=C(N=CN=C54)N)OP(=O)(O)O)O)O)O,0.595166087,-1.981671333,2.276490688
arm_MGDGW3DS1839Z12Z15Z1637Z10Z13Z2,Glycerolipid metabolism,A8HMC4_wild,O=O,0.709893405,-2.109255075,2.064291716
arm_MGDGW3DS1839Z12Z15Z1637Z10Z13Z2,Glycerolipid metabolism,Q2HZ21_wild,CC/C=C\C/C=C\C/C=C\CCCCCCCC(=O)OC[C@H](CO[C@@H]1O[C@H](CO)[C@H](O)[C@@H](O)[C@H]1O)OC(=O)CCCCC/C=C\C/C=C\CCCCC,0.670060277,-2.10011816,1.806713104
arm_MGDGW3DS1839Z12Z15Z1637Z10Z13Z2,Glycerolipid metabolism,Q2HZ21_wild,C1C=CN(C=C1C(=O)N)[C@H]2[C@@H]([C@@H]([C@H](O2)COP(=O)(O)OP(=O)(O)OC[C@@H]3[C@H]([C@H]([C@@H](O3)N4C=NC5=C(N=CN=C54)N)OP(=O)(O)O)O)O)O,0.771763265,-2.15124774,2.11893177
arm_MGDGW3DS1839Z12Z15Z1637Z10Z13Z2,Glycerolipid metabolism,Q2HZ21_wild,O=O,0.768349051,-1.936388612,1.85402751
arm_MGDGW3DS1839Z12Z15Z1637Z10Z13Z2,Glycerolipid metabolism,Q2HZ22_wild,CC/C=C\C/C=C\C/C=C\CCCCCCCC(=O)OC[C@H](CO[C@@H]1O[C@H](CO)[C@H](O)[C@@H](O)[C@H]1O)OC(=O)CCCCC/C=C\C/C=C\CCCCC,0.520098984,-2.173018456,1.771196365
arm_MGDGW3DS1839Z12Z15Z1637Z10Z13Z2,Glycerolipid metabolism,Q2HZ22_wild,C1C=CN(C=C1C(=O)N)[C@H]2[C@@H]([C@@H]([C@H](O2)COP(=O)(O)OP(=O)(O)OC[C@@H]3[C@H]([C@H]([C@@H](O3)N4C=NC5=C(N=CN=C54)N)OP(=O)(O)O)O)O)O,0.464075714,-2.342596769,2.03883338
arm_MGDGW3DS1839Z12Z15Z1637Z10Z13Z2,Glycerolipid metabolism,Q2HZ22_wild,O=O,0.537731409,-1.965953469,1.65201354
arm_MGDGW3DS1839Z12Z15Z1637Z10Z13Z2,Glycerolipid metabolism,Q2HZ23_wild,CC/C=C\C/C=C\C/C=C\CCCCCCCC(=O)OC[C@H](CO[C@@H]1O[C@H](CO)[C@H](O)[C@@H](O)[C@H]1O)OC(=O)CCCCC/C=C\C/C=C\CCCCC,1.008777618,-2.114162445,1.846374154
arm_MGDGW3DS1839Z12Z15Z1637Z10Z13Z2,Glycerolipid metabolism,Q2HZ23_wild,C1C=CN(C=C1C(=O)N)[C@H]2[C@@H]([C@@H]([C@H](O2)COP(=O)(O)OP(=O)(O)OC[C@@H]3[C@H]([C@H]([C@@H](O3)N4C=NC5=C(N=CN=C54)N)OP(=O)(O)O)O)O)O,1.018737197,-2.293547392,2.223756313
arm_MGDGW3DS1839Z12Z15Z1637Z10Z13Z2,Glycerolipid metabolism,Q2HZ23_wild,O=O,0.975109458,-1.921997309,1.850872755
arm_MGDGW3DS1839Z12Z15Z1637Z10Z13Z2,Glycerolipid metabolism,Q2HZ24_wild,CC/C=C\C/C=C\C/C=C\CCCCCCCC(=O)OC[C@H](CO[C@@H]1O[C@H](CO)[C@H](O)[C@@H](O)[C@H]1O)OC(=O)CCCCC/C=C\C/C=C\CCCCC,1.413639307,-2.173324347,2.149294615
arm_MGDGW3DS1839Z12Z15Z1637Z10Z13Z2,Glycerolipid metabolism,Q2HZ24_wild,C1C=CN(C=C1C(=O)N)[C@H]2[C@@H]([C@@H]([C@H](O2)COP(=O)(O)OP(=O)(O)OC[C@@H]3[C@H]([C@H]([C@@H](O3)N4C=NC5=C(N=CN=C54)N)OP(=O)(O)O)O)O)O,1.526150465,-2.361738205,2.588181257
arm_MGDGW3DS1839Z12Z15Z1637Z10Z13Z2,Glycerolipid metabolism,Q2HZ24_wild,O=O,1.439333439,-2.030860424,2.160542011
arm_MGDGW3DS1839Z12Z15Z1644Z7Z10Z13Z1,Glycerolipid metabolism,A0A2K3CTD8_wild,CCCCC/C=C\C/C=C\CCCCCCCC(=O)OC[C@H](CO[C@@H]1O[C@H](CO)[C@H](O)[C@@H](O)[C@H]1O)OC(=O)CC/C=C\C/C=C\C/C=C\C/C=C\CC,0.978026271,-2.603428364,2.223810673
arm_MGDGW3DS1839Z12Z15Z1644Z7Z10Z13Z1,Glycerolipid metabolism,A0A2K3CTD8_wild,C1C=CN(C=C1C(=O)N)[C@H]2[C@@H]([C@@H]([C@H](O2)COP(=O)(O)OP(=O)(O)OC[C@@H]3[C@H]([C@H]([C@@H](O3)N4C=NC5=C(N=CN=C54)N)OP(=O)(O)O)O)O)O,1.064813375,-2.432117462,2.418567181
arm_MGDGW3DS1839Z12Z15Z1644Z7Z10Z13Z1,Glycerolipid metabolism,A0A2K3CTD8_wild,O=O,1.058802485,-2.072975636,2.015945673
arm_MGDGW3DS1839Z12Z15Z1644Z7Z10Z13Z1,Glycerolipid metabolism,A8HMC4_wild,CCCCC/C=C\C/C=C\CCCCCCCC(=O)OC[C@H](CO[C@@H]1O[C@H](CO)[C@H](O)[C@@H](O)[C@H]1O)OC(=O)CC/C=C\C/C=C\C/C=C\C/C=C\CC,0.4736844,-2.126663685,2.107873678
arm_MGDGW3DS1839Z12Z15Z1644Z7Z10Z13Z1,Glycerolipid metabolism,A8HMC4_wild,C1C=CN(C=C1C(=O)N)[C@H]2[C@@H]([C@@H]([C@H](O2)COP(=O)(O)OP(=O)(O)OC[C@@H]3[C@H]([C@H]([C@@H](O3)N4C=NC5=C(N=CN=C54)N)OP(=O)(O)O)O)O)O,0.595166087,-1.981671333,2.276490688
arm_MGDGW3DS1839Z12Z15Z1644Z7Z10Z13Z1,Glycerolipid metabolism,A8HMC4_wild,O=O,0.709893405,-2.109255075,2.064291716
arm_MGDGW3DS1839Z12Z15Z1644Z7Z10Z13Z1,Glycerolipid metabolism,Q2HZ21_wild,CCCCC/C=C\C/C=C\CCCCCCCC(=O)OC[C@H](CO[C@@H]1O[C@H](CO)[C@H](O)[C@@H](O)[C@H]1O)OC(=O)CC/C=C\C/C=C\C/C=C\C/C=C\CC,0.564930737,-2.501042604,1.954909563
arm_MGDGW3DS1839Z12Z15Z1644Z7Z10Z13Z1,Glycerolipid metabolism,Q2HZ21_wild,C1C=CN(C=C1C(=O)N)[C@H]2[C@@H]([C@@H]([C@H](O2)COP(=O)(O)OP(=O)(O)OC[C@@H]3[C@H]([C@H]([C@@H](O3)N4C=NC5=C(N=CN=C54)N)OP(=O)(O)O)O)O)O,0.771763265,-2.15124774,2.11893177
arm_MGDGW3DS1839Z12Z15Z1644Z7Z10Z13Z1,Glycerolipid metabolism,Q2HZ21_wild,O=O,0.768349051,-1.936388612,1.85402751
arm_MGDGW3DS1839Z12Z15Z1644Z7Z10Z13Z1,Glycerolipid metabolism,Q2HZ22_wild,CCCCC/C=C\C/C=C\CCCCCCCC(=O)OC[C@H](CO[C@@H]1O[C@H](CO)[C@H](O)[C@@H](O)[C@H]1O)OC(=O)CC/C=C\C/C=C\C/C=C\C/C=C\CC,0.425111949,-2.540494442,1.935158014
arm_MGDGW3DS1839Z12Z15Z1644Z7Z10Z13Z1,Glycerolipid metabolism,Q2HZ22_wild,C1C=CN(C=C1C(=O)N)[C@H]2[C@@H]([C@@H]([C@H](O2)COP(=O)(O)OP(=O)(O)OC[C@@H]3[C@H]([C@H]([C@@H](O3)N4C=NC5=C(N=CN=C54)N)OP(=O)(O)O)O)O)O,0.464075714,-2.342596769,2.03883338
arm_MGDGW3DS1839Z12Z15Z1644Z7Z10Z13Z1,Glycerolipid metabolism,Q2HZ22_wild,O=O,0.537731409,-1.965953469,1.65201354
arm_MGDGW3DS1839Z12Z15Z1644Z7Z10Z13Z1,Glycerolipid metabolism,Q2HZ23_wild,CCCCC/C=C\C/C=C\CCCCCCCC(=O)OC[C@H](CO[C@@H]1O[C@H](CO)[C@H](O)[C@@H](O)[C@H]1O)OC(=O)CC/C=C\C/C=C\C/C=C\C/C=C\CC,0.911906242,-2.487363577,2.018108845
arm_MGDGW3DS1839Z12Z15Z1644Z7Z10Z13Z1,Glycerolipid metabolism,Q2HZ23_wild,C1C=CN(C=C1C(=O)N)[C@H]2[C@@H]([C@@H]([C@H](O2)COP(=O)(O)OP(=O)(O)OC[C@@H]3[C@H]([C@H]([C@@H](O3)N4C=NC5=C(N=CN=C54)N)OP(=O)(O)O)O)O)O,1.018737197,-2.293547392,2.223756313
arm_MGDGW3DS1839Z12Z15Z1644Z7Z10Z13Z1,Glycerolipid metabolism,Q2HZ23_wild,O=O,0.975109458,-1.921997309,1.850872755
arm_MGDGW3DS1839Z12Z15Z1644Z7Z10Z13Z1,Glycerolipid metabolism,Q2HZ24_wild,CCCCC/C=C\C/C=C\CCCCCCCC(=O)OC[C@H](CO[C@@H]1O[C@H](CO)[C@H](O)[C@@H](O)[C@H]1O)OC(=O)CC/C=C\C/C=C\C/C=C\C/C=C\CC,1.291303873,-2.564352512,2.303723097
arm_MGDGW3DS1839Z12Z15Z1644Z7Z10Z13Z1,Glycerolipid metabolism,Q2HZ24_wild,C1C=CN(C=C1C(=O)N)[C@H]2[C@@H]([C@@H]([C@H](O2)COP(=O)(O)OP(=O)(O)OC[C@@H]3[C@H]([C@H]([C@@H](O3)N4C=NC5=C(N=CN=C54)N)OP(=O)(O)O)O)O)O,1.526150465,-2.361738205,2.588181257
arm_MGDGW3DS1839Z12Z15Z1644Z7Z10Z13Z1,Glycerolipid metabolism,Q2HZ24_wild,O=O,1.439333439,-2.030860424,2.160542011
arm_MGDGW3DS1839Z12Z15Z1644Z7Z10Z13Z2,Glycerolipid metabolism,A0A2K3CTD8_wild,CC/C=C\C/C=C\C/C=C\CCCCCCCC(=O)OC[C@H](CO[C@@H]1O[C@H](CO)[C@H](O)[C@@H](O)[C@H]1O)OC(=O)CCCCC/C=C\C/C=C\C/C=C\CC,1.082821012,-2.27607131,2.06790185
arm_MGDGW3DS1839Z12Z15Z1644Z7Z10Z13Z2,Glycerolipid metabolism,A0A2K3CTD8_wild,C1C=CN(C=C1C(=O)N)[C@H]2[C@@H]([C@@H]([C@H](O2)COP(=O)(O)OP(=O)(O)OC[C@@H]3[C@H]([C@H]([C@@H](O3)N4C=NC5=C(N=CN=C54)N)OP(=O)(O)O)O)O)O,1.064813375,-2.432117462,2.418567181
arm_MGDGW3DS1839Z12Z15Z1644Z7Z10Z13Z2,Glycerolipid metabolism,A0A2K3CTD8_wild,O=O,1.058802485,-2.072975636,2.015945673
arm_MGDGW3DS1839Z12Z15Z1644Z7Z10Z13Z2,Glycerolipid metabolism,A8HMC4_wild,CC/C=C\C/C=C\C/C=C\CCCCCCCC(=O)OC[C@H](CO[C@@H]1O[C@H](CO)[C@H](O)[C@@H](O)[C@H]1O)OC(=O)CCCCC/C=C\C/C=C\C/C=C\CC,0.629131734,-1.80604744,1.997721314
arm_MGDGW3DS1839Z12Z15Z1644Z7Z10Z13Z2,Glycerolipid metabolism,A8HMC4_wild,C1C=CN(C=C1C(=O)N)[C@H]2[C@@H]([C@@H]([C@H](O2)COP(=O)(O)OP(=O)(O)OC[C@@H]3[C@H]([C@H]([C@@H](O3)N4C=NC5=C(N=CN=C54)N)OP(=O)(O)O)O)O)O,0.595166087,-1.981671333,2.276490688
arm_MGDGW3DS1839Z12Z15Z1644Z7Z10Z13Z2,Glycerolipid metabolism,A8HMC4_wild,O=O,0.709893405,-2.109255075,2.064291716
arm_MGDGW3DS1839Z12Z15Z1644Z7Z10Z13Z2,Glycerolipid metabolism,Q2HZ21_wild,CC/C=C\C/C=C\C/C=C\CCCCCCCC(=O)OC[C@H](CO[C@@H]1O[C@H](CO)[C@H](O)[C@@H](O)[C@H]1O)OC(=O)CCCCC/C=C\C/C=C\C/C=C\CC,0.699488521,-2.164025784,1.852814436
arm_MGDGW3DS1839Z12Z15Z1644Z7Z10Z13Z2,Glycerolipid metabolism,Q2HZ21_wild,C1C=CN(C=C1C(=O)N)[C@H]2[C@@H]([C@@H]([C@H](O2)COP(=O)(O)OP(=O)(O)OC[C@@H]3[C@H]([C@H]([C@@H](O3)N4C=NC5=C(N=CN=C54)N)OP(=O)(O)O)O)O)O,0.771763265,-2.15124774,2.11893177
arm_MGDGW3DS1839Z12Z15Z1644Z7Z10Z13Z2,Glycerolipid metabolism,Q2HZ21_wild,O=O,0.768349051,-1.936388612,1.85402751
arm_MGDGW3DS1839Z12Z15Z1644Z7Z10Z13Z2,Glycerolipid metabolism,Q2HZ22_wild,CC/C=C\C/C=C\C/C=C\CCCCCCCC(=O)OC[C@H](CO[C@@H]1O[C@H](CO)[C@H](O)[C@@H](O)[C@H]1O)OC(=O)CCCCC/C=C\C/C=C\C/C=C\CC,0.538641095,-2.21500206,1.790076494
arm_MGDGW3DS1839Z12Z15Z1644Z7Z10Z13Z2,Glycerolipid metabolism,Q2HZ22_wild,C1C=CN(C=C1C(=O)N)[C@H]2[C@@H]([C@@H]([C@H](O2)COP(=O)(O)OP(=O)(O)OC[C@@H]3[C@H]([C@H]([C@@H](O3)N4C=NC5=C(N=CN=C54)N)OP(=O)(O)O)O)O)O,0.464075714,-2.342596769,2.03883338
arm_MGDGW3DS1839Z12Z15Z1644Z7Z10Z13Z2,Glycerolipid metabolism,Q2HZ22_wild,O=O,0.537731409,-1.965953469,1.65201354
arm_MGDGW3DS1839Z12Z15Z1644Z7Z10Z13Z2,Glycerolipid metabolism,Q2HZ23_wild,CC/C=C\C/C=C\C/C=C\CCCCCCCC(=O)OC[C@H](CO[C@@H]1O[C@H](CO)[C@H](O)[C@@H](O)[C@H]1O)OC(=O)CCCCC/C=C\C/C=C\C/C=C\CC,1.019777536,-2.15525341,1.859378099
arm_MGDGW3DS1839Z12Z15Z1644Z7Z10Z13Z2,Glycerolipid metabolism,Q2HZ23_wild,C1C=CN(C=C1C(=O)N)[C@H]2[C@@H]([C@@H]([C@H](O2)COP(=O)(O)OP(=O)(O)OC[C@@H]3[C@H]([C@H]([C@@H](O3)N4C=NC5=C(N=CN=C54)N)OP(=O)(O)O)O)O)O,1.018737197,-2.293547392,2.223756313
arm_MGDGW3DS1839Z12Z15Z1644Z7Z10Z13Z2,Glycerolipid metabolism,Q2HZ23_wild,O=O,0.975109458,-1.921997309,1.850872755
arm_MGDGW3DS1839Z12Z15Z1644Z7Z10Z13Z2,Glycerolipid metabolism,Q2HZ24_wild,CC/C=C\C/C=C\C/C=C\CCCCCCCC(=O)OC[C@H](CO[C@@H]1O[C@H](CO)[C@H](O)[C@@H](O)[C@H]1O)OC(=O)CCCCC/C=C\C/C=C\C/C=C\CC,1.401902556,-2.223446846,2.161503792
arm_MGDGW3DS1839Z12Z15Z1644Z7Z10Z13Z2,Glycerolipid metabolism,Q2HZ24_wild,C1C=CN(C=C1C(=O)N)[C@H]2[C@@H]([C@@H]([C@H](O2)COP(=O)(O)OP(=O)(O)OC[C@@H]3[C@H]([C@H]([C@@H](O3)N4C=NC5=C(N=CN=C54)N)OP(=O)(O)O)O)O)O,1.526150465,-2.361738205,2.588181257
arm_MGDGW3DS1839Z12Z15Z1644Z7Z10Z13Z2,Glycerolipid metabolism,Q2HZ24_wild,O=O,1.439333439,-2.030860424,2.160542011
arm_MGDGW6DS1819Z1627Z10Z,Glycerolipid metabolism,A0A2K3CTD8_wild,CCCCCCCC/C=C\CCCCCCCC(=O)OC[C@H](CO[C@@H]1O[C@H](CO)[C@H](O)[C@@H](O)[C@H]1O)OC(=O)CCCCC/C=C\CCCCCCCC,1.087578773,-2.392525196,2.131092787
arm_MGDGW6DS1819Z1627Z10Z,Glycerolipid metabolism,A0A2K3CTD8_wild,C1C=CN(C=C1C(=O)N)[C@H]2[C@@H]([C@@H]([C@H](O2)COP(=O)(O)OP(=O)(O)OC[C@@H]3[C@H]([C@H]([C@@H](O3)N4C=NC5=C(N=CN=C54)N)OP(=O)(O)O)O)O)O,1.064813375,-2.432117462,2.418567181
arm_MGDGW6DS1819Z1627Z10Z,Glycerolipid metabolism,A0A2K3CTD8_wild,O=O,1.058802485,-2.072975636,2.015945673
arm_MGDGW6DS1819Z1627Z10Z,Glycerolipid metabolism,O48663_wild,CCCCCCCC/C=C\CCCCCCCC(=O)OC[C@H](CO[C@@H]1O[C@H](CO)[C@H](O)[C@@H](O)[C@H]1O)OC(=O)CCCCC/C=C\CCCCCCCC,0.272479862,-1.993093252,1.784064054
arm_MGDGW6DS1819Z1627Z10Z,Glycerolipid metabolism,O48663_wild,C1C=CN(C=C1C(=O)N)[C@H]2[C@@H]([C@@H]([C@H](O2)COP(=O)(O)OP(=O)(O)OC[C@@H]3[C@H]([C@H]([C@@H](O3)N4C=NC5=C(N=CN=C54)N)OP(=O)(O)O)O)O)O,0.277104169,-1.961031318,1.949942946
arm_MGDGW6DS1819Z1627Z10Z,Glycerolipid metabolism,O48663_wild,O=O,0.447934449,-2.184913874,1.77226758
arm_MGDGW6DS1819Z1627Z10Z,Glycerolipid metabolism,Q2HZ21_wild,CCCCCCCC/C=C\CCCCCCCC(=O)OC[C@H](CO[C@@H]1O[C@H](CO)[C@H](O)[C@@H](O)[C@H]1O)OC(=O)CCCCC/C=C\CCCCCCCC,0.740469337,-2.231091738,1.905478716
arm_MGDGW6DS1819Z1627Z10Z,Glycerolipid metabolism,Q2HZ21_wild,C1C=CN(C=C1C(=O)N)[C@H]2[C@@H]([C@@H]([C@H](O2)COP(=O)(O)OP(=O)(O)OC[C@@H]3[C@H]([C@H]([C@@H](O3)N4C=NC5=C(N=CN=C54)N)OP(=O)(O)O)O)O)O,0.771763265,-2.15124774,2.11893177
arm_MGDGW6DS1819Z1627Z10Z,Glycerolipid metabolism,Q2HZ21_wild,O=O,0.768349051,-1.936388612,1.85402751
arm_MGDGW6DS1819Z1627Z10Z,Glycerolipid metabolism,Q2HZ22_wild,CCCCCCCC/C=C\CCCCCCCC(=O)OC[C@H](CO[C@@H]1O[C@H](CO)[C@H](O)[C@@H](O)[C@H]1O)OC(=O)CCCCC/C=C\CCCCCCCC,0.558856785,-2.333323479,1.856279969
arm_MGDGW6DS1819Z1627Z10Z,Glycerolipid metabolism,Q2HZ22_wild,C1C=CN(C=C1C(=O)N)[C@H]2[C@@H]([C@@H]([C@H](O2)COP(=O)(O)OP(=O)(O)OC[C@@H]3[C@H]([C@H]([C@@H](O3)N4C=NC5=C(N=CN=C54)N)OP(=O)(O)O)O)O)O,0.464075714,-2.342596769,2.03883338
arm_MGDGW6DS1819Z1627Z10Z,Glycerolipid metabolism,Q2HZ22_wild,O=O,0.537731409,-1.965953469,1.65201354
arm_MGDGW6DS1819Z1627Z10Z,Glycerolipid metabolism,Q2HZ23_wild,CCCCCCCC/C=C\CCCCCCCC(=O)OC[C@H](CO[C@@H]1O[C@H](CO)[C@H](O)[C@@H](O)[C@H]1O)OC(=O)CCCCC/C=C\CCCCCCCC,1.057951689,-2.283707142,1.949708343
arm_MGDGW6DS1819Z1627Z10Z,Glycerolipid metabolism,Q2HZ23_wild,C1C=CN(C=C1C(=O)N)[C@H]2[C@@H]([C@@H]([C@H](O2)COP(=O)(O)OP(=O)(O)OC[C@@H]3[C@H]([C@H]([C@@H](O3)N4C=NC5=C(N=CN=C54)N)OP(=O)(O)O)O)O)O,1.018737197,-2.293547392,2.223756313
arm_MGDGW6DS1819Z1627Z10Z,Glycerolipid metabolism,Q2HZ23_wild,O=O,0.975109458,-1.921997309,1.850872755
arm_MGDGW6DS1819Z1627Z10Z,Glycerolipid metabolism,Q2HZ24_wild,CCCCCCCC/C=C\CCCCCCCC(=O)OC[C@H](CO[C@@H]1O[C@H](CO)[C@H](O)[C@@H](O)[C@H]1O)OC(=O)CCCCC/C=C\CCCCCCCC,1.471662164,-2.331497908,2.255764484
arm_MGDGW6DS1819Z1627Z10Z,Glycerolipid metabolism,Q2HZ24_wild,C1C=CN(C=C1C(=O)N)[C@H]2[C@@H]([C@@H]([C@H](O2)COP(=O)(O)OP(=O)(O)OC[C@@H]3[C@H]([C@H]([C@@H](O3)N4C=NC5=C(N=CN=C54)N)OP(=O)(O)O)O)O)O,1.526150465,-2.361738205,2.588181257
arm_MGDGW6DS1819Z1627Z10Z,Glycerolipid metabolism,Q2HZ24_wild,O=O,1.439333439,-2.030860424,2.160542011
arm_MGDGW6DS1829Z12Z160,Glycerolipid metabolism,A0A2K3CTD8_wild,CCCCCCCC/C=C\CCCCCCCC(=O)OC[C@H](CO[C@@H]1O[C@H](CO)[C@H](O)[C@@H](O)[C@H]1O)OC(=O)CCCCCCCCCCCCCCC,1.029007316,-2.369803667,2.058439732
arm_MGDGW6DS1829Z12Z160,Glycerolipid metabolism,A0A2K3CTD8_wild,C1C=CN(C=C1C(=O)N)[C@H]2[C@@H]([C@@H]([C@H](O2)COP(=O)(O)OP(=O)(O)OC[C@@H]3[C@H]([C@H]([C@@H](O3)N4C=NC5=C(N=CN=C54)N)OP(=O)(O)O)O)O)O,1.064813375,-2.432117462,2.418567181
arm_MGDGW6DS1829Z12Z160,Glycerolipid metabolism,A0A2K3CTD8_wild,O=O,1.058802485,-2.072975636,2.015945673
arm_MGDGW6DS1829Z12Z160,Glycerolipid metabolism,O48663_wild,CCCCCCCC/C=C\CCCCCCCC(=O)OC[C@H](CO[C@@H]1O[C@H](CO)[C@H](O)[C@@H](O)[C@H]1O)OC(=O)CCCCCCCCCCCCCCC,0.233044222,-1.941478729,1.71042943
arm_MGDGW6DS1829Z12Z160,Glycerolipid metabolism,O48663_wild,C1C=CN(C=C1C(=O)N)[C@H]2[C@@H]([C@@H]([C@H](O2)COP(=O)(O)OP(=O)(O)OC[C@@H]3[C@H]([C@H]([C@@H](O3)N4C=NC5=C(N=CN=C54)N)OP(=O)(O)O)O)O)O,0.277104169,-1.961031318,1.949942946
arm_MGDGW6DS1829Z12Z160,Glycerolipid metabolism,O48663_wild,O=O,0.447934449,-2.184913874,1.77226758
arm_MGDGW6DS1829Z12Z160,Glycerolipid metabolism,Q2HZ21_wild,CCCCCCCC/C=C\CCCCCCCC(=O)OC[C@H](CO[C@@H]1O[C@H](CO)[C@H](O)[C@@H](O)[C@H]1O)OC(=O)CCCCCCCCCCCCCCC,0.687776208,-2.167280674,1.832318068
arm_MGDGW6DS1829Z12Z160,Glycerolipid metabolism,Q2HZ21_wild,C1C=CN(C=C1C(=O)N)[C@H]2[C@@H]([C@@H]([C@H](O2)COP(=O)(O)OP(=O)(O)OC[C@@H]3[C@H]([C@H]([C@@H](O3)N4C=NC5=C(N=CN=C54)N)OP(=O)(O)O)O)O)O,0.771763265,-2.15124774,2.11893177
arm_MGDGW6DS1829Z12Z160,Glycerolipid metabolism,Q2HZ21_wild,O=O,0.768349051,-1.936388612,1.85402751
arm_MGDGW6DS1829Z12Z160,Glycerolipid metabolism,Q2HZ22_wild,CCCCCCCC/C=C\CCCCCCCC(=O)OC[C@H](CO[C@@H]1O[C@H](CO)[C@H](O)[C@@H](O)[C@H]1O)OC(=O)CCCCCCCCCCCCCCC,0.495979965,-2.302932501,1.777029991
arm_MGDGW6DS1829Z12Z160,Glycerolipid metabolism,Q2HZ22_wild,C1C=CN(C=C1C(=O)N)[C@H]2[C@@H]([C@@H]([C@H](O2)COP(=O)(O)OP(=O)(O)OC[C@@H]3[C@H]([C@H]([C@@H](O3)N4C=NC5=C(N=CN=C54)N)OP(=O)(O)O)O)O)O,0.464075714,-2.342596769,2.03883338
arm_MGDGW6DS1829Z12Z160,Glycerolipid metabolism,Q2HZ22_wild,O=O,0.537731409,-1.965953469,1.65201354
arm_MGDGW6DS1829Z12Z160,Glycerolipid metabolism,Q2HZ23_wild,CCCCCCCC/C=C\CCCCCCCC(=O)OC[C@H](CO[C@@H]1O[C@H](CO)[C@H](O)[C@@H](O)[C@H]1O)OC(=O)CCCCCCCCCCCCCCC,0.976031959,-2.251187325,1.880244613
arm_MGDGW6DS1829Z12Z160,Glycerolipid metabolism,Q2HZ23_wild,C1C=CN(C=C1C(=O)N)[C@H]2[C@@H]([C@@H]([C@H](O2)COP(=O)(O)OP(=O)(O)OC[C@@H]3[C@H]([C@H]([C@@H](O3)N4C=NC5=C(N=CN=C54)N)OP(=O)(O)O)O)O)O,1.018737197,-2.293547392,2.223756313
arm_MGDGW6DS1829Z12Z160,Glycerolipid metabolism,Q2HZ23_wild,O=O,0.975109458,-1.921997309,1.850872755
arm_MGDGW6DS1829Z12Z160,Glycerolipid metabolism,Q2HZ24_wild,CCCCCCCC/C=C\CCCCCCCC(=O)OC[C@H](CO[C@@H]1O[C@H](CO)[C@H](O)[C@@H](O)[C@H]1O)OC(=O)CCCCCCCCCCCCCCC,1.409675837,-2.282044888,2.188306093
arm_MGDGW6DS1829Z12Z160,Glycerolipid metabolism,Q2HZ24_wild,C1C=CN(C=C1C(=O)N)[C@H]2[C@@H]([C@@H]([C@H](O2)COP(=O)(O)OP(=O)(O)OC[C@@H]3[C@H]([C@H]([C@@H](O3)N4C=NC5=C(N=CN=C54)N)OP(=O)(O)O)O)O)O,1.526150465,-2.361738205,2.588181257
arm_MGDGW6DS1829Z12Z160,Glycerolipid metabolism,Q2HZ24_wild,O=O,1.439333439,-2.030860424,2.160542011
arm_MGDGW6DS1829Z12Z1617Z,Glycerolipid metabolism,A0A2K3CTD8_wild,CCCCCCCC/C=C\CCCCCCCC(=O)OC[C@H](CO[C@@H]1O[C@H](CO)[C@H](O)[C@@H](O)[C@H]1O)OC(=O)CCCCC/C=C\CCCCCCCC,1.087578773,-2.392525196,2.131092787
arm_MGDGW6DS1829Z12Z1617Z,Glycerolipid metabolism,A0A2K3CTD8_wild,C1C=CN(C=C1C(=O)N)[C@H]2[C@@H]([C@@H]([C@H](O2)COP(=O)(O)OP(=O)(O)OC[C@@H]3[C@H]([C@H]([C@@H](O3)N4C=NC5=C(N=CN=C54)N)OP(=O)(O)O)O)O)O,1.064813375,-2.432117462,2.418567181
arm_MGDGW6DS1829Z12Z1617Z,Glycerolipid metabolism,A0A2K3CTD8_wild,O=O,1.058802485,-2.072975636,2.015945673
arm_MGDGW6DS1829Z12Z1617Z,Glycerolipid metabolism,O48663_wild,CCCCCCCC/C=C\CCCCCCCC(=O)OC[C@H](CO[C@@H]1O[C@H](CO)[C@H](O)[C@@H](O)[C@H]1O)OC(=O)CCCCC/C=C\CCCCCCCC,0.272479862,-1.993093252,1.784064054
arm_MGDGW6DS1829Z12Z1617Z,Glycerolipid metabolism,O48663_wild,C1C=CN(C=C1C(=O)N)[C@H]2[C@@H]([C@@H]([C@H](O2)COP(=O)(O)OP(=O)(O)OC[C@@H]3[C@H]([C@H]([C@@H](O3)N4C=NC5=C(N=CN=C54)N)OP(=O)(O)O)O)O)O,0.277104169,-1.961031318,1.949942946
arm_MGDGW6DS1829Z12Z1617Z,Glycerolipid metabolism,O48663_wild,O=O,0.447934449,-2.184913874,1.77226758
arm_MGDGW6DS1829Z12Z1617Z,Glycerolipid metabolism,Q2HZ21_wild,CCCCCCCC/C=C\CCCCCCCC(=O)OC[C@H](CO[C@@H]1O[C@H](CO)[C@H](O)[C@@H](O)[C@H]1O)OC(=O)CCCCC/C=C\CCCCCCCC,0.740469337,-2.231091738,1.905478716
arm_MGDGW6DS1829Z12Z1617Z,Glycerolipid metabolism,Q2HZ21_wild,C1C=CN(C=C1C(=O)N)[C@H]2[C@@H]([C@@H]([C@H](O2)COP(=O)(O)OP(=O)(O)OC[C@@H]3[C@H]([C@H]([C@@H](O3)N4C=NC5=C(N=CN=C54)N)OP(=O)(O)O)O)O)O,0.771763265,-2.15124774,2.11893177
arm_MGDGW6DS1829Z12Z1617Z,Glycerolipid metabolism,Q2HZ21_wild,O=O,0.768349051,-1.936388612,1.85402751
arm_MGDGW6DS1829Z12Z1617Z,Glycerolipid metabolism,Q2HZ22_wild,CCCCCCCC/C=C\CCCCCCCC(=O)OC[C@H](CO[C@@H]1O[C@H](CO)[C@H](O)[C@@H](O)[C@H]1O)OC(=O)CCCCC/C=C\CCCCCCCC,0.558856785,-2.333323479,1.856279969
arm_MGDGW6DS1829Z12Z1617Z,Glycerolipid metabolism,Q2HZ22_wild,C1C=CN(C=C1C(=O)N)[C@H]2[C@@H]([C@@H]([C@H](O2)COP(=O)(O)OP(=O)(O)OC[C@@H]3[C@H]([C@H]([C@@H](O3)N4C=NC5=C(N=CN=C54)N)OP(=O)(O)O)O)O)O,0.464075714,-2.342596769,2.03883338
arm_MGDGW6DS1829Z12Z1617Z,Glycerolipid metabolism,Q2HZ22_wild,O=O,0.537731409,-1.965953469,1.65201354
arm_MGDGW6DS1829Z12Z1617Z,Glycerolipid metabolism,Q2HZ23_wild,CCCCCCCC/C=C\CCCCCCCC(=O)OC[C@H](CO[C@@H]1O[C@H](CO)[C@H](O)[C@@H](O)[C@H]1O)OC(=O)CCCCC/C=C\CCCCCCCC,1.057951689,-2.283707142,1.949708343
arm_MGDGW6DS1829Z12Z1617Z,Glycerolipid metabolism,Q2HZ23_wild,C1C=CN(C=C1C(=O)N)[C@H]2[C@@H]([C@@H]([C@H](O2)COP(=O)(O)OP(=O)(O)OC[C@@H]3[C@H]([C@H]([C@@H](O3)N4C=NC5=C(N=CN=C54)N)OP(=O)(O)O)O)O)O,1.018737197,-2.293547392,2.223756313
arm_MGDGW6DS1829Z12Z1617Z,Glycerolipid metabolism,Q2HZ23_wild,O=O,0.975109458,-1.921997309,1.850872755
arm_MGDGW6DS1829Z12Z1617Z,Glycerolipid metabolism,Q2HZ24_wild,CCCCCCCC/C=C\CCCCCCCC(=O)OC[C@H](CO[C@@H]1O[C@H](CO)[C@H](O)[C@@H](O)[C@H]1O)OC(=O)CCCCC/C=C\CCCCCCCC,1.471662164,-2.331497908,2.255764484
arm_MGDGW6DS1829Z12Z1617Z,Glycerolipid metabolism,Q2HZ24_wild,C1C=CN(C=C1C(=O)N)[C@H]2[C@@H]([C@@H]([C@H](O2)COP(=O)(O)OP(=O)(O)OC[C@@H]3[C@H]([C@H]([C@@H](O3)N4C=NC5=C(N=CN=C54)N)OP(=O)(O)O)O)O)O,1.526150465,-2.361738205,2.588181257
arm_MGDGW6DS1829Z12Z1617Z,Glycerolipid metabolism,Q2HZ24_wild,O=O,1.439333439,-2.030860424,2.160542011
arm_MGDGW6DS1829Z12Z1619Z,Glycerolipid metabolism,A0A2K3CTD8_wild,CCCCCCCC/C=C\CCCCCCCC(=O)OC[C@H](CO[C@@H]1O[C@H](CO)[C@H](O)[C@@H](O)[C@H]1O)OC(=O)CCCCCCC/C=C\CCCCCC,1.11329782,-2.45531559,2.158396006
arm_MGDGW6DS1829Z12Z1619Z,Glycerolipid metabolism,A0A2K3CTD8_wild,C1C=CN(C=C1C(=O)N)[C@H]2[C@@H]([C@@H]([C@H](O2)COP(=O)(O)OP(=O)(O)OC[C@@H]3[C@H]([C@H]([C@@H](O3)N4C=NC5=C(N=CN=C54)N)OP(=O)(O)O)O)O)O,1.064813375,-2.432117462,2.418567181
arm_MGDGW6DS1829Z12Z1619Z,Glycerolipid metabolism,A0A2K3CTD8_wild,O=O,1.058802485,-2.072975636,2.015945673
arm_MGDGW6DS1829Z12Z1619Z,Glycerolipid metabolism,O48663_wild,CCCCCCCC/C=C\CCCCCCCC(=O)OC[C@H](CO[C@@H]1O[C@H](CO)[C@H](O)[C@@H](O)[C@H]1O)OC(=O)CCCCCCC/C=C\CCCCCC,0.315312624,-2.04886961,1.815232277
arm_MGDGW6DS1829Z12Z1619Z,Glycerolipid metabolism,O48663_wild,C1C=CN(C=C1C(=O)N)[C@H]2[C@@H]([C@@H]([C@H](O2)COP(=O)(O)OP(=O)(O)OC[C@@H]3[C@H]([C@H]([C@@H](O3)N4C=NC5=C(N=CN=C54)N)OP(=O)(O)O)O)O)O,0.277104169,-1.961031318,1.949942946
arm_MGDGW6DS1829Z12Z1619Z,Glycerolipid metabolism,O48663_wild,O=O,0.447934449,-2.184913874,1.77226758
arm_MGDGW6DS1829Z12Z1619Z,Glycerolipid metabolism,Q2HZ21_wild,CCCCCCCC/C=C\CCCCCCCC(=O)OC[C@H](CO[C@@H]1O[C@H](CO)[C@H](O)[C@@H](O)[C@H]1O)OC(=O)CCCCCCC/C=C\CCCCCC,0.777718246,-2.290248156,1.929769158
arm_MGDGW6DS1829Z12Z1619Z,Glycerolipid metabolism,Q2HZ21_wild,C1C=CN(C=C1C(=O)N)[C@H]2[C@@H]([C@@H]([C@H](O2)COP(=O)(O)OP(=O)(O)OC[C@@H]3[C@H]([C@H]([C@@H](O3)N4C=NC5=C(N=CN=C54)N)OP(=O)(O)O)O)O)O,0.771763265,-2.15124774,2.11893177
arm_MGDGW6DS1829Z12Z1619Z,Glycerolipid metabolism,Q2HZ21_wild,O=O,0.768349051,-1.936388612,1.85402751
arm_MGDGW6DS1829Z12Z1619Z,Glycerolipid metabolism,Q2HZ22_wild,CCCCCCCC/C=C\CCCCCCCC(=O)OC[C@H](CO[C@@H]1O[C@H](CO)[C@H](O)[C@@H](O)[C@H]1O)OC(=O)CCCCCCC/C=C\CCCCCC,0.591649652,-2.391446114,1.876830339
arm_MGDGW6DS1829Z12Z1619Z,Glycerolipid metabolism,Q2HZ22_wild,C1C=CN(C=C1C(=O)N)[C@H]2[C@@H]([C@@H]([C@H](O2)COP(=O)(O)OP(=O)(O)OC[C@@H]3[C@H]([C@H]([C@@H](O3)N4C=NC5=C(N=CN=C54)N)OP(=O)(O)O)O)O)O,0.464075714,-2.342596769,2.03883338
arm_MGDGW6DS1829Z12Z1619Z,Glycerolipid metabolism,Q2HZ22_wild,O=O,0.537731409,-1.965953469,1.65201354
arm_MGDGW6DS1829Z12Z1619Z,Glycerolipid metabolism,Q2HZ23_wild,CCCCCCCC/C=C\CCCCCCCC(=O)OC[C@H](CO[C@@H]1O[C@H](CO)[C@H](O)[C@@H](O)[C@H]1O)OC(=O)CCCCCCC/C=C\CCCCCC,1.084447622,-2.348321915,1.979422808
arm_MGDGW6DS1829Z12Z1619Z,Glycerolipid metabolism,Q2HZ23_wild,C1C=CN(C=C1C(=O)N)[C@H]2[C@@H]([C@@H]([C@H](O2)COP(=O)(O)OP(=O)(O)OC[C@@H]3[C@H]([C@H]([C@@H](O3)N4C=NC5=C(N=CN=C54)N)OP(=O)(O)O)O)O)O,1.018737197,-2.293547392,2.223756313
arm_MGDGW6DS1829Z12Z1619Z,Glycerolipid metabolism,Q2HZ23_wild,O=O,0.975109458,-1.921997309,1.850872755
arm_MGDGW6DS1829Z12Z1619Z,Glycerolipid metabolism,Q2HZ24_wild,CCCCCCCC/C=C\CCCCCCCC(=O)OC[C@H](CO[C@@H]1O[C@H](CO)[C@H](O)[C@@H](O)[C@H]1O)OC(=O)CCCCCCC/C=C\CCCCCC,1.501322508,-2.395571232,2.28135705
arm_MGDGW6DS1829Z12Z1619Z,Glycerolipid metabolism,Q2HZ24_wild,C1C=CN(C=C1C(=O)N)[C@H]2[C@@H]([C@@H]([C@H](O2)COP(=O)(O)OP(=O)(O)OC[C@@H]3[C@H]([C@H]([C@@H](O3)N4C=NC5=C(N=CN=C54)N)OP(=O)(O)O)O)O)O,1.526150465,-2.361738205,2.588181257
arm_MGDGW6DS1829Z12Z1619Z,Glycerolipid metabolism,Q2HZ24_wild,O=O,1.439333439,-2.030860424,2.160542011
arm_MGDGW6DS1829Z12Z1627Z10Z1,Glycerolipid metabolism,A0A2K3CTD8_wild,CCCCCCCC/C=C\CCCCCCCC(=O)OC[C@H](CO[C@@H]1O[C@H](CO)[C@H](O)[C@@H](O)[C@H]1O)OC(=O)CCCCC/C=C\C/C=C\CCCCC,0.991008282,-2.452865124,2.122255802
arm_MGDGW6DS1829Z12Z1627Z10Z1,Glycerolipid metabolism,A0A2K3CTD8_wild,C1C=CN(C=C1C(=O)N)[C@H]2[C@@H]([C@@H]([C@H](O2)COP(=O)(O)OP(=O)(O)OC[C@@H]3[C@H]([C@H]([C@@H](O3)N4C=NC5=C(N=CN=C54)N)OP(=O)(O)O)O)O)O,1.064813375,-2.432117462,2.418567181
arm_MGDGW6DS1829Z12Z1627Z10Z1,Glycerolipid metabolism,A0A2K3CTD8_wild,O=O,1.058802485,-2.072975636,2.015945673
arm_MGDGW6DS1829Z12Z1627Z10Z1,Glycerolipid metabolism,O48663_wild,CCCCCCCC/C=C\CCCCCCCC(=O)OC[C@H](CO[C@@H]1O[C@H](CO)[C@H](O)[C@@H](O)[C@H]1O)OC(=O)CCCCC/C=C\C/C=C\CCCCC,0.158423856,-2.04385519,1.754545212
arm_MGDGW6DS1829Z12Z1627Z10Z1,Glycerolipid metabolism,O48663_wild,C1C=CN(C=C1C(=O)N)[C@H]2[C@@H]([C@@H]([C@H](O2)COP(=O)(O)OP(=O)(O)OC[C@@H]3[C@H]([C@H]([C@@H](O3)N4C=NC5=C(N=CN=C54)N)OP(=O)(O)O)O)O)O,0.277104169,-1.961031318,1.949942946
arm_MGDGW6DS1829Z12Z1627Z10Z1,Glycerolipid metabolism,O48663_wild,O=O,0.447934449,-2.184913874,1.77226758
arm_MGDGW6DS1829Z12Z1627Z10Z1,Glycerolipid metabolism,Q2HZ21_wild,CCCCCCCC/C=C\CCCCCCCC(=O)OC[C@H](CO[C@@H]1O[C@H](CO)[C@H](O)[C@@H](O)[C@H]1O)OC(=O)CCCCC/C=C\C/C=C\CCCCC,0.607027531,-2.304187298,1.874558806
arm_MGDGW6DS1829Z12Z1627Z10Z1,Glycerolipid metabolism,Q2HZ21_wild,C1C=CN(C=C1C(=O)N)[C@H]2[C@@H]([C@@H]([C@H](O2)COP(=O)(O)OP(=O)(O)OC[C@@H]3[C@H]([C@H]([C@@H](O3)N4C=NC5=C(N=CN=C54)N)OP(=O)(O)O)O)O)O,0.771763265,-2.15124774,2.11893177
arm_MGDGW6DS1829Z12Z1627Z10Z1,Glycerolipid metabolism,Q2HZ21_wild,O=O,0.768349051,-1.936388612,1.85402751
arm_MGDGW6DS1829Z12Z1627Z10Z1,Glycerolipid metabolism,Q2HZ22_wild,CCCCCCCC/C=C\CCCCCCCC(=O)OC[C@H](CO[C@@H]1O[C@H](CO)[C@H](O)[C@@H](O)[C@H]1O)OC(=O)CCCCC/C=C\C/C=C\CCCCC,0.440523148,-2.404603481,1.839993119
arm_MGDGW6DS1829Z12Z1627Z10Z1,Glycerolipid metabolism,Q2HZ22_wild,C1C=CN(C=C1C(=O)N)[C@H]2[C@@H]([C@@H]([C@H](O2)COP(=O)(O)OP(=O)(O)OC[C@@H]3[C@H]([C@H]([C@@H](O3)N4C=NC5=C(N=CN=C54)N)OP(=O)(O)O)O)O)O,0.464075714,-2.342596769,2.03883338
arm_MGDGW6DS1829Z12Z1627Z10Z1,Glycerolipid metabolism,Q2HZ22_wild,O=O,0.537731409,-1.965953469,1.65201354
arm_MGDGW6DS1829Z12Z1627Z10Z1,Glycerolipid metabolism,Q2HZ23_wild,CCCCCCCC/C=C\CCCCCCCC(=O)OC[C@H](CO[C@@H]1O[C@H](CO)[C@H](O)[C@@H](O)[C@H]1O)OC(=O)CCCCC/C=C\C/C=C\CCCCC,0.941905797,-2.341903687,1.925640106
arm_MGDGW6DS1829Z12Z1627Z10Z1,Glycerolipid metabolism,Q2HZ23_wild,C1C=CN(C=C1C(=O)N)[C@H]2[C@@H]([C@@H]([C@H](O2)COP(=O)(O)OP(=O)(O)OC[C@@H]3[C@H]([C@H]([C@@H](O3)N4C=NC5=C(N=CN=C54)N)OP(=O)(O)O)O)O)O,1.018737197,-2.293547392,2.223756313
arm_MGDGW6DS1829Z12Z1627Z10Z1,Glycerolipid metabolism,Q2HZ23_wild,O=O,0.975109458,-1.921997309,1.850872755
arm_MGDGW6DS1829Z12Z1627Z10Z1,Glycerolipid metabolism,Q2HZ24_wild,CCCCCCCC/C=C\CCCCCCCC(=O)OC[C@H](CO[C@@H]1O[C@H](CO)[C@H](O)[C@@H](O)[C@H]1O)OC(=O)CCCCC/C=C\C/C=C\CCCCC,1.349301934,-2.408203363,2.244265795
arm_MGDGW6DS1829Z12Z1627Z10Z1,Glycerolipid metabolism,Q2HZ24_wild,C1C=CN(C=C1C(=O)N)[C@H]2[C@@H]([C@@H]([C@H](O2)COP(=O)(O)OP(=O)(O)OC[C@@H]3[C@H]([C@H]([C@@H](O3)N4C=NC5=C(N=CN=C54)N)OP(=O)(O)O)O)O)O,1.526150465,-2.361738205,2.588181257
arm_MGDGW6DS1829Z12Z1627Z10Z1,Glycerolipid metabolism,Q2HZ24_wild,O=O,1.439333439,-2.030860424,2.160542011
arm_MGDGW6DS1829Z12Z1627Z10Z2,Glycerolipid metabolism,A0A2K3CTD8_wild,CCCCC/C=C\C/C=C\CCCCCCCC(=O)OC[C@H](CO[C@@H]1O[C@H](CO)[C@H](O)[C@@H](O)[C@H]1O)OC(=O)CCCCC/C=C\CCCCCCCC,1.079588652,-2.304109097,2.070921183
arm_MGDGW6DS1829Z12Z1627Z10Z2,Glycerolipid metabolism,A0A2K3CTD8_wild,C1C=CN(C=C1C(=O)N)[C@H]2[C@@H]([C@@H]([C@H](O2)COP(=O)(O)OP(=O)(O)OC[C@@H]3[C@H]([C@H]([C@@H](O3)N4C=NC5=C(N=CN=C54)N)OP(=O)(O)O)O)O)O,1.064813375,-2.432117462,2.418567181
arm_MGDGW6DS1829Z12Z1627Z10Z2,Glycerolipid metabolism,A0A2K3CTD8_wild,O=O,1.058802485,-2.072975636,2.015945673
arm_MGDGW6DS1829Z12Z1627Z10Z2,Glycerolipid metabolism,O48663_wild,CCCCC/C=C\C/C=C\CCCCCCCC(=O)OC[C@H](CO[C@@H]1O[C@H](CO)[C@H](O)[C@@H](O)[C@H]1O)OC(=O)CCCCC/C=C\CCCCCCCC,0.233053535,-1.911603928,1.702283144
arm_MGDGW6DS1829Z12Z1627Z10Z2,Glycerolipid metabolism,O48663_wild,C1C=CN(C=C1C(=O)N)[C@H]2[C@@H]([C@@H]([C@H](O2)COP(=O)(O)OP(=O)(O)OC[C@@H]3[C@H]([C@H]([C@@H](O3)N4C=NC5=C(N=CN=C54)N)OP(=O)(O)O)O)O)O,0.277104169,-1.961031318,1.949942946
arm_MGDGW6DS1829Z12Z1627Z10Z2,Glycerolipid metabolism,O48663_wild,O=O,0.447934449,-2.184913874,1.77226758
arm_MGDGW6DS1829Z12Z1627Z10Z2,Glycerolipid metabolism,Q2HZ21_wild,CCCCC/C=C\C/C=C\CCCCCCCC(=O)OC[C@H](CO[C@@H]1O[C@H](CO)[C@H](O)[C@@H](O)[C@H]1O)OC(=O)CCCCC/C=C\CCCCCCCC,0.701659203,-2.147510052,1.834676147
arm_MGDGW6DS1829Z12Z1627Z10Z2,Glycerolipid metabolism,Q2HZ21_wild,C1C=CN(C=C1C(=O)N)[C@H]2[C@@H]([C@@H]([C@H](O2)COP(=O)(O)OP(=O)(O)OC[C@@H]3[C@H]([C@H]([C@@H](O3)N4C=NC5=C(N=CN=C54)N)OP(=O)(O)O)O)O)O,0.771763265,-2.15124774,2.11893177
arm_MGDGW6DS1829Z12Z1627Z10Z2,Glycerolipid metabolism,Q2HZ21_wild,O=O,0.768349051,-1.936388612,1.85402751
arm_MGDGW6DS1829Z12Z1627Z10Z2,Glycerolipid metabolism,Q2HZ22_wild,CCCCC/C=C\C/C=C\CCCCCCCC(=O)OC[C@H](CO[C@@H]1O[C@H](CO)[C@H](O)[C@@H](O)[C@H]1O)OC(=O)CCCCC/C=C\CCCCCCCC,0.540530801,-2.248177052,1.796410561
arm_MGDGW6DS1829Z12Z1627Z10Z2,Glycerolipid metabolism,Q2HZ22_wild,C1C=CN(C=C1C(=O)N)[C@H]2[C@@H]([C@@H]([C@H](O2)COP(=O)(O)OP(=O)(O)OC[C@@H]3[C@H]([C@H]([C@@H](O3)N4C=NC5=C(N=CN=C54)N)OP(=O)(O)O)O)O)O,0.464075714,-2.342596769,2.03883338
arm_MGDGW6DS1829Z12Z1627Z10Z2,Glycerolipid metabolism,Q2HZ22_wild,O=O,0.537731409,-1.965953469,1.65201354
arm_MGDGW6DS1829Z12Z1627Z10Z2,Glycerolipid metabolism,Q2HZ23_wild,CCCCC/C=C\C/C=C\CCCCCCCC(=O)OC[C@H](CO[C@@H]1O[C@H](CO)[C@H](O)[C@@H](O)[C@H]1O)OC(=O)CCCCC/C=C\CCCCCCCC,1.042951345,-2.201311111,1.883184791
arm_MGDGW6DS1829Z12Z1627Z10Z2,Glycerolipid metabolism,Q2HZ23_wild,C1C=CN(C=C1C(=O)N)[C@H]2[C@@H]([C@@H]([C@H](O2)COP(=O)(O)OP(=O)(O)OC[C@@H]3[C@H]([C@H]([C@@H](O3)N4C=NC5=C(N=CN=C54)N)OP(=O)(O)O)O)O)O,1.018737197,-2.293547392,2.223756313
arm_MGDGW6DS1829Z12Z1627Z10Z2,Glycerolipid metabolism,Q2HZ23_wild,O=O,0.975109458,-1.921997309,1.850872755
arm_MGDGW6DS1829Z12Z1627Z10Z2,Glycerolipid metabolism,Q2HZ24_wild,CCCCC/C=C\C/C=C\CCCCCCCC(=O)OC[C@H](CO[C@@H]1O[C@H](CO)[C@H](O)[C@@H](O)[C@H]1O)OC(=O)CCCCC/C=C\CCCCCCCC,1.456078291,-2.243787289,2.188409805
arm_MGDGW6DS1829Z12Z1627Z10Z2,Glycerolipid metabolism,Q2HZ24_wild,C1C=CN(C=C1C(=O)N)[C@H]2[C@@H]([C@@H]([C@H](O2)COP(=O)(O)OP(=O)(O)OC[C@@H]3[C@H]([C@H]([C@@H](O3)N4C=NC5=C(N=CN=C54)N)OP(=O)(O)O)O)O)O,1.526150465,-2.361738205,2.588181257
arm_MGDGW6DS1829Z12Z1627Z10Z2,Glycerolipid metabolism,Q2HZ24_wild,O=O,1.439333439,-2.030860424,2.160542011
arm_MGDGW6DS1829Z12Z1637Z10Z13Z,Glycerolipid metabolism,A0A2K3CTD8_wild,CCCCCCCC/C=C\CCCCCCCC(=O)OC[C@H](CO[C@@H]1O[C@H](CO)[C@H](O)[C@@H](O)[C@H]1O)OC(=O)CCCCC/C=C\C/C=C\C/C=C\CC,1.022511125,-2.548864603,2.175287247
arm_MGDGW6DS1829Z12Z1637Z10Z13Z,Glycerolipid metabolism,A0A2K3CTD8_wild,C1C=CN(C=C1C(=O)N)[C@H]2[C@@H]([C@@H]([C@H](O2)COP(=O)(O)OP(=O)(O)OC[C@@H]3[C@H]([C@H]([C@@H](O3)N4C=NC5=C(N=CN=C54)N)OP(=O)(O)O)O)O)O,1.064813375,-2.432117462,2.418567181
arm_MGDGW6DS1829Z12Z1637Z10Z13Z,Glycerolipid metabolism,A0A2K3CTD8_wild,O=O,1.058802485,-2.072975636,2.015945673
arm_MGDGW6DS1829Z12Z1637Z10Z13Z,Glycerolipid metabolism,O48663_wild,CCCCCCCC/C=C\CCCCCCCC(=O)OC[C@H](CO[C@@H]1O[C@H](CO)[C@H](O)[C@@H](O)[C@H]1O)OC(=O)CCCCC/C=C\C/C=C\C/C=C\CC,0.199246123,-2.132120371,1.811275721
arm_MGDGW6DS1829Z12Z1637Z10Z13Z,Glycerolipid metabolism,O48663_wild,C1C=CN(C=C1C(=O)N)[C@H]2[C@@H]([C@@H]([C@H](O2)COP(=O)(O)OP(=O)(O)OC[C@@H]3[C@H]([C@H]([C@@H](O3)N4C=NC5=C(N=CN=C54)N)OP(=O)(O)O)O)O)O,0.277104169,-1.961031318,1.949942946
arm_MGDGW6DS1829Z12Z1637Z10Z13Z,Glycerolipid metabolism,O48663_wild,O=O,0.447934449,-2.184913874,1.77226758
arm_MGDGW6DS1829Z12Z1637Z10Z13Z,Glycerolipid metabolism,Q2HZ21_wild,CCCCCCCC/C=C\CCCCCCCC(=O)OC[C@H](CO[C@@H]1O[C@H](CO)[C@H](O)[C@@H](O)[C@H]1O)OC(=O)CCCCC/C=C\C/C=C\C/C=C\CC,0.637733817,-2.412921429,1.931931496
arm_MGDGW6DS1829Z12Z1637Z10Z13Z,Glycerolipid metabolism,Q2HZ21_wild,C1C=CN(C=C1C(=O)N)[C@H]2[C@@H]([C@@H]([C@H](O2)COP(=O)(O)OP(=O)(O)OC[C@@H]3[C@H]([C@H]([C@@H](O3)N4C=NC5=C(N=CN=C54)N)OP(=O)(O)O)O)O)O,0.771763265,-2.15124774,2.11893177
arm_MGDGW6DS1829Z12Z1637Z10Z13Z,Glycerolipid metabolism,Q2HZ21_wild,O=O,0.768349051,-1.936388612,1.85402751
arm_MGDGW6DS1829Z12Z1637Z10Z13Z,Glycerolipid metabolism,Q2HZ22_wild,CCCCCCCC/C=C\CCCCCCCC(=O)OC[C@H](CO[C@@H]1O[C@H](CO)[C@H](O)[C@@H](O)[C@H]1O)OC(=O)CCCCC/C=C\C/C=C\C/C=C\CC,0.478319347,-2.490141392,1.892163038
arm_MGDGW6DS1829Z12Z1637Z10Z13Z,Glycerolipid metabolism,Q2HZ22_wild,C1C=CN(C=C1C(=O)N)[C@H]2[C@@H]([C@@H]([C@H](O2)COP(=O)(O)OP(=O)(O)OC[C@@H]3[C@H]([C@H]([C@@H](O3)N4C=NC5=C(N=CN=C54)N)OP(=O)(O)O)O)O)O,0.464075714,-2.342596769,2.03883338
arm_MGDGW6DS1829Z12Z1637Z10Z13Z,Glycerolipid metabolism,Q2HZ22_wild,O=O,0.537731409,-1.965953469,1.65201354
arm_MGDGW6DS1829Z12Z1637Z10Z13Z,Glycerolipid metabolism,Q2HZ23_wild,CCCCCCCC/C=C\CCCCCCCC(=O)OC[C@H](CO[C@@H]1O[C@H](CO)[C@H](O)[C@@H](O)[C@H]1O)OC(=O)CCCCC/C=C\C/C=C\C/C=C\CC,0.974356949,-2.429600239,1.975069642
arm_MGDGW6DS1829Z12Z1637Z10Z13Z,Glycerolipid metabolism,Q2HZ23_wild,C1C=CN(C=C1C(=O)N)[C@H]2[C@@H]([C@@H]([C@H](O2)COP(=O)(O)OP(=O)(O)OC[C@@H]3[C@H]([C@H]([C@@H](O3)N4C=NC5=C(N=CN=C54)N)OP(=O)(O)O)O)O)O,1.018737197,-2.293547392,2.223756313
arm_MGDGW6DS1829Z12Z1637Z10Z13Z,Glycerolipid metabolism,Q2HZ23_wild,O=O,0.975109458,-1.921997309,1.850872755
arm_MGDGW6DS1829Z12Z1637Z10Z13Z,Glycerolipid metabolism,Q2HZ24_wild,CCCCCCCC/C=C\CCCCCCCC(=O)OC[C@H](CO[C@@H]1O[C@H](CO)[C@H](O)[C@@H](O)[C@H]1O)OC(=O)CCCCC/C=C\C/C=C\C/C=C\CC,1.359466314,-2.497887611,2.27880168
arm_MGDGW6DS1829Z12Z1637Z10Z13Z,Glycerolipid metabolism,Q2HZ24_wild,C1C=CN(C=C1C(=O)N)[C@H]2[C@@H]([C@@H]([C@H](O2)COP(=O)(O)OP(=O)(O)OC[C@@H]3[C@H]([C@H]([C@@H](O3)N4C=NC5=C(N=CN=C54)N)OP(=O)(O)O)O)O)O,1.526150465,-2.361738205,2.588181257
arm_MGDGW6DS1829Z12Z1637Z10Z13Z,Glycerolipid metabolism,Q2HZ24_wild,O=O,1.439333439,-2.030860424,2.160542011
arm_MGDGW6DS1829Z12Z1644Z7Z10Z13Z,Glycerolipid metabolism,A0A2K3CTD8_wild,CCCCCCCC/C=C\CCCCCCCC(=O)OC[C@H](CO[C@@H]1O[C@H](CO)[C@H](O)[C@@H](O)[C@H]1O)OC(=O)CC/C=C\C/C=C\C/C=C\C/C=C\CC,1.000300169,-2.715171337,2.280698299
arm_MGDGW6DS1829Z12Z1644Z7Z10Z13Z,Glycerolipid metabolism,A0A2K3CTD8_wild,C1C=CN(C=C1C(=O)N)[C@H]2[C@@H]([C@@H]([C@H](O2)COP(=O)(O)OP(=O)(O)OC[C@@H]3[C@H]([C@H]([C@@H](O3)N4C=NC5=C(N=CN=C54)N)OP(=O)(O)O)O)O)O,1.064813375,-2.432117462,2.418567181
arm_MGDGW6DS1829Z12Z1644Z7Z10Z13Z,Glycerolipid metabolism,A0A2K3CTD8_wild,O=O,1.058802485,-2.072975636,2.015945673
arm_MGDGW6DS1829Z12Z1644Z7Z10Z13Z,Glycerolipid metabolism,O48663_wild,CCCCCCCC/C=C\CCCCCCCC(=O)OC[C@H](CO[C@@H]1O[C@H](CO)[C@H](O)[C@@H](O)[C@H]1O)OC(=O)CC/C=C\C/C=C\C/C=C\C/C=C\CC,0.164924771,-2.299511433,1.914277792
arm_MGDGW6DS1829Z12Z1644Z7Z10Z13Z,Glycerolipid metabolism,O48663_wild,C1C=CN(C=C1C(=O)N)[C@H]2[C@@H]([C@@H]([C@H](O2)COP(=O)(O)OP(=O)(O)OC[C@@H]3[C@H]([C@H]([C@@H](O3)N4C=NC5=C(N=CN=C54)N)OP(=O)(O)O)O)O)O,0.277104169,-1.961031318,1.949942946
arm_MGDGW6DS1829Z12Z1644Z7Z10Z13Z,Glycerolipid metabolism,O48663_wild,O=O,0.447934449,-2.184913874,1.77226758
arm_MGDGW6DS1829Z12Z1644Z7Z10Z13Z,Glycerolipid metabolism,Q2HZ21_wild,CCCCCCCC/C=C\CCCCCCCC(=O)OC[C@H](CO[C@@H]1O[C@H](CO)[C@H](O)[C@@H](O)[C@H]1O)OC(=O)CC/C=C\C/C=C\C/C=C\C/C=C\CC,0.599735796,-2.600503922,2.023387909
arm_MGDGW6DS1829Z12Z1644Z7Z10Z13Z,Glycerolipid metabolism,Q2HZ21_wild,C1C=CN(C=C1C(=O)N)[C@H]2[C@@H]([C@@H]([C@H](O2)COP(=O)(O)OP(=O)(O)OC[C@@H]3[C@H]([C@H]([C@@H](O3)N4C=NC5=C(N=CN=C54)N)OP(=O)(O)O)O)O)O,0.771763265,-2.15124774,2.11893177
arm_MGDGW6DS1829Z12Z1644Z7Z10Z13Z,Glycerolipid metabolism,Q2HZ21_wild,O=O,0.768349051,-1.936388612,1.85402751
arm_MGDGW6DS1829Z12Z1644Z7Z10Z13Z,Glycerolipid metabolism,Q2HZ22_wild,CCCCCCCC/C=C\CCCCCCCC(=O)OC[C@H](CO[C@@H]1O[C@H](CO)[C@H](O)[C@@H](O)[C@H]1O)OC(=O)CC/C=C\C/C=C\C/C=C\C/C=C\CC,0.455203712,-2.649435997,1.992957711
arm_MGDGW6DS1829Z12Z1644Z7Z10Z13Z,Glycerolipid metabolism,Q2HZ22_wild,C1C=CN(C=C1C(=O)N)[C@H]2[C@@H]([C@@H]([C@H](O2)COP(=O)(O)OP(=O)(O)OC[C@@H]3[C@H]([C@H]([C@@H](O3)N4C=NC5=C(N=CN=C54)N)OP(=O)(O)O)O)O)O,0.464075714,-2.342596769,2.03883338
arm_MGDGW6DS1829Z12Z1644Z7Z10Z13Z,Glycerolipid metabolism,Q2HZ22_wild,O=O,0.537731409,-1.965953469,1.65201354
arm_MGDGW6DS1829Z12Z1644Z7Z10Z13Z,Glycerolipid metabolism,Q2HZ23_wild,CCCCCCCC/C=C\CCCCCCCC(=O)OC[C@H](CO[C@@H]1O[C@H](CO)[C@H](O)[C@@H](O)[C@H]1O)OC(=O)CC/C=C\C/C=C\C/C=C\C/C=C\CC,0.937006772,-2.591338873,2.079192877
arm_MGDGW6DS1829Z12Z1644Z7Z10Z13Z,Glycerolipid metabolism,Q2HZ23_wild,C1C=CN(C=C1C(=O)N)[C@H]2[C@@H]([C@@H]([C@H](O2)COP(=O)(O)OP(=O)(O)OC[C@@H]3[C@H]([C@H]([C@@H](O3)N4C=NC5=C(N=CN=C54)N)OP(=O)(O)O)O)O)O,1.018737197,-2.293547392,2.223756313
arm_MGDGW6DS1829Z12Z1644Z7Z10Z13Z,Glycerolipid metabolism,Q2HZ23_wild,O=O,0.975109458,-1.921997309,1.850872755
arm_MGDGW6DS1829Z12Z1644Z7Z10Z13Z,Glycerolipid metabolism,Q2HZ24_wild,CCCCCCCC/C=C\CCCCCCCC(=O)OC[C@H](CO[C@@H]1O[C@H](CO)[C@H](O)[C@@H](O)[C@H]1O)OC(=O)CC/C=C\C/C=C\C/C=C\C/C=C\CC,1.313887358,-2.673398495,2.374259949
arm_MGDGW6DS1829Z12Z1644Z7Z10Z13Z,Glycerolipid metabolism,Q2HZ24_wild,C1C=CN(C=C1C(=O)N)[C@H]2[C@@H]([C@@H]([C@H](O2)COP(=O)(O)OP(=O)(O)OC[C@@H]3[C@H]([C@H]([C@@H](O3)N4C=NC5=C(N=CN=C54)N)OP(=O)(O)O)O)O)O,1.526150465,-2.361738205,2.588181257
arm_MGDGW6DS1829Z12Z1644Z7Z10Z13Z,Glycerolipid metabolism,Q2HZ24_wild,O=O,1.439333439,-2.030860424,2.160542011
arm_PED5DS1801835Z9Z12Z,Glycerolipid metabolism,A0A2K3DBB8_wild,NC(=O)C1=CN([C@@H]2O[C@H](COP(=O)(O)OP(=O)(O)OC[C@H]3O[C@H](n4cnc5c(N)ncnc54)[C@H](O)[C@@H]3O)[C@@H](O)[C@H]2O)C=CC1,0.184556782,-2.549333811,2.23248601
arm_PED5DS1801835Z9Z12Z,Glycerolipid metabolism,A0A2K3DBB8_wild,O=O,0.283578992,-2.252233744,2.006862879
arm_PED5DS1801835Z9Z12Z,Glycerolipid metabolism,A0A2K3DBB8_wild,CCCCCCCCCCCCCCCCCC(=O)OC[C@H](COP(=O)(O)OCCN)OC(=O)CCCCCCC/C=C\C/C=C\CCCCC,0.057311647,-2.273090839,1.760078669
arm_PED5DS1801835Z9Z12Z,Glycerolipid metabolism,A8IR24_wild,NC(=O)C1=CN([C@@H]2O[C@H](COP(=O)(O)OP(=O)(O)OC[C@H]3O[C@H](n4cnc5c(N)ncnc54)[C@H](O)[C@@H]3O)[C@@H](O)[C@H]2O)C=CC1,0.37613377,-2.2967453,2.439123869
arm_PED5DS1801835Z9Z12Z,Glycerolipid metabolism,A8IR24_wild,O=O,0.487098128,-1.985033393,2.092821121
arm_PED5DS1801835Z9Z12Z,Glycerolipid metabolism,A8IR24_wild,CCCCCCCCCCCCCCCCCC(=O)OC[C@H](COP(=O)(O)OCCN)OC(=O)CCCCCCC/C=C\C/C=C\CCCCC,0.292044848,-1.953737855,1.927753687
arm_PED5DS1801835Z9Z12Z,Glycerolipid metabolism,O48663_wild,NC(=O)C1=CN([C@@H]2O[C@H](COP(=O)(O)OP(=O)(O)OC[C@H]3O[C@H](n4cnc5c(N)ncnc54)[C@H](O)[C@@H]3O)[C@@H](O)[C@H]2O)C=CC1,0.238359258,-2.303757668,2.052531481
arm_PED5DS1801835Z9Z12Z,Glycerolipid metabolism,O48663_wild,O=O,0.447934449,-2.184913874,1.77226758
arm_PED5DS1801835Z9Z12Z,Glycerolipid metabolism,O48663_wild,CCCCCCCCCCCCCCCCCC(=O)OC[C@H](COP(=O)(O)OCCN)OC(=O)CCCCCCC/C=C\C/C=C\CCCCC,0.261262327,-2.05600667,1.708551168
arm_PED5DS18111Z1835Z9Z12Z,Glycerolipid metabolism,A0A2K3DBB8_wild,NC(=O)C1=CN([C@@H]2O[C@H](COP(=O)(O)OP(=O)(O)OC[C@H]3O[C@H](n4cnc5c(N)ncnc54)[C@H](O)[C@@H]3O)[C@@H](O)[C@H]2O)C=CC1,0.184556782,-2.549333811,2.23248601
arm_PED5DS18111Z1835Z9Z12Z,Glycerolipid metabolism,A0A2K3DBB8_wild,O=O,0.283578992,-2.252233744,2.006862879
arm_PED5DS18111Z1835Z9Z12Z,Glycerolipid metabolism,A0A2K3DBB8_wild,CCCCCC/C=C\CCCCCCCCCC(=O)OC[C@H](COP(=O)(O)OCCN)OC(=O)CCCCCCC/C=C\C/C=C\CCCCC,0.122986898,-2.360996723,1.878882051
arm_PED5DS18111Z1835Z9Z12Z,Glycerolipid metabolism,A8IR24_wild,NC(=O)C1=CN([C@@H]2O[C@H](COP(=O)(O)OP(=O)(O)OC[C@H]3O[C@H](n4cnc5c(N)ncnc54)[C@H](O)[C@@H]3O)[C@@H](O)[C@H]2O)C=CC1,0.37613377,-2.2967453,2.439123869
arm_PED5DS18111Z1835Z9Z12Z,Glycerolipid metabolism,A8IR24_wild,O=O,0.487098128,-1.985033393,2.092821121
arm_PED5DS18111Z1835Z9Z12Z,Glycerolipid metabolism,A8IR24_wild,CCCCCC/C=C\CCCCCCCCCC(=O)OC[C@H](COP(=O)(O)OCCN)OC(=O)CCCCCCC/C=C\C/C=C\CCCCC,0.347540587,-2.023471832,2.030907631
arm_PED5DS18111Z1835Z9Z12Z,Glycerolipid metabolism,O48663_wild,NC(=O)C1=CN([C@@H]2O[C@H](COP(=O)(O)OP(=O)(O)OC[C@H]3O[C@H](n4cnc5c(N)ncnc54)[C@H](O)[C@@H]3O)[C@@H](O)[C@H]2O)C=CC1,0.238359258,-2.303757668,2.052531481
arm_PED5DS18111Z1835Z9Z12Z,Glycerolipid metabolism,O48663_wild,O=O,0.447934449,-2.184913874,1.77226758
arm_PED5DS18111Z1835Z9Z12Z,Glycerolipid metabolism,O48663_wild,CCCCCC/C=C\CCCCCCCCCC(=O)OC[C@H](COP(=O)(O)OCCN)OC(=O)CCCCCCC/C=C\C/C=C\CCCCC,0.300623029,-2.137669086,1.822933793
arm_PED5DS1819Z1835Z9Z12Z,Glycerolipid metabolism,A0A2K3DBB8_wild,NC(=O)C1=CN([C@@H]2O[C@H](COP(=O)(O)OP(=O)(O)OC[C@H]3O[C@H](n4cnc5c(N)ncnc54)[C@H](O)[C@@H]3O)[C@@H](O)[C@H]2O)C=CC1,0.184556782,-2.549333811,2.23248601
arm_PED5DS1819Z1835Z9Z12Z,Glycerolipid metabolism,A0A2K3DBB8_wild,O=O,0.283578992,-2.252233744,2.006862879
arm_PED5DS1819Z1835Z9Z12Z,Glycerolipid metabolism,A0A2K3DBB8_wild,CCCCCCCC/C=C\CCCCCCCC(=O)OC[C@H](COP(=O)(O)OCCN)OC(=O)CCCCCCC/C=C\C/C=C\CCCCC,0.10702312,-2.406717777,1.883896232
arm_PED5DS1819Z1835Z9Z12Z,Glycerolipid metabolism,A8IR24_wild,NC(=O)C1=CN([C@@H]2O[C@H](COP(=O)(O)OP(=O)(O)OC[C@H]3O[C@H](n4cnc5c(N)ncnc54)[C@H](O)[C@@H]3O)[C@@H](O)[C@H]2O)C=CC1,0.37613377,-2.2967453,2.439123869
arm_PED5DS1819Z1835Z9Z12Z,Glycerolipid metabolism,A8IR24_wild,O=O,0.487098128,-1.985033393,2.092821121
arm_PED5DS1819Z1835Z9Z12Z,Glycerolipid metabolism,A8IR24_wild,CCCCCCCC/C=C\CCCCCCCC(=O)OC[C@H](COP(=O)(O)OCCN)OC(=O)CCCCCCC/C=C\C/C=C\CCCCC,0.312961161,-2.06994772,2.028630495
arm_PED5DS1819Z1835Z9Z12Z,Glycerolipid metabolism,O48663_wild,NC(=O)C1=CN([C@@H]2O[C@H](COP(=O)(O)OP(=O)(O)OC[C@H]3O[C@H](n4cnc5c(N)ncnc54)[C@H](O)[C@@H]3O)[C@@H](O)[C@H]2O)C=CC1,0.238359258,-2.303757668,2.052531481
arm_PED5DS1819Z1835Z9Z12Z,Glycerolipid metabolism,O48663_wild,O=O,0.447934449,-2.184913874,1.77226758
arm_PED5DS1819Z1835Z9Z12Z,Glycerolipid metabolism,O48663_wild,CCCCCCCC/C=C\CCCCCCCC(=O)OC[C@H](COP(=O)(O)OCCN)OC(=O)CCCCCCC/C=C\C/C=C\CCCCC,0.279390991,-2.17803669,1.816208601
arm_PEDS1801829Z12Z,Glycerolipid metabolism,A8IR24_wild,NC(=O)C1=CN([C@@H]2O[C@H](COP(=O)(O)OP(=O)(O)OC[C@H]3O[C@H](n4cnc5c(N)ncnc54)[C@H](O)[C@@H]3O)[C@@H](O)[C@H]2O)C=CC1,0.37613377,-2.2967453,2.439123869
arm_PEDS1801829Z12Z,Glycerolipid metabolism,A8IR24_wild,O=O,0.487098128,-1.985033393,2.092821121
arm_PEDS1801829Z12Z,Glycerolipid metabolism,A8IR24_wild,CCCCCCCCCCCCCCCCCC(=O)OC[C@H](COP(=O)(O)OCCN)OC(=O)CCCCCCC/C=C\CCCCCCCC,0.392618418,-1.665709853,1.863094091
arm_PEDS1801829Z12Z,Glycerolipid metabolism,O48663_wild,NC(=O)C1=CN([C@@H]2O[C@H](COP(=O)(O)OP(=O)(O)OC[C@H]3O[C@H](n4cnc5c(N)ncnc54)[C@H](O)[C@@H]3O)[C@@H](O)[C@H]2O)C=CC1,0.238359258,-2.303757668,2.052531481
arm_PEDS1801829Z12Z,Glycerolipid metabolism,O48663_wild,O=O,0.447934449,-2.184913874,1.77226758
arm_PEDS1801829Z12Z,Glycerolipid metabolism,O48663_wild,CCCCCCCCCCCCCCCCCC(=O)OC[C@H](COP(=O)(O)OCCN)OC(=O)CCCCCCC/C=C\CCCCCCCC,0.391451418,-1.783925056,1.652506471
arm_PEDS1801845Z9Z12Z15Z,Glycerolipid metabolism,A0A2K3E763_wild,NC(=O)C1=CN([C@@H]2O[C@H](COP(=O)(O)OP(=O)(O)OC[C@H]3O[C@H](n4cnc5c(N)ncnc54)[C@H](O)[C@@H]3O)[C@@H](O)[C@H]2O)C=CC1,0.146980047,-2.195357323,1.05403161
arm_PEDS1801845Z9Z12Z15Z,Glycerolipid metabolism,A0A2K3E763_wild,O=O,0.087087259,-1.231926918,0.705530047
arm_PEDS1801845Z9Z12Z15Z,Glycerolipid metabolism,A0A2K3E763_wild,CCCCCCCCCCCCCCCCCC(=O)OC[C@H](COP(=O)(O)OCCN)OC(=O)CCC/C=C\CC/C=C\C/C=C\CCCCC,-0.156473845,-1.942632914,0.597502351
arm_PEDS1801845Z9Z12Z15Z,Glycerolipid metabolism,A0A2K3E764_wild,NC(=O)C1=CN([C@@H]2O[C@H](COP(=O)(O)OP(=O)(O)OC[C@H]3O[C@H](n4cnc5c(N)ncnc54)[C@H](O)[C@@H]3O)[C@@H](O)[C@H]2O)C=CC1,0.293556273,-2.367789507,2.062114954
arm_PEDS1801845Z9Z12Z15Z,Glycerolipid metabolism,A0A2K3E764_wild,O=O,0.383751512,-2.152342558,1.760609627
arm_PEDS1801845Z9Z12Z15Z,Glycerolipid metabolism,A0A2K3E764_wild,CCCCCCCCCCCCCCCCCC(=O)OC[C@H](COP(=O)(O)OCCN)OC(=O)CCC/C=C\CC/C=C\C/C=C\CCCCC,0.244024277,-2.172193289,1.646919847
arm_PEDS1801845Z9Z12Z15Z,Glycerolipid metabolism,A0A2K3E7B0_wild,NC(=O)C1=CN([C@@H]2O[C@H](COP(=O)(O)OP(=O)(O)OC[C@H]3O[C@H](n4cnc5c(N)ncnc54)[C@H](O)[C@@H]3O)[C@@H](O)[C@H]2O)C=CC1,0.128532395,-1.714340568,1.271950006
arm_PEDS1801845Z9Z12Z15Z,Glycerolipid metabolism,A0A2K3E7B0_wild,O=O,0.005215553,-0.995010853,0.884747684
arm_PEDS1801845Z9Z12Z15Z,Glycerolipid metabolism,A0A2K3E7B0_wild,CCCCCCCCCCCCCCCCCC(=O)OC[C@H](COP(=O)(O)OCCN)OC(=O)CCC/C=C\CC/C=C\C/C=C\CCCCC,-0.019727973,-1.580376387,0.940041184
arm_PEDS1801845Z9Z12Z15Z,Glycerolipid metabolism,A8IR24_wild,NC(=O)C1=CN([C@@H]2O[C@H](COP(=O)(O)OP(=O)(O)OC[C@H]3O[C@H](n4cnc5c(N)ncnc54)[C@H](O)[C@@H]3O)[C@@H](O)[C@H]2O)C=CC1,0.37613377,-2.2967453,2.439123869
arm_PEDS1801845Z9Z12Z15Z,Glycerolipid metabolism,A8IR24_wild,O=O,0.487098128,-1.985033393,2.092821121
arm_PEDS1801845Z9Z12Z15Z,Glycerolipid metabolism,A8IR24_wild,CCCCCCCCCCCCCCCCCC(=O)OC[C@H](COP(=O)(O)OCCN)OC(=O)CCC/C=C\CC/C=C\C/C=C\CCCCC,0.229002237,-1.988809228,1.908347726
arm_PEDS1801845Z9Z12Z15Z,Glycerolipid metabolism,O48663_wild,NC(=O)C1=CN([C@@H]2O[C@H](COP(=O)(O)OP(=O)(O)OC[C@H]3O[C@H](n4cnc5c(N)ncnc54)[C@H](O)[C@@H]3O)[C@@H](O)[C@H]2O)C=CC1,0.238359258,-2.303757668,2.052531481
arm_PEDS1801845Z9Z12Z15Z,Glycerolipid metabolism,O48663_wild,O=O,0.447934449,-2.184913874,1.77226758
arm_PEDS1801845Z9Z12Z15Z,Glycerolipid metabolism,O48663_wild,CCCCCCCCCCCCCCCCCC(=O)OC[C@H](COP(=O)(O)OCCN)OC(=O)CCC/C=C\CC/C=C\C/C=C\CCCCC,0.191801846,-2.10831356,1.689578056
arm_PEDS18111Z1829Z12Z,Glycerolipid metabolism,A8IR24_wild,NC(=O)C1=CN([C@@H]2O[C@H](COP(=O)(O)OP(=O)(O)OC[C@H]3O[C@H](n4cnc5c(N)ncnc54)[C@H](O)[C@@H]3O)[C@@H](O)[C@H]2O)C=CC1,0.37613377,-2.2967453,2.439123869
arm_PEDS18111Z1829Z12Z,Glycerolipid metabolism,A8IR24_wild,O=O,0.487098128,-1.985033393,2.092821121
arm_PEDS18111Z1829Z12Z,Glycerolipid metabolism,A8IR24_wild,CCCCCC/C=C\CCCCCCCCCC(=O)OC[C@H](COP(=O)(O)OCCN)OC(=O)CCCCCCC/C=C\CCCCCCCC,0.374896765,-1.740958452,1.894056916
arm_PEDS18111Z1829Z12Z,Glycerolipid metabolism,O48663_wild,NC(=O)C1=CN([C@@H]2O[C@H](COP(=O)(O)OP(=O)(O)OC[C@H]3O[C@H](n4cnc5c(N)ncnc54)[C@H](O)[C@@H]3O)[C@@H](O)[C@H]2O)C=CC1,0.238359258,-2.303757668,2.052531481
arm_PEDS18111Z1829Z12Z,Glycerolipid metabolism,O48663_wild,O=O,0.447934449,-2.184913874,1.77226758
arm_PEDS18111Z1829Z12Z,Glycerolipid metabolism,O48663_wild,CCCCCC/C=C\CCCCCCCCCC(=O)OC[C@H](COP(=O)(O)OCCN)OC(=O)CCCCCCC/C=C\CCCCCCCC,0.357497841,-1.882128119,1.696940422
arm_PEDS18111Z1845Z9Z12Z15Z,Glycerolipid metabolism,A0A2K3E763_wild,NC(=O)C1=CN([C@@H]2O[C@H](COP(=O)(O)OP(=O)(O)OC[C@H]3O[C@H](n4cnc5c(N)ncnc54)[C@H](O)[C@@H]3O)[C@@H](O)[C@H]2O)C=CC1,0.146980047,-2.195357323,1.05403161
arm_PEDS18111Z1845Z9Z12Z15Z,Glycerolipid metabolism,A0A2K3E763_wild,O=O,0.087087259,-1.231926918,0.705530047
arm_PEDS18111Z1845Z9Z12Z15Z,Glycerolipid metabolism,A0A2K3E763_wild,CCCCCC/C=C\CCCCCCCCCC(=O)OC[C@H](COP(=O)(O)OCCN)OC(=O)CCC/C=C\CC/C=C\C/C=C\CCCCC,-0.076084003,-1.996342659,0.683248639
arm_PEDS18111Z1845Z9Z12Z15Z,Glycerolipid metabolism,A0A2K3E764_wild,NC(=O)C1=CN([C@@H]2O[C@H](COP(=O)(O)OP(=O)(O)OC[C@H]3O[C@H](n4cnc5c(N)ncnc54)[C@H](O)[C@@H]3O)[C@@H](O)[C@H]2O)C=CC1,0.293556273,-2.367789507,2.062114954
arm_PEDS18111Z1845Z9Z12Z15Z,Glycerolipid metabolism,A0A2K3E764_wild,O=O,0.383751512,-2.152342558,1.760609627
arm_PEDS18111Z1845Z9Z12Z15Z,Glycerolipid metabolism,A0A2K3E764_wild,CCCCCC/C=C\CCCCCCCCCC(=O)OC[C@H](COP(=O)(O)OCCN)OC(=O)CCC/C=C\CC/C=C\C/C=C\CCCCC,0.324596345,-2.20887804,1.75468564
arm_PEDS18111Z1845Z9Z12Z15Z,Glycerolipid metabolism,A0A2K3E7B0_wild,NC(=O)C1=CN([C@@H]2O[C@H](COP(=O)(O)OP(=O)(O)OC[C@H]3O[C@H](n4cnc5c(N)ncnc54)[C@H](O)[C@@H]3O)[C@@H](O)[C@H]2O)C=CC1,0.128532395,-1.714340568,1.271950006
arm_PEDS18111Z1845Z9Z12Z15Z,Glycerolipid metabolism,A0A2K3E7B0_wild,O=O,0.005215553,-0.995010853,0.884747684
arm_PEDS18111Z1845Z9Z12Z15Z,Glycerolipid metabolism,A0A2K3E7B0_wild,CCCCCC/C=C\CCCCCCCCCC(=O)OC[C@H](COP(=O)(O)OCCN)OC(=O)CCC/C=C\CC/C=C\C/C=C\CCCCC,0.110868052,-1.629510522,1.040559173
arm_PEDS18111Z1845Z9Z12Z15Z,Glycerolipid metabolism,A8IR24_wild,NC(=O)C1=CN([C@@H]2O[C@H](COP(=O)(O)OP(=O)(O)OC[C@H]3O[C@H](n4cnc5c(N)ncnc54)[C@H](O)[C@@H]3O)[C@@H](O)[C@H]2O)C=CC1,0.37613377,-2.2967453,2.439123869
arm_PEDS18111Z1845Z9Z12Z15Z,Glycerolipid metabolism,A8IR24_wild,O=O,0.487098128,-1.985033393,2.092821121
arm_PEDS18111Z1845Z9Z12Z15Z,Glycerolipid metabolism,A8IR24_wild,CCCCCC/C=C\CCCCCCCCCC(=O)OC[C@H](COP(=O)(O)OCCN)OC(=O)CCC/C=C\CC/C=C\C/C=C\CCCCC,0.326317191,-2.021852732,2.014735222
arm_PEDS18111Z1845Z9Z12Z15Z,Glycerolipid metabolism,O48663_wild,NC(=O)C1=CN([C@@H]2O[C@H](COP(=O)(O)OP(=O)(O)OC[C@H]3O[C@H](n4cnc5c(N)ncnc54)[C@H](O)[C@@H]3O)[C@@H](O)[C@H]2O)C=CC1,0.238359258,-2.303757668,2.052531481
arm_PEDS18111Z1845Z9Z12Z15Z,Glycerolipid metabolism,O48663_wild,O=O,0.447934449,-2.184913874,1.77226758
arm_PEDS18111Z1845Z9Z12Z15Z,Glycerolipid metabolism,O48663_wild,CCCCCC/C=C\CCCCCCCCCC(=O)OC[C@H](COP(=O)(O)OCCN)OC(=O)CCC/C=C\CC/C=C\C/C=C\CCCCC,0.273173422,-2.160225868,1.808292627
arm_PEDS1819Z1829Z12Z,Glycerolipid metabolism,A8IR24_wild,NC(=O)C1=CN([C@@H]2O[C@H](COP(=O)(O)OP(=O)(O)OC[C@H]3O[C@H](n4cnc5c(N)ncnc54)[C@H](O)[C@@H]3O)[C@@H](O)[C@H]2O)C=CC1,0.37613377,-2.2967453,2.439123869
arm_PEDS1819Z1829Z12Z,Glycerolipid metabolism,A8IR24_wild,O=O,0.487098128,-1.985033393,2.092821121
arm_PEDS1819Z1829Z12Z,Glycerolipid metabolism,A8IR24_wild,CCCCCCCC/C=C\CCCCCCCC(=O)OC[C@H](COP(=O)(O)OCCN)OC(=O)CCCCCCC/C=C\CCCCCCCC,0.312234163,-1.820661783,1.884993792
arm_PEDS1819Z1829Z12Z,Glycerolipid metabolism,O48663_wild,NC(=O)C1=CN([C@@H]2O[C@H](COP(=O)(O)OP(=O)(O)OC[C@H]3O[C@H](n4cnc5c(N)ncnc54)[C@H](O)[C@@H]3O)[C@@H](O)[C@H]2O)C=CC1,0.238359258,-2.303757668,2.052531481
arm_PEDS1819Z1829Z12Z,Glycerolipid metabolism,O48663_wild,O=O,0.447934449,-2.184913874,1.77226758
arm_PEDS1819Z1829Z12Z,Glycerolipid metabolism,O48663_wild,CCCCCCCC/C=C\CCCCCCCC(=O)OC[C@H](COP(=O)(O)OCCN)OC(=O)CCCCCCC/C=C\CCCCCCCC,0.311361402,-1.96658957,1.694126487
arm_PEDS1819Z1845Z9Z12Z15Z,Glycerolipid metabolism,A0A2K3E763_wild,NC(=O)C1=CN([C@@H]2O[C@H](COP(=O)(O)OP(=O)(O)OC[C@H]3O[C@H](n4cnc5c(N)ncnc54)[C@H](O)[C@@H]3O)[C@@H](O)[C@H]2O)C=CC1,0.146980047,-2.195357323,1.05403161
arm_PEDS1819Z1845Z9Z12Z15Z,Glycerolipid metabolism,A0A2K3E763_wild,O=O,0.087087259,-1.231926918,0.705530047
arm_PEDS1819Z1845Z9Z12Z15Z,Glycerolipid metabolism,A0A2K3E763_wild,CCCCCCCC/C=C\CCCCCCCC(=O)OC[C@H](COP(=O)(O)OCCN)OC(=O)CCC/C=C\CC/C=C\C/C=C\CCCCC,-0.119432829,-2.06144619,0.664077163
arm_PEDS1819Z1845Z9Z12Z15Z,Glycerolipid metabolism,A0A2K3E764_wild,NC(=O)C1=CN([C@@H]2O[C@H](COP(=O)(O)OP(=O)(O)OC[C@H]3O[C@H](n4cnc5c(N)ncnc54)[C@H](O)[C@@H]3O)[C@@H](O)[C@H]2O)C=CC1,0.293556273,-2.367789507,2.062114954
arm_PEDS1819Z1845Z9Z12Z15Z,Glycerolipid metabolism,A0A2K3E764_wild,O=O,0.383751512,-2.152342558,1.760609627
arm_PEDS1819Z1845Z9Z12Z15Z,Glycerolipid metabolism,A0A2K3E764_wild,CCCCCCCC/C=C\CCCCCCCC(=O)OC[C@H](COP(=O)(O)OCCN)OC(=O)CCC/C=C\CC/C=C\C/C=C\CCCCC,0.279261917,-2.266630173,1.742261648
arm_PEDS1819Z1845Z9Z12Z15Z,Glycerolipid metabolism,A0A2K3E7B0_wild,NC(=O)C1=CN([C@@H]2O[C@H](COP(=O)(O)OP(=O)(O)OC[C@H]3O[C@H](n4cnc5c(N)ncnc54)[C@H](O)[C@@H]3O)[C@@H](O)[C@H]2O)C=CC1,0.128532395,-1.714340568,1.271950006
arm_PEDS1819Z1845Z9Z12Z15Z,Glycerolipid metabolism,A0A2K3E7B0_wild,O=O,0.005215553,-0.995010853,0.884747684
arm_PEDS1819Z1845Z9Z12Z15Z,Glycerolipid metabolism,A0A2K3E7B0_wild,CCCCCCCC/C=C\CCCCCCCC(=O)OC[C@H](COP(=O)(O)OCCN)OC(=O)CCC/C=C\CC/C=C\C/C=C\CCCCC,0.057117034,-1.694421053,1.028478622
arm_PEDS1819Z1845Z9Z12Z15Z,Glycerolipid metabolism,A8IR24_wild,NC(=O)C1=CN([C@@H]2O[C@H](COP(=O)(O)OP(=O)(O)OC[C@H]3O[C@H](n4cnc5c(N)ncnc54)[C@H](O)[C@@H]3O)[C@@H](O)[C@H]2O)C=CC1,0.37613377,-2.2967453,2.439123869
arm_PEDS1819Z1845Z9Z12Z15Z,Glycerolipid metabolism,A8IR24_wild,O=O,0.487098128,-1.985033393,2.092821121
arm_PEDS1819Z1845Z9Z12Z15Z,Glycerolipid metabolism,A8IR24_wild,CCCCCCCC/C=C\CCCCCCCC(=O)OC[C@H](COP(=O)(O)OCCN)OC(=O)CCC/C=C\CC/C=C\C/C=C\CCCCC,0.264820337,-2.078472853,1.999190331
arm_PEDS1819Z1845Z9Z12Z15Z,Glycerolipid metabolism,O48663_wild,NC(=O)C1=CN([C@@H]2O[C@H](COP(=O)(O)OP(=O)(O)OC[C@H]3O[C@H](n4cnc5c(N)ncnc54)[C@H](O)[C@@H]3O)[C@@H](O)[C@H]2O)C=CC1,0.238359258,-2.303757668,2.052531481
arm_PEDS1819Z1845Z9Z12Z15Z,Glycerolipid metabolism,O48663_wild,O=O,0.447934449,-2.184913874,1.77226758
arm_PEDS1819Z1845Z9Z12Z15Z,Glycerolipid metabolism,O48663_wild,CCCCCCCC/C=C\CCCCCCCC(=O)OC[C@H](COP(=O)(O)OCCN)OC(=O)CCC/C=C\CC/C=C\C/C=C\CCCCC,0.225113899,-2.210995913,1.793162942
arm_PEDS1829Z12Z1835Z9Z12Z,Glycerolipid metabolism,A8IR24_wild,NC(=O)C1=CN([C@@H]2O[C@H](COP(=O)(O)OP(=O)(O)OC[C@H]3O[C@H](n4cnc5c(N)ncnc54)[C@H](O)[C@@H]3O)[C@@H](O)[C@H]2O)C=CC1,0.37613377,-2.2967453,2.439123869
arm_PEDS1829Z12Z1835Z9Z12Z,Glycerolipid metabolism,A8IR24_wild,O=O,0.487098128,-1.985033393,2.092821121
arm_PEDS1829Z12Z1835Z9Z12Z,Glycerolipid metabolism,A8IR24_wild,CCCCCCCC/C=C\CCCCCCCC(=O)OC[C@H](COP(=O)(O)OCCN)OC(=O)CCC/C=C\CC/C=C\C/C=C\CCCCC,0.264820337,-2.078472853,1.999190331
arm_PEDS1829Z12Z1835Z9Z12Z,Glycerolipid metabolism,O48663_wild,NC(=O)C1=CN([C@@H]2O[C@H](COP(=O)(O)OP(=O)(O)OC[C@H]3O[C@H](n4cnc5c(N)ncnc54)[C@H](O)[C@@H]3O)[C@@H](O)[C@H]2O)C=CC1,0.238359258,-2.303757668,2.052531481
arm_PEDS1829Z12Z1835Z9Z12Z,Glycerolipid metabolism,O48663_wild,O=O,0.447934449,-2.184913874,1.77226758
arm_PEDS1829Z12Z1835Z9Z12Z,Glycerolipid metabolism,O48663_wild,CCCCCCCC/C=C\CCCCCCCC(=O)OC[C@H](COP(=O)(O)OCCN)OC(=O)CCC/C=C\CC/C=C\C/C=C\CCCCC,0.225113899,-2.210995913,1.793162942
arm_SQDGW3DS1839Z12Z15Z160,Glycerolipid metabolism,A0A2K3CTD8_wild,C1C=CN(C=C1C(=O)N)[C@H]2[C@@H]([C@@H]([C@H](O2)COP(=O)(O)OP(=O)(O)OC[C@@H]3[C@H]([C@H]([C@@H](O3)N4C=NC5=C(N=CN=C54)N)OP(=O)(O)O)O)O)O,1.064813375,-2.432117462,2.418567181
arm_SQDGW3DS1839Z12Z15Z160,Glycerolipid metabolism,A0A2K3CTD8_wild,O=O,1.058802485,-2.072975636,2.015945673
arm_SQDGW3DS1839Z12Z15Z160,Glycerolipid metabolism,A0A2K3CTD8_wild,CCCCC/C=C\C/C=C\CCCCCCCC(=O)OC[C@H](CO[C@@H]1[C@@H]([C@H]([C@@H]([C@H](O1)CS(=O)(=O)O)O)O)O)OC(=O)CCCCCCCCCCCCCCC,0.748409748,-2.320873737,2.010721684
arm_SQDGW3DS1839Z12Z15Z160,Glycerolipid metabolism,A8HMC4_wild,C1C=CN(C=C1C(=O)N)[C@H]2[C@@H]([C@@H]([C@H](O2)COP(=O)(O)OP(=O)(O)OC[C@@H]3[C@H]([C@H]([C@@H](O3)N4C=NC5=C(N=CN=C54)N)OP(=O)(O)O)O)O)O,0.595166087,-1.981671333,2.276490688
arm_SQDGW3DS1839Z12Z15Z160,Glycerolipid metabolism,A8HMC4_wild,O=O,0.709893405,-2.109255075,2.064291716
arm_SQDGW3DS1839Z12Z15Z160,Glycerolipid metabolism,A8HMC4_wild,CCCCC/C=C\C/C=C\CCCCCCCC(=O)OC[C@H](CO[C@@H]1[C@@H]([C@H]([C@@H]([C@H](O1)CS(=O)(=O)O)O)O)O)OC(=O)CCCCCCCCCCCCCCC,0.268265396,-1.846076608,1.82920146
arm_SQDGW3DS1839Z12Z15Z160,Glycerolipid metabolism,Q2HZ21_wild,C1C=CN(C=C1C(=O)N)[C@H]2[C@@H]([C@@H]([C@H](O2)COP(=O)(O)OP(=O)(O)OC[C@@H]3[C@H]([C@H]([C@@H](O3)N4C=NC5=C(N=CN=C54)N)OP(=O)(O)O)O)O)O,0.771763265,-2.15124774,2.11893177
arm_SQDGW3DS1839Z12Z15Z160,Glycerolipid metabolism,Q2HZ21_wild,O=O,0.768349051,-1.936388612,1.85402751
arm_SQDGW3DS1839Z12Z15Z160,Glycerolipid metabolism,Q2HZ21_wild,CCCCC/C=C\C/C=C\CCCCCCCC(=O)OC[C@H](CO[C@@H]1[C@@H]([C@H]([C@@H]([C@H](O1)CS(=O)(=O)O)O)O)O)OC(=O)CCCCCCCCCCCCCCC,0.359897733,-2.150123119,1.705950499
arm_SQDGW3DS1839Z12Z15Z160,Glycerolipid metabolism,Q2HZ22_wild,C1C=CN(C=C1C(=O)N)[C@H]2[C@@H]([C@@H]([C@H](O2)COP(=O)(O)OP(=O)(O)OC[C@@H]3[C@H]([C@H]([C@@H](O3)N4C=NC5=C(N=CN=C54)N)OP(=O)(O)O)O)O)O,0.464075714,-2.342596769,2.03883338
arm_SQDGW3DS1839Z12Z15Z160,Glycerolipid metabolism,Q2HZ22_wild,O=O,0.537731409,-1.965953469,1.65201354
arm_SQDGW3DS1839Z12Z15Z160,Glycerolipid metabolism,Q2HZ22_wild,CCCCC/C=C\C/C=C\CCCCCCCC(=O)OC[C@H](CO[C@@H]1[C@@H]([C@H]([C@@H]([C@H](O1)CS(=O)(=O)O)O)O)O)OC(=O)CCCCCCCCCCCCCCC,0.22253871,-2.280289412,1.698539138
arm_SQDGW3DS1839Z12Z15Z160,Glycerolipid metabolism,Q2HZ23_wild,C1C=CN(C=C1C(=O)N)[C@H]2[C@@H]([C@@H]([C@H](O2)COP(=O)(O)OP(=O)(O)OC[C@@H]3[C@H]([C@H]([C@@H](O3)N4C=NC5=C(N=CN=C54)N)OP(=O)(O)O)O)O)O,1.018737197,-2.293547392,2.223756313
arm_SQDGW3DS1839Z12Z15Z160,Glycerolipid metabolism,Q2HZ23_wild,O=O,0.975109458,-1.921997309,1.850872755
arm_SQDGW3DS1839Z12Z15Z160,Glycerolipid metabolism,Q2HZ23_wild,CCCCC/C=C\C/C=C\CCCCCCCC(=O)OC[C@H](CO[C@@H]1[C@@H]([C@H]([C@@H]([C@H](O1)CS(=O)(=O)O)O)O)O)OC(=O)CCCCCCCCCCCCCCC,0.695303798,-2.189074278,1.801194549
arm_SQDGW3DS1839Z12Z15Z160,Glycerolipid metabolism,Q2HZ24_wild,C1C=CN(C=C1C(=O)N)[C@H]2[C@@H]([C@@H]([C@H](O2)COP(=O)(O)OP(=O)(O)OC[C@@H]3[C@H]([C@H]([C@@H](O3)N4C=NC5=C(N=CN=C54)N)OP(=O)(O)O)O)O)O,1.526150465,-2.361738205,2.588181257
arm_SQDGW3DS1839Z12Z15Z160,Glycerolipid metabolism,Q2HZ24_wild,O=O,1.439333439,-2.030860424,2.160542011
arm_SQDGW3DS1839Z12Z15Z160,Glycerolipid metabolism,Q2HZ24_wild,CCCCC/C=C\C/C=C\CCCCCCCC(=O)OC[C@H](CO[C@@H]1[C@@H]([C@H]([C@@H]([C@H](O1)CS(=O)(=O)O)O)O)O)OC(=O)CCCCCCCCCCCCCCC,1.153155446,-2.246586323,2.139317513
arm_SQDGW6DS1829Z12Z160,Glycerolipid metabolism,A0A2K3CTD8_wild,C1C=CN(C=C1C(=O)N)[C@H]2[C@@H]([C@@H]([C@H](O2)COP(=O)(O)OP(=O)(O)OC[C@@H]3[C@H]([C@H]([C@@H](O3)N4C=NC5=C(N=CN=C54)N)OP(=O)(O)O)O)O)O,1.064813375,-2.432117462,2.418567181
arm_SQDGW6DS1829Z12Z160,Glycerolipid metabolism,A0A2K3CTD8_wild,O=O,1.058802485,-2.072975636,2.015945673
arm_SQDGW6DS1829Z12Z160,Glycerolipid metabolism,A0A2K3CTD8_wild,CCCCCCCC/C=C\CCCCCCCC(=O)OC[C@H](CO[C@@H]1[C@@H]([C@H]([C@@H]([C@H](O1)CS(=O)(=O)O)O)O)O)OC(=O)CCCCCCCCCCCCCCC,0.729246199,-2.407768011,2.063987255
arm_SQDGW6DS1829Z12Z160,Glycerolipid metabolism,O48663_wild,C1C=CN(C=C1C(=O)N)[C@H]2[C@@H]([C@@H]([C@H](O2)COP(=O)(O)OP(=O)(O)OC[C@@H]3[C@H]([C@H]([C@@H](O3)N4C=NC5=C(N=CN=C54)N)OP(=O)(O)O)O)O)O,0.277104169,-1.961031318,1.949942946
arm_SQDGW6DS1829Z12Z160,Glycerolipid metabolism,O48663_wild,O=O,0.447934449,-2.184913874,1.77226758
arm_SQDGW6DS1829Z12Z160,Glycerolipid metabolism,O48663_wild,CCCCCCCC/C=C\CCCCCCCC(=O)OC[C@H](CO[C@@H]1[C@@H]([C@H]([C@@H]([C@H](O1)CS(=O)(=O)O)O)O)O)OC(=O)CCCCCCCCCCCCCCC,-0.028005127,-1.983538628,1.652178526
arm_SQDGW6DS1829Z12Z160,Glycerolipid metabolism,Q2HZ21_wild,C1C=CN(C=C1C(=O)N)[C@H]2[C@@H]([C@@H]([C@H](O2)COP(=O)(O)OP(=O)(O)OC[C@@H]3[C@H]([C@H]([C@@H](O3)N4C=NC5=C(N=CN=C54)N)OP(=O)(O)O)O)O)O,0.771763265,-2.15124774,2.11893177
arm_SQDGW6DS1829Z12Z160,Glycerolipid metabolism,Q2HZ21_wild,O=O,0.768349051,-1.936388612,1.85402751
arm_SQDGW6DS1829Z12Z160,Glycerolipid metabolism,Q2HZ21_wild,CCCCCCCC/C=C\CCCCCCCC(=O)OC[C@H](CO[C@@H]1[C@@H]([C@H]([C@@H]([C@H](O1)CS(=O)(=O)O)O)O)O)OC(=O)CCCCCCCCCCCCCCC,0.35365814,-2.224987268,1.766103506
arm_SQDGW6DS1829Z12Z160,Glycerolipid metabolism,Q2HZ22_wild,C1C=CN(C=C1C(=O)N)[C@H]2[C@@H]([C@@H]([C@H](O2)COP(=O)(O)OP(=O)(O)OC[C@@H]3[C@H]([C@H]([C@@H](O3)N4C=NC5=C(N=CN=C54)N)OP(=O)(O)O)O)O)O,0.464075714,-2.342596769,2.03883338
arm_SQDGW6DS1829Z12Z160,Glycerolipid metabolism,Q2HZ22_wild,O=O,0.537731409,-1.965953469,1.65201354
arm_SQDGW6DS1829Z12Z160,Glycerolipid metabolism,Q2HZ22_wild,CCCCCCCC/C=C\CCCCCCCC(=O)OC[C@H](CO[C@@H]1[C@@H]([C@H]([C@@H]([C@H](O1)CS(=O)(=O)O)O)O)O)OC(=O)CCCCCCCCCCCCCCC,0.204196602,-2.36332345,1.750845909
arm_SQDGW6DS1829Z12Z160,Glycerolipid metabolism,Q2HZ23_wild,C1C=CN(C=C1C(=O)N)[C@H]2[C@@H]([C@@H]([C@H](O2)COP(=O)(O)OP(=O)(O)OC[C@@H]3[C@H]([C@H]([C@@H](O3)N4C=NC5=C(N=CN=C54)N)OP(=O)(O)O)O)O)O,1.018737197,-2.293547392,2.223756313
arm_SQDGW6DS1829Z12Z160,Glycerolipid metabolism,Q2HZ23_wild,O=O,0.975109458,-1.921997309,1.850872755
arm_SQDGW6DS1829Z12Z160,Glycerolipid metabolism,Q2HZ23_wild,CCCCCCCC/C=C\CCCCCCCC(=O)OC[C@H](CO[C@@H]1[C@@H]([C@H]([C@@H]([C@H](O1)CS(=O)(=O)O)O)O)O)OC(=O)CCCCCCCCCCCCCCC,0.676671803,-2.286289692,1.864572287
arm_SQDGW6DS1829Z12Z160,Glycerolipid metabolism,Q2HZ24_wild,C1C=CN(C=C1C(=O)N)[C@H]2[C@@H]([C@@H]([C@H](O2)COP(=O)(O)OP(=O)(O)OC[C@@H]3[C@H]([C@H]([C@@H](O3)N4C=NC5=C(N=CN=C54)N)OP(=O)(O)O)O)O)O,1.526150465,-2.361738205,2.588181257
arm_SQDGW6DS1829Z12Z160,Glycerolipid metabolism,Q2HZ24_wild,O=O,1.439333439,-2.030860424,2.160542011
arm_SQDGW6DS1829Z12Z160,Glycerolipid metabolism,Q2HZ24_wild,CCCCCCCC/C=C\CCCCCCCC(=O)OC[C@H](CO[C@@H]1[C@@H]([C@H]([C@@H]([C@H](O1)CS(=O)(=O)O)O)O)O)OC(=O)CCCCCCCCCCCCCCC,1.130326629,-2.339927197,2.199204206
arm_TAGAH16018111Z160,Glycerolipid metabolism,A0A2K3CNS0_wild,O,1.674396753,-0.391487539,1.393553734
arm_TAGAH16018111Z160,Glycerolipid metabolism,A0A2K3CNS0_wild,CCCCCCCCCCCCCCCC(=O)OC[C@H](COC(=O)CCCCCCCCCCCCCCC)OC(=O)CCCCCCCCC/C=C\CCCCCC,0.44554013,-1.270381689,1.285488367
arm_TAGAH16018111Z160,Glycerolipid metabolism,A0A2K3CNU4_wild,O,1.318306327,-0.347388625,0.713401675
arm_TAGAH16018111Z160,Glycerolipid metabolism,A0A2K3CNU4_wild,CCCCCCCCCCCCCCCC(=O)OC[C@H](COC(=O)CCCCCCCCCCCCCCC)OC(=O)CCCCCCCCC/C=C\CCCCCC,-0.021183068,-1.003769398,0.7625916
arm_TAGAH16018111Z160,Glycerolipid metabolism,A0A2K3CX99_wild,O,1.983316779,0.080360517,1.200588346
arm_TAGAH16018111Z160,Glycerolipid metabolism,A0A2K3CX99_wild,CCCCCCCCCCCCCCCC(=O)OC[C@H](COC(=O)CCCCCCCCCCCCCCC)OC(=O)CCCCCCCCC/C=C\CCCCCC,1.058364272,-0.297486484,0.960579276
arm_TAGAH16018111Z160,Glycerolipid metabolism,A0A2K3CXJ3_wild,O,1.674777746,0.549110055,0.858112693
arm_TAGAH16018111Z160,Glycerolipid metabolism,A0A2K3CXJ3_wild,CCCCCCCCCCCCCCCC(=O)OC[C@H](COC(=O)CCCCCCCCCCCCCCC)OC(=O)CCCCCCCCC/C=C\CCCCCC,0.84461385,-0.020533698,0.566002011
arm_TAGAH16018111Z160,Glycerolipid metabolism,A0A2K3D3D3_wild,O,2.215553522,-0.069598481,1.319882751
arm_TAGAH16018111Z160,Glycerolipid metabolism,A0A2K3D3D3_wild,CCCCCCCCCCCCCCCC(=O)OC[C@H](COC(=O)CCCCCCCCCCCCCCC)OC(=O)CCCCCCCCC/C=C\CCCCCC,1.151211619,-0.812399209,1.297141314
arm_TAGAH16018111Z160,Glycerolipid metabolism,A0A2K3D710_wild,O,1.083993793,-0.499323994,0.597153485
arm_TAGAH16018111Z160,Glycerolipid metabolism,A0A2K3D710_wild,CCCCCCCCCCCCCCCC(=O)OC[C@H](COC(=O)CCCCCCCCCCCCCCC)OC(=O)CCCCCCCCC/C=C\CCCCCC,-0.10385181,-1.206204653,0.433047533
arm_TAGAH16018111Z160,Glycerolipid metabolism,A0A2K3D712_wild,O,1.086323023,-0.500079513,0.601320088
arm_TAGAH16018111Z160,Glycerolipid metabolism,A0A2K3D712_wild,CCCCCCCCCCCCCCCC(=O)OC[C@H](COC(=O)CCCCCCCCCCCCCCC)OC(=O)CCCCCCCCC/C=C\CCCCCC,-0.106799878,-1.211860299,0.442601532
arm_TAGAH16018111Z160,Glycerolipid metabolism,A0A2K3DJ66_wild,O,1.498929977,-0.405866474,1.3382442
arm_TAGAH16018111Z160,Glycerolipid metabolism,A0A2K3DJ66_wild,CCCCCCCCCCCCCCCC(=O)OC[C@H](COC(=O)CCCCCCCCCCCCCCC)OC(=O)CCCCCCCCC/C=C\CCCCCC,0.515685439,-0.917921245,1.216670632
arm_TAGAH16018111Z160,Glycerolipid metabolism,A0A2K3DJA9_wild,O,1.298353791,-0.23264727,0.978991866
arm_TAGAH16018111Z160,Glycerolipid metabolism,A0A2K3DJA9_wild,CCCCCCCCCCCCCCCC(=O)OC[C@H](COC(=O)CCCCCCCCCCCCCCC)OC(=O)CCCCCCCCC/C=C\CCCCCC,0.180731252,-0.757211924,0.799449325
arm_TAGAH16018111Z160,Glycerolipid metabolism,A0A2K3DNL2_wild,O,1.090560675,-0.6161834,1.18495059
arm_TAGAH16018111Z160,Glycerolipid metabolism,A0A2K3DNL2_wild,CCCCCCCCCCCCCCCC(=O)OC[C@H](COC(=O)CCCCCCCCCCCCCCC)OC(=O)CCCCCCCCC/C=C\CCCCCC,-0.135742605,-1.423538446,1.237097502
arm_TAGAH16018111Z160,Glycerolipid metabolism,A0A2K3DSP4_wild,O,1.604065537,0.430392563,0.748819232
arm_TAGAH16018111Z160,Glycerolipid metabolism,A0A2K3DSP4_wild,CCCCCCCCCCCCCCCC(=O)OC[C@H](COC(=O)CCCCCCCCCCCCCCC)OC(=O)CCCCCCCCC/C=C\CCCCCC,0.633158326,-0.271594524,0.724019587
arm_TAGAH16018111Z160,Glycerolipid metabolism,A0A2K3DV73_wild,O,1.299811959,-0.627304137,1.012681723
arm_TAGAH16018111Z160,Glycerolipid metabolism,A0A2K3DV73_wild,CCCCCCCCCCCCCCCC(=O)OC[C@H](COC(=O)CCCCCCCCCCCCCCC)OC(=O)CCCCCCCCC/C=C\CCCCCC,-0.030738289,-1.38409543,0.95627147
arm_TAGAH16018111Z160,Glycerolipid metabolism,A0A2K3DYG4_wild,O,1.518248558,-0.670566797,1.197124243
arm_TAGAH16018111Z160,Glycerolipid metabolism,A0A2K3DYG4_wild,CCCCCCCCCCCCCCCC(=O)OC[C@H](COC(=O)CCCCCCCCCCCCCCC)OC(=O)CCCCCCCCC/C=C\CCCCCC,0.354204655,-1.3514328,1.110229135
arm_TAGAH16018111Z160,Glycerolipid metabolism,A0A2K3E4U8_wild,O,1.536249161,0.210874319,1.361546159
arm_TAGAH16018111Z160,Glycerolipid metabolism,A0A2K3E4U8_wild,CCCCCCCCCCCCCCCC(=O)OC[C@H](COC(=O)CCCCCCCCCCCCCCC)OC(=O)CCCCCCCCC/C=C\CCCCCC,0.539478481,-0.28420791,1.09036839
arm_TAGAH16018111Z160,Glycerolipid metabolism,A8J056_wild,O,2.119389534,-0.033908162,1.762816668
arm_TAGAH16018111Z160,Glycerolipid metabolism,A8J056_wild,CCCCCCCCCCCCCCCC(=O)OC[C@H](COC(=O)CCCCCCCCCCCCCCC)OC(=O)CCCCCCCCC/C=C\CCCCCC,1.166225791,-0.296490878,1.487964511
arm_TAGAH16018111Z180,Glycerolipid metabolism,A0A2K3CNS0_wild,O,1.674396753,-0.391487539,1.393553734
arm_TAGAH16018111Z180,Glycerolipid metabolism,A0A2K3CNS0_wild,CCCCCCCCCCCCCCCC(=O)OC[C@H](COC(=O)CCCCCCCCCCCCCCCCC)OC(=O)CCCCCCCCC/C=C\CCCCCC,0.4960967,-1.160737276,1.283983827
arm_TAGAH16018111Z180,Glycerolipid metabolism,A0A2K3CNU4_wild,O,1.318306327,-0.347388625,0.713401675
arm_TAGAH16018111Z180,Glycerolipid metabolism,A0A2K3CNU4_wild,CCCCCCCCCCCCCCCC(=O)OC[C@H](COC(=O)CCCCCCCCCCCCCCCCC)OC(=O)CCCCCCCCC/C=C\CCCCCC,0.028548867,-0.889278889,0.757599235
arm_TAGAH16018111Z180,Glycerolipid metabolism,A0A2K3CX99_wild,O,1.983316779,0.080360517,1.200588346
arm_TAGAH16018111Z180,Glycerolipid metabolism,A0A2K3CX99_wild,CCCCCCCCCCCCCCCC(=O)OC[C@H](COC(=O)CCCCCCCCCCCCCCCCC)OC(=O)CCCCCCCCC/C=C\CCCCCC,1.113795996,-0.191746622,0.970813155
arm_TAGAH16018111Z180,Glycerolipid metabolism,A0A2K3CXJ3_wild,O,1.674777746,0.549110055,0.858112693
arm_TAGAH16018111Z180,Glycerolipid metabolism,A0A2K3CXJ3_wild,CCCCCCCCCCCCCCCC(=O)OC[C@H](COC(=O)CCCCCCCCCCCCCCCCC)OC(=O)CCCCCCCCC/C=C\CCCCCC,0.903101087,0.083219647,0.573990345
arm_TAGAH16018111Z180,Glycerolipid metabolism,A0A2K3D3D3_wild,O,2.215553522,-0.069598481,1.319882751
arm_TAGAH16018111Z180,Glycerolipid metabolism,A0A2K3D3D3_wild,CCCCCCCCCCCCCCCC(=O)OC[C@H](COC(=O)CCCCCCCCCCCCCCCCC)OC(=O)CCCCCCCCC/C=C\CCCCCC,1.206719518,-0.712735176,1.30418551
arm_TAGAH16018111Z180,Glycerolipid metabolism,A0A2K3D710_wild,O,1.083993793,-0.499323994,0.597153485
arm_TAGAH16018111Z180,Glycerolipid metabolism,A0A2K3D710_wild,CCCCCCCCCCCCCCCC(=O)OC[C@H](COC(=O)CCCCCCCCCCCCCCCCC)OC(=O)CCCCCCCCC/C=C\CCCCCC,-0.05144906,-1.086776614,0.432831347
arm_TAGAH16018111Z180,Glycerolipid metabolism,A0A2K3D712_wild,O,1.086323023,-0.500079513,0.601320088
arm_TAGAH16018111Z180,Glycerolipid metabolism,A0A2K3D712_wild,CCCCCCCCCCCCCCCC(=O)OC[C@H](COC(=O)CCCCCCCCCCCCCCCCC)OC(=O)CCCCCCCCC/C=C\CCCCCC,-0.055115014,-1.091721177,0.442095101
arm_TAGAH16018111Z180,Glycerolipid metabolism,A0A2K3DJ66_wild,O,1.498929977,-0.405866474,1.3382442
arm_TAGAH16018111Z180,Glycerolipid metabolism,A0A2K3DJ66_wild,CCCCCCCCCCCCCCCC(=O)OC[C@H](COC(=O)CCCCCCCCCCCCCCCCC)OC(=O)CCCCCCCCC/C=C\CCCCCC,0.551741838,-0.809273541,1.212368727
arm_TAGAH16018111Z180,Glycerolipid metabolism,A0A2K3DJA9_wild,O,1.298353791,-0.23264727,0.978991866
arm_TAGAH16018111Z180,Glycerolipid metabolism,A0A2K3DJA9_wild,CCCCCCCCCCCCCCCC(=O)OC[C@H](COC(=O)CCCCCCCCCCCCCCCCC)OC(=O)CCCCCCCCC/C=C\CCCCCC,0.222767904,-0.656606257,0.798883557
arm_TAGAH16018111Z180,Glycerolipid metabolism,A0A2K3DNL2_wild,O,1.090560675,-0.6161834,1.18495059
arm_TAGAH16018111Z180,Glycerolipid metabolism,A0A2K3DNL2_wild,CCCCCCCCCCCCCCCC(=O)OC[C@H](COC(=O)CCCCCCCCCCCCCCCCC)OC(=O)CCCCCCCCC/C=C\CCCCCC,-0.093959637,-1.316790581,1.228442669
arm_TAGAH16018111Z180,Glycerolipid metabolism,A0A2K3DSP4_wild,O,1.604065537,0.430392563,0.748819232
arm_TAGAH16018111Z180,Glycerolipid metabolism,A0A2K3DSP4_wild,CCCCCCCCCCCCCCCC(=O)OC[C@H](COC(=O)CCCCCCCCCCCCCCCCC)OC(=O)CCCCCCCCC/C=C\CCCCCC,0.686310768,-0.169972464,0.7314533
arm_TAGAH16018111Z180,Glycerolipid metabolism,A0A2K3DV73_wild,O,1.299811959,-0.627304137,1.012681723
arm_TAGAH16018111Z180,Glycerolipid metabolism,A0A2K3DV73_wild,CCCCCCCCCCCCCCCC(=O)OC[C@H](COC(=O)CCCCCCCCCCCCCCCCC)OC(=O)CCCCCCCCC/C=C\CCCCCC,0.009094874,-1.274085045,0.947823346
arm_TAGAH16018111Z180,Glycerolipid metabolism,A0A2K3DYG4_wild,O,1.518248558,-0.670566797,1.197124243
arm_TAGAH16018111Z180,Glycerolipid metabolism,A0A2K3DYG4_wild,CCCCCCCCCCCCCCCC(=O)OC[C@H](COC(=O)CCCCCCCCCCCCCCCCC)OC(=O)CCCCCCCCC/C=C\CCCCCC,0.40348658,-1.239972115,1.108353853
arm_TAGAH16018111Z180,Glycerolipid metabolism,A0A2K3E4U8_wild,O,1.536249161,0.210874319,1.361546159
arm_TAGAH16018111Z180,Glycerolipid metabolism,A0A2K3E4U8_wild,CCCCCCCCCCCCCCCC(=O)OC[C@H](COC(=O)CCCCCCCCCCCCCCCCC)OC(=O)CCCCCCCCC/C=C\CCCCCC,0.586447179,-0.1846755,1.095597029
arm_TAGAH16018111Z180,Glycerolipid metabolism,A8J056_wild,O,2.119389534,-0.033908162,1.762816668
arm_TAGAH16018111Z180,Glycerolipid metabolism,A8J056_wild,CCCCCCCCCCCCCCCC(=O)OC[C@H](COC(=O)CCCCCCCCCCCCCCCCC)OC(=O)CCCCCCCCC/C=C\CCCCCC,1.214660645,-0.197585747,1.497252345
arm_TAGAH16018111Z18111Z,Glycerolipid metabolism,A0A2K3CNS0_wild,O,1.674396753,-0.391487539,1.393553734
arm_TAGAH16018111Z18111Z,Glycerolipid metabolism,A0A2K3CNS0_wild,CCCCCCCCCCCCCCCC(=O)OC[C@H](COC(=O)CCCCCCCCC/C=C\CCCCCC)OC(=O)CCCCCCCCC/C=C\CCCCCC,0.508615315,-1.594477773,1.528942108
arm_TAGAH16018111Z18111Z,Glycerolipid metabolism,A0A2K3CNU4_wild,O,1.318306327,-0.347388625,0.713401675
arm_TAGAH16018111Z18111Z,Glycerolipid metabolism,A0A2K3CNU4_wild,CCCCCCCCCCCCCCCC(=O)OC[C@H](COC(=O)CCCCCCCCC/C=C\CCCCCC)OC(=O)CCCCCCCCC/C=C\CCCCCC,0.046799522,-1.324949026,0.99427861
arm_TAGAH16018111Z18111Z,Glycerolipid metabolism,A0A2K3CX99_wild,O,1.983316779,0.080360517,1.200588346
arm_TAGAH16018111Z18111Z,Glycerolipid metabolism,A0A2K3CX99_wild,CCCCCCCCCCCCCCCC(=O)OC[C@H](COC(=O)CCCCCCCCC/C=C\CCCCCC)OC(=O)CCCCCCCCC/C=C\CCCCCC,1.098236442,-0.621485591,1.179415345
arm_TAGAH16018111Z18111Z,Glycerolipid metabolism,A0A2K3CXJ3_wild,O,1.674777746,0.549110055,0.858112693
arm_TAGAH16018111Z18111Z,Glycerolipid metabolism,A0A2K3CXJ3_wild,CCCCCCCCCCCCCCCC(=O)OC[C@H](COC(=O)CCCCCCCCC/C=C\CCCCCC)OC(=O)CCCCCCCCC/C=C\CCCCCC,0.919294059,-0.317900479,0.80457294
arm_TAGAH16018111Z18111Z,Glycerolipid metabolism,A0A2K3D3D3_wild,O,2.215553522,-0.069598481,1.319882751
arm_TAGAH16018111Z18111Z,Glycerolipid metabolism,A0A2K3D3D3_wild,CCCCCCCCCCCCCCCC(=O)OC[C@H](COC(=O)CCCCCCCCC/C=C\CCCCCC)OC(=O)CCCCCCCCC/C=C\CCCCCC,1.204716682,-1.139785767,1.530994177
arm_TAGAH16018111Z18111Z,Glycerolipid metabolism,A0A2K3D710_wild,O,1.083993793,-0.499323994,0.597153485
arm_TAGAH16018111Z18111Z,Glycerolipid metabolism,A0A2K3D710_wild,CCCCCCCCCCCCCCCC(=O)OC[C@H](COC(=O)CCCCCCCCC/C=C\CCCCCC)OC(=O)CCCCCCCCC/C=C\CCCCCC,-0.036480263,-1.494872093,0.658448398
arm_TAGAH16018111Z18111Z,Glycerolipid metabolism,A0A2K3D712_wild,O,1.086323023,-0.500079513,0.601320088
arm_TAGAH16018111Z18111Z,Glycerolipid metabolism,A0A2K3D712_wild,CCCCCCCCCCCCCCCC(=O)OC[C@H](COC(=O)CCCCCCCCC/C=C\CCCCCC)OC(=O)CCCCCCCCC/C=C\CCCCCC,-0.0385083,-1.499993205,0.6678617
arm_TAGAH16018111Z18111Z,Glycerolipid metabolism,A0A2K3DJ66_wild,O,1.498929977,-0.405866474,1.3382442
arm_TAGAH16018111Z18111Z,Glycerolipid metabolism,A0A2K3DJ66_wild,CCCCCCCCCCCCCCCC(=O)OC[C@H](COC(=O)CCCCCCCCC/C=C\CCCCCC)OC(=O)CCCCCCCCC/C=C\CCCCCC,0.591204882,-1.212695956,1.449710488
arm_TAGAH16018111Z18111Z,Glycerolipid metabolism,A0A2K3DJA9_wild,O,1.298353791,-0.23264727,0.978991866
arm_TAGAH16018111Z18111Z,Glycerolipid metabolism,A0A2K3DJA9_wild,CCCCCCCCCCCCCCCC(=O)OC[C@H](COC(=O)CCCCCCCCC/C=C\CCCCCC)OC(=O)CCCCCCCCC/C=C\CCCCCC,0.242350772,-1.055133343,1.023599863
arm_TAGAH16018111Z18111Z,Glycerolipid metabolism,A0A2K3DNL2_wild,O,1.090560675,-0.6161834,1.18495059
arm_TAGAH16018111Z18111Z,Glycerolipid metabolism,A0A2K3DNL2_wild,CCCCCCCCCCCCCCCC(=O)OC[C@H](COC(=O)CCCCCCCCC/C=C\CCCCCC)OC(=O)CCCCCCCCC/C=C\CCCCCC,-0.060139239,-1.711470604,1.450007915
arm_TAGAH16018111Z18111Z,Glycerolipid metabolism,A0A2K3DSP4_wild,O,1.604065537,0.430392563,0.748819232
arm_TAGAH16018111Z18111Z,Glycerolipid metabolism,A0A2K3DSP4_wild,CCCCCCCCCCCCCCCC(=O)OC[C@H](COC(=O)CCCCCCCCC/C=C\CCCCCC)OC(=O)CCCCCCCCC/C=C\CCCCCC,0.710002899,-0.595542371,0.964172482
arm_TAGAH16018111Z18111Z,Glycerolipid metabolism,A0A2K3DV73_wild,O,1.299811959,-0.627304137,1.012681723
arm_TAGAH16018111Z18111Z,Glycerolipid metabolism,A0A2K3DV73_wild,CCCCCCCCCCCCCCCC(=O)OC[C@H](COC(=O)CCCCCCCCC/C=C\CCCCCC)OC(=O)CCCCCCCCC/C=C\CCCCCC,0.042555567,-1.695309401,1.192200303
arm_TAGAH16018111Z18111Z,Glycerolipid metabolism,A0A2K3DYG4_wild,O,1.518248558,-0.670566797,1.197124243
arm_TAGAH16018111Z18111Z,Glycerolipid metabolism,A0A2K3DYG4_wild,CCCCCCCCCCCCCCCC(=O)OC[C@H](COC(=O)CCCCCCCCC/C=C\CCCCCC)OC(=O)CCCCCCCCC/C=C\CCCCCC,0.415516078,-1.658681512,1.328490496
arm_TAGAH16018111Z18111Z,Glycerolipid metabolism,A0A2K3E4U8_wild,O,1.536249161,0.210874319,1.361546159
arm_TAGAH16018111Z18111Z,Glycerolipid metabolism,A0A2K3E4U8_wild,CCCCCCCCCCCCCCCC(=O)OC[C@H](COC(=O)CCCCCCCCC/C=C\CCCCCC)OC(=O)CCCCCCCCC/C=C\CCCCCC,0.633409858,-0.571558595,1.352042556
arm_TAGAH16018111Z18111Z,Glycerolipid metabolism,A8J056_wild,O,2.119389534,-0.033908162,1.762816668
arm_TAGAH16018111Z18111Z,Glycerolipid metabolism,A8J056_wild,CCCCCCCCCCCCCCCC(=O)OC[C@H](COC(=O)CCCCCCCCC/C=C\CCCCCC)OC(=O)CCCCCCCCC/C=C\CCCCCC,1.237851858,-0.574414849,1.708721399
arm_TAGAH16018111Z1819Z,Glycerolipid metabolism,A0A2K3CNS0_wild,O,1.674396753,-0.391487539,1.393553734
arm_TAGAH16018111Z1819Z,Glycerolipid metabolism,A0A2K3CNS0_wild,CCCCCCCCCCCCCCCC(=O)OC[C@H](COC(=O)CCCCCCC/C=C\CCCCCCCC)OC(=O)CCCCCCCCC/C=C\CCCCCC,0.575898767,-1.590483904,1.568508267
arm_TAGAH16018111Z1819Z,Glycerolipid metabolism,A0A2K3CNU4_wild,O,1.318306327,-0.347388625,0.713401675
arm_TAGAH16018111Z1819Z,Glycerolipid metabolism,A0A2K3CNU4_wild,CCCCCCCCCCCCCCCC(=O)OC[C@H](COC(=O)CCCCCCC/C=C\CCCCCCCC)OC(=O)CCCCCCCCC/C=C\CCCCCC,0.115809403,-1.338249326,1.041003585
arm_TAGAH16018111Z1819Z,Glycerolipid metabolism,A0A2K3CX99_wild,O,1.983316779,0.080360517,1.200588346
arm_TAGAH16018111Z1819Z,Glycerolipid metabolism,A0A2K3CX99_wild,CCCCCCCCCCCCCCCC(=O)OC[C@H](COC(=O)CCCCCCC/C=C\CCCCCCCC)OC(=O)CCCCCCCCC/C=C\CCCCCC,1.158678293,-0.622146785,1.230757356
arm_TAGAH16018111Z1819Z,Glycerolipid metabolism,A0A2K3CXJ3_wild,O,1.674777746,0.549110055,0.858112693
arm_TAGAH16018111Z1819Z,Glycerolipid metabolism,A0A2K3CXJ3_wild,CCCCCCCCCCCCCCCC(=O)OC[C@H](COC(=O)CCCCCCC/C=C\CCCCCCCC)OC(=O)CCCCCCCCC/C=C\CCCCCC,0.985177517,-0.322333455,0.851986587
arm_TAGAH16018111Z1819Z,Glycerolipid metabolism,A0A2K3D3D3_wild,O,2.215553522,-0.069598481,1.319882751
arm_TAGAH16018111Z1819Z,Glycerolipid metabolism,A0A2K3D3D3_wild,CCCCCCCCCCCCCCCC(=O)OC[C@H](COC(=O)CCCCCCC/C=C\CCCCCCCC)OC(=O)CCCCCCCCC/C=C\CCCCCC,1.263581276,-1.144244552,1.576878786
arm_TAGAH16018111Z1819Z,Glycerolipid metabolism,A0A2K3D710_wild,O,1.083993793,-0.499323994,0.597153485
arm_TAGAH16018111Z1819Z,Glycerolipid metabolism,A0A2K3D710_wild,CCCCCCCCCCCCCCCC(=O)OC[C@H](COC(=O)CCCCCCC/C=C\CCCCCCCC)OC(=O)CCCCCCCCC/C=C\CCCCCC,0.03044101,-1.503321886,0.700195432
arm_TAGAH16018111Z1819Z,Glycerolipid metabolism,A0A2K3D712_wild,O,1.086323023,-0.500079513,0.601320088
arm_TAGAH16018111Z1819Z,Glycerolipid metabolism,A0A2K3D712_wild,CCCCCCCCCCCCCCCC(=O)OC[C@H](COC(=O)CCCCCCC/C=C\CCCCCCCC)OC(=O)CCCCCCCCC/C=C\CCCCCC,0.029015863,-1.508792639,0.709560573
arm_TAGAH16018111Z1819Z,Glycerolipid metabolism,A0A2K3DJ66_wild,O,1.498929977,-0.405866474,1.3382442
arm_TAGAH16018111Z1819Z,Glycerolipid metabolism,A0A2K3DJ66_wild,CCCCCCCCCCCCCCCC(=O)OC[C@H](COC(=O)CCCCCCC/C=C\CCCCCCCC)OC(=O)CCCCCCCCC/C=C\CCCCCC,0.641448677,-1.230093718,1.492965937
arm_TAGAH16018111Z1819Z,Glycerolipid metabolism,A0A2K3DJA9_wild,O,1.298353791,-0.23264727,0.978991866
arm_TAGAH16018111Z1819Z,Glycerolipid metabolism,A0A2K3DJA9_wild,CCCCCCCCCCCCCCCC(=O)OC[C@H](COC(=O)CCCCCCC/C=C\CCCCCCCC)OC(=O)CCCCCCCCC/C=C\CCCCCC,0.303614706,-1.068802238,1.0664258
arm_TAGAH16018111Z1819Z,Glycerolipid metabolism,A0A2K3DNL2_wild,O,1.090560675,-0.6161834,1.18495059
arm_TAGAH16018111Z1819Z,Glycerolipid metabolism,A0A2K3DNL2_wild,CCCCCCCCCCCCCCCC(=O)OC[C@H](COC(=O)CCCCCCC/C=C\CCCCCCCC)OC(=O)CCCCCCCCC/C=C\CCCCCC,0.003049433,-1.726478934,1.486090779
arm_TAGAH16018111Z1819Z,Glycerolipid metabolism,A0A2K3DSP4_wild,O,1.604065537,0.430392563,0.748819232
arm_TAGAH16018111Z1819Z,Glycerolipid metabolism,A0A2K3DSP4_wild,CCCCCCCCCCCCCCCC(=O)OC[C@H](COC(=O)CCCCCCC/C=C\CCCCCCCC)OC(=O)CCCCCCCCC/C=C\CCCCCC,0.767317951,-0.596086979,1.020623922
arm_TAGAH16018111Z1819Z,Glycerolipid metabolism,A0A2K3DV73_wild,O,1.299811959,-0.627304137,1.012681723
arm_TAGAH16018111Z1819Z,Glycerolipid metabolism,A0A2K3DV73_wild,CCCCCCCCCCCCCCCC(=O)OC[C@H](COC(=O)CCCCCCC/C=C\CCCCCCCC)OC(=O)CCCCCCCCC/C=C\CCCCCC,0.103653654,-1.711266875,1.231430888
arm_TAGAH16018111Z1819Z,Glycerolipid metabolism,A0A2K3DYG4_wild,O,1.518248558,-0.670566797,1.197124243
arm_TAGAH16018111Z1819Z,Glycerolipid metabolism,A0A2K3DYG4_wild,CCCCCCCCCCCCCCCC(=O)OC[C@H](COC(=O)CCCCCCC/C=C\CCCCCCCC)OC(=O)CCCCCCCCC/C=C\CCCCCC,0.480586857,-1.670308113,1.367474675
arm_TAGAH16018111Z1819Z,Glycerolipid metabolism,A0A2K3E4U8_wild,O,1.536249161,0.210874319,1.361546159
arm_TAGAH16018111Z1819Z,Glycerolipid metabolism,A0A2K3E4U8_wild,CCCCCCCCCCCCCCCC(=O)OC[C@H](COC(=O)CCCCCCC/C=C\CCCCCCCC)OC(=O)CCCCCCCCC/C=C\CCCCCC,0.687280357,-0.582036912,1.396860361
arm_TAGAH16018111Z1819Z,Glycerolipid metabolism,A8J056_wild,O,2.119389534,-0.033908162,1.762816668
arm_TAGAH16018111Z1819Z,Glycerolipid metabolism,A8J056_wild,CCCCCCCCCCCCCCCC(=O)OC[C@H](COC(=O)CCCCCCC/C=C\CCCCCCCC)OC(=O)CCCCCCCCC/C=C\CCCCCC,1.296498179,-0.590805888,1.752556205
arm_TAGAH16018111Z1835Z9Z12Z,Glycerolipid metabolism,A0A2K3CNS0_wild,O,1.674396753,-0.391487539,1.393553734
arm_TAGAH16018111Z1835Z9Z12Z,Glycerolipid metabolism,A0A2K3CNS0_wild,CCCCCCCCCCCCCCCC(=O)OC[C@H](COC(=O)CCC/C=C\CC/C=C\C/C=C\CCCCC)OC(=O)CCCCCCCCC/C=C\CCCCCC,0.311765939,-1.777166009,1.48534441
arm_TAGAH16018111Z1835Z9Z12Z,Glycerolipid metabolism,A0A2K3CNU4_wild,O,1.318306327,-0.347388625,0.713401675
arm_TAGAH16018111Z1835Z9Z12Z,Glycerolipid metabolism,A0A2K3CNU4_wild,CCCCCCCCCCCCCCCC(=O)OC[C@H](COC(=O)CCC/C=C\CC/C=C\C/C=C\CCCCC)OC(=O)CCCCCCCCC/C=C\CCCCCC,-0.114324316,-1.576837063,0.951308608
arm_TAGAH16018111Z1835Z9Z12Z,Glycerolipid metabolism,A0A2K3CX99_wild,O,1.983316779,0.080360517,1.200588346
arm_TAGAH16018111Z1835Z9Z12Z,Glycerolipid metabolism,A0A2K3CX99_wild,CCCCCCCCCCCCCCCC(=O)OC[C@H](COC(=O)CCC/C=C\CC/C=C\C/C=C\CCCCC)OC(=O)CCCCCCCCC/C=C\CCCCCC,0.847878814,-0.881032288,1.152306318
arm_TAGAH16018111Z1835Z9Z12Z,Glycerolipid metabolism,A0A2K3CXJ3_wild,O,1.674777746,0.549110055,0.858112693
arm_TAGAH16018111Z1835Z9Z12Z,Glycerolipid metabolism,A0A2K3CXJ3_wild,CCCCCCCCCCCCCCCC(=O)OC[C@H](COC(=O)CCC/C=C\CC/C=C\C/C=C\CCCCC)OC(=O)CCCCCCCCC/C=C\CCCCCC,0.674327314,-0.538691819,0.792281747
arm_TAGAH16018111Z1835Z9Z12Z,Glycerolipid metabolism,A0A2K3D3D3_wild,O,2.215553522,-0.069598481,1.319882751
arm_TAGAH16018111Z1835Z9Z12Z,Glycerolipid metabolism,A0A2K3D3D3_wild,CCCCCCCCCCCCCCCC(=O)OC[C@H](COC(=O)CCC/C=C\CC/C=C\C/C=C\CCCCC)OC(=O)CCCCCCCCC/C=C\CCCCCC,0.988469601,-1.364813566,1.502211809
arm_TAGAH16018111Z1835Z9Z12Z,Glycerolipid metabolism,A0A2K3D710_wild,O,1.083993793,-0.499323994,0.597153485
arm_TAGAH16018111Z1835Z9Z12Z,Glycerolipid metabolism,A0A2K3D710_wild,CCCCCCCCCCCCCCCC(=O)OC[C@H](COC(=O)CCC/C=C\CC/C=C\C/C=C\CCCCC)OC(=O)CCCCCCCCC/C=C\CCCCCC,-0.221242353,-1.76453948,0.637473643
arm_TAGAH16018111Z1835Z9Z12Z,Glycerolipid metabolism,A0A2K3D712_wild,O,1.086323023,-0.500079513,0.601320088
arm_TAGAH16018111Z1835Z9Z12Z,Glycerolipid metabolism,A0A2K3D712_wild,CCCCCCCCCCCCCCCC(=O)OC[C@H](COC(=O)CCC/C=C\CC/C=C\C/C=C\CCCCC)OC(=O)CCCCCCCCC/C=C\CCCCCC,-0.224452972,-1.769031763,0.646589279
arm_TAGAH16018111Z1835Z9Z12Z,Glycerolipid metabolism,A0A2K3DJ66_wild,O,1.498929977,-0.405866474,1.3382442
arm_TAGAH16018111Z1835Z9Z12Z,Glycerolipid metabolism,A0A2K3DJ66_wild,CCCCCCCCCCCCCCCC(=O)OC[C@H](COC(=O)CCC/C=C\CC/C=C\C/C=C\CCCCC)OC(=O)CCCCCCCCC/C=C\CCCCCC,0.348932415,-1.454944372,1.397287726
arm_TAGAH16018111Z1835Z9Z12Z,Glycerolipid metabolism,A0A2K3DJA9_wild,O,1.298353791,-0.23264727,0.978991866
arm_TAGAH16018111Z1835Z9Z12Z,Glycerolipid metabolism,A0A2K3DJA9_wild,CCCCCCCCCCCCCCCC(=O)OC[C@H](COC(=O)CCC/C=C\CC/C=C\C/C=C\CCCCC)OC(=O)CCCCCCCCC/C=C\CCCCCC,0.010327913,-1.272771597,0.978072166
arm_TAGAH16018111Z1835Z9Z12Z,Glycerolipid metabolism,A0A2K3DNL2_wild,O,1.090560675,-0.6161834,1.18495059
arm_TAGAH16018111Z1835Z9Z12Z,Glycerolipid metabolism,A0A2K3DNL2_wild,CCCCCCCCCCCCCCCC(=O)OC[C@H](COC(=O)CCC/C=C\CC/C=C\C/C=C\CCCCC)OC(=O)CCCCCCCCC/C=C\CCCCCC,-0.265851259,-1.938147545,1.398770213
arm_TAGAH16018111Z1835Z9Z12Z,Glycerolipid metabolism,A0A2K3DSP4_wild,O,1.604065537,0.430392563,0.748819232
arm_TAGAH16018111Z1835Z9Z12Z,Glycerolipid metabolism,A0A2K3DSP4_wild,CCCCCCCCCCCCCCCC(=O)OC[C@H](COC(=O)CCC/C=C\CC/C=C\C/C=C\CCCCC)OC(=O)CCCCCCCCC/C=C\CCCCCC,0.457880408,-0.844818592,0.916445434
arm_TAGAH16018111Z1835Z9Z12Z,Glycerolipid metabolism,A0A2K3DV73_wild,O,1.299811959,-0.627304137,1.012681723
arm_TAGAH16018111Z1835Z9Z12Z,Glycerolipid metabolism,A0A2K3DV73_wild,CCCCCCCCCCCCCCCC(=O)OC[C@H](COC(=O)CCC/C=C\CC/C=C\C/C=C\CCCCC)OC(=O)CCCCCCCCC/C=C\CCCCCC,-0.177858412,-1.907427192,1.144775152
arm_TAGAH16018111Z1835Z9Z12Z,Glycerolipid metabolism,A0A2K3DYG4_wild,O,1.518248558,-0.670566797,1.197124243
arm_TAGAH16018111Z1835Z9Z12Z,Glycerolipid metabolism,A0A2K3DYG4_wild,CCCCCCCCCCCCCCCC(=O)OC[C@H](COC(=O)CCC/C=C\CC/C=C\C/C=C\CCCCC)OC(=O)CCCCCCCCC/C=C\CCCCCC,0.190080717,-1.923161268,1.262620687
arm_TAGAH16018111Z1835Z9Z12Z,Glycerolipid metabolism,A0A2K3E4U8_wild,O,1.536249161,0.210874319,1.361546159
arm_TAGAH16018111Z1835Z9Z12Z,Glycerolipid metabolism,A0A2K3E4U8_wild,CCCCCCCCCCCCCCCC(=O)OC[C@H](COC(=O)CCC/C=C\CC/C=C\C/C=C\CCCCC)OC(=O)CCCCCCCCC/C=C\CCCCCC,0.395430416,-0.79255569,1.31106782
arm_TAGAH16018111Z1835Z9Z12Z,Glycerolipid metabolism,A8J056_wild,O,2.119389534,-0.033908162,1.762816668
arm_TAGAH16018111Z1835Z9Z12Z,Glycerolipid metabolism,A8J056_wild,CCCCCCCCCCCCCCCC(=O)OC[C@H](COC(=O)CCC/C=C\CC/C=C\C/C=C\CCCCC)OC(=O)CCCCCCCCC/C=C\CCCCCC,0.947821975,-0.833415389,1.657208681
arm_TAGAH16018111Z1845Z9Z12Z15Z,Glycerolipid metabolism,A0A2K3CNS0_wild,O,1.674396753,-0.391487539,1.393553734
arm_TAGAH16018111Z1845Z9Z12Z15Z,Glycerolipid metabolism,A0A2K3CNS0_wild,CCCCCCCCCCCCCCCC(=O)OC[C@H](COC(=O)CCC/C=C\CC/C=C\C/C=C\C/C=C\CC)OC(=O)CCCCCCCCC/C=C\CCCCCC,0.259064168,-1.844766617,1.465451479
arm_TAGAH16018111Z1845Z9Z12Z15Z,Glycerolipid metabolism,A0A2K3CNU4_wild,O,1.318306327,-0.347388625,0.713401675
arm_TAGAH16018111Z1845Z9Z12Z15Z,Glycerolipid metabolism,A0A2K3CNU4_wild,CCCCCCCCCCCCCCCC(=O)OC[C@H](COC(=O)CCC/C=C\CC/C=C\C/C=C\C/C=C\CC)OC(=O)CCCCCCCCC/C=C\CCCCCC,-0.130584016,-1.655698776,0.955961108
arm_TAGAH16018111Z1845Z9Z12Z15Z,Glycerolipid metabolism,A0A2K3CX99_wild,O,1.983316779,0.080360517,1.200588346
arm_TAGAH16018111Z1845Z9Z12Z15Z,Glycerolipid metabolism,A0A2K3CX99_wild,CCCCCCCCCCCCCCCC(=O)OC[C@H](COC(=O)CCC/C=C\CC/C=C\C/C=C\C/C=C\CC)OC(=O)CCCCCCCCC/C=C\CCCCCC,0.762023449,-0.932150006,1.117190123
arm_TAGAH16018111Z1845Z9Z12Z15Z,Glycerolipid metabolism,A0A2K3CXJ3_wild,O,1.674777746,0.549110055,0.858112693
arm_TAGAH16018111Z1845Z9Z12Z15Z,Glycerolipid metabolism,A0A2K3CXJ3_wild,CCCCCCCCCCCCCCCC(=O)OC[C@H](COC(=O)CCC/C=C\CC/C=C\C/C=C\C/C=C\CC)OC(=O)CCCCCCCCC/C=C\CCCCCC,0.605458558,-0.585078835,0.760715187
arm_TAGAH16018111Z1845Z9Z12Z15Z,Glycerolipid metabolism,A0A2K3D3D3_wild,O,2.215553522,-0.069598481,1.319882751
arm_TAGAH16018111Z1845Z9Z12Z15Z,Glycerolipid metabolism,A0A2K3D3D3_wild,CCCCCCCCCCCCCCCC(=O)OC[C@H](COC(=O)CCC/C=C\CC/C=C\C/C=C\C/C=C\CC)OC(=O)CCCCCCCCC/C=C\CCCCCC,0.933373928,-1.413513899,1.479206324
arm_TAGAH16018111Z1845Z9Z12Z15Z,Glycerolipid metabolism,A0A2K3D710_wild,O,1.083993793,-0.499323994,0.597153485
arm_TAGAH16018111Z1845Z9Z12Z15Z,Glycerolipid metabolism,A0A2K3D710_wild,CCCCCCCCCCCCCCCC(=O)OC[C@H](COC(=O)CCC/C=C\CC/C=C\C/C=C\C/C=C\CC)OC(=O)CCCCCCCCC/C=C\CCCCCC,-0.25807929,-1.824006677,0.642473519
arm_TAGAH16018111Z1845Z9Z12Z15Z,Glycerolipid metabolism,A0A2K3D712_wild,O,1.086323023,-0.500079513,0.601320088
arm_TAGAH16018111Z1845Z9Z12Z15Z,Glycerolipid metabolism,A0A2K3D712_wild,CCCCCCCCCCCCCCCC(=O)OC[C@H](COC(=O)CCC/C=C\CC/C=C\C/C=C\C/C=C\CC)OC(=O)CCCCCCCCC/C=C\CCCCCC,-0.261365592,-1.829073548,0.651037037
arm_TAGAH16018111Z1845Z9Z12Z15Z,Glycerolipid metabolism,A0A2K3DJ66_wild,O,1.498929977,-0.405866474,1.3382442
arm_TAGAH16018111Z1845Z9Z12Z15Z,Glycerolipid metabolism,A0A2K3DJ66_wild,CCCCCCCCCCCCCCCC(=O)OC[C@H](COC(=O)CCC/C=C\CC/C=C\C/C=C\C/C=C\CC)OC(=O)CCCCCCCCC/C=C\CCCCCC,0.294056118,-1.523313761,1.387271643
arm_TAGAH16018111Z1845Z9Z12Z15Z,Glycerolipid metabolism,A0A2K3DJA9_wild,O,1.298353791,-0.23264727,0.978991866
arm_TAGAH16018111Z1845Z9Z12Z15Z,Glycerolipid metabolism,A0A2K3DJA9_wild,CCCCCCCCCCCCCCCC(=O)OC[C@H](COC(=O)CCC/C=C\CC/C=C\C/C=C\C/C=C\CC)OC(=O)CCCCCCCCC/C=C\CCCCCC,-0.01583707,-1.344385624,0.98567915
arm_TAGAH16018111Z1845Z9Z12Z15Z,Glycerolipid metabolism,A0A2K3DNL2_wild,O,1.090560675,-0.6161834,1.18495059
arm_TAGAH16018111Z1845Z9Z12Z15Z,Glycerolipid metabolism,A0A2K3DNL2_wild,CCCCCCCCCCCCCCCC(=O)OC[C@H](COC(=O)CCC/C=C\CC/C=C\C/C=C\C/C=C\CC)OC(=O)CCCCCCCCC/C=C\CCCCCC,-0.285979956,-2.001442909,1.416187048
arm_TAGAH16018111Z1845Z9Z12Z15Z,Glycerolipid metabolism,A0A2K3DSP4_wild,O,1.604065537,0.430392563,0.748819232
arm_TAGAH16018111Z1845Z9Z12Z15Z,Glycerolipid metabolism,A0A2K3DSP4_wild,CCCCCCCCCCCCCCCC(=O)OC[C@H](COC(=O)CCC/C=C\CC/C=C\C/C=C\C/C=C\CC)OC(=O)CCCCCCCCC/C=C\CCCCCC,0.40140295,-0.903618336,0.89349544
arm_TAGAH16018111Z1845Z9Z12Z15Z,Glycerolipid metabolism,A0A2K3DV73_wild,O,1.299811959,-0.627304137,1.012681723
arm_TAGAH16018111Z1845Z9Z12Z15Z,Glycerolipid metabolism,A0A2K3DV73_wild,CCCCCCCCCCCCCCCC(=O)OC[C@H](COC(=O)CCC/C=C\CC/C=C\C/C=C\C/C=C\CC)OC(=O)CCCCCCCCC/C=C\CCCCCC,-0.189239904,-1.973682642,1.147411108
arm_TAGAH16018111Z1845Z9Z12Z15Z,Glycerolipid metabolism,A0A2K3DYG4_wild,O,1.518248558,-0.670566797,1.197124243
arm_TAGAH16018111Z1845Z9Z12Z15Z,Glycerolipid metabolism,A0A2K3DYG4_wild,CCCCCCCCCCCCCCCC(=O)OC[C@H](COC(=O)CCC/C=C\CC/C=C\C/C=C\C/C=C\CC)OC(=O)CCCCCCCCC/C=C\CCCCCC,0.170772269,-1.98837018,1.259377599
arm_TAGAH16018111Z1845Z9Z12Z15Z,Glycerolipid metabolism,A0A2K3E4U8_wild,O,1.536249161,0.210874319,1.361546159
arm_TAGAH16018111Z1845Z9Z12Z15Z,Glycerolipid metabolism,A0A2K3E4U8_wild,CCCCCCCCCCCCCCCC(=O)OC[C@H](COC(=O)CCC/C=C\CC/C=C\C/C=C\C/C=C\CC)OC(=O)CCCCCCCCC/C=C\CCCCCC,0.323084712,-0.828040123,1.272125602
arm_TAGAH16018111Z1845Z9Z12Z15Z,Glycerolipid metabolism,A8J056_wild,O,2.119389534,-0.033908162,1.762816668
arm_TAGAH16018111Z1845Z9Z12Z15Z,Glycerolipid metabolism,A8J056_wild,CCCCCCCCCCCCCCCC(=O)OC[C@H](COC(=O)CCC/C=C\CC/C=C\C/C=C\C/C=C\CC)OC(=O)CCCCCCCCC/C=C\CCCCCC,0.861768126,-0.898261845,1.611495256
arm_TAGAH1601819Z160,Glycerolipid metabolism,A0A2K3CNS0_wild,O,1.674396753,-0.391487539,1.393553734
arm_TAGAH1601819Z160,Glycerolipid metabolism,A0A2K3CNS0_wild,CCCCCCCCCCCCCCCC(=O)OC[C@H](COC(=O)CCCCCCCCCCCCCCC)OC(=O)CCCCCCC/C=C\CCCCCCCC,0.475982726,-1.250610471,1.316674829
arm_TAGAH1601819Z160,Glycerolipid metabolism,A0A2K3CNU4_wild,O,1.318306327,-0.347388625,0.713401675
arm_TAGAH1601819Z160,Glycerolipid metabolism,A0A2K3CNU4_wild,CCCCCCCCCCCCCCCC(=O)OC[C@H](COC(=O)CCCCCCCCCCCCCCC)OC(=O)CCCCCCC/C=C\CCCCCCCC,-0.001150142,-1.000032902,0.795825303
arm_TAGAH1601819Z160,Glycerolipid metabolism,A0A2K3CX99_wild,O,1.983316779,0.080360517,1.200588346
arm_TAGAH1601819Z160,Glycerolipid metabolism,A0A2K3CX99_wild,CCCCCCCCCCCCCCCC(=O)OC[C@H](COC(=O)CCCCCCCCCCCCCCC)OC(=O)CCCCCCC/C=C\CCCCCCCC,1.078281164,-0.290809214,0.992740512
arm_TAGAH1601819Z160,Glycerolipid metabolism,A0A2K3CXJ3_wild,O,1.674777746,0.549110055,0.858112693
arm_TAGAH1601819Z160,Glycerolipid metabolism,A0A2K3CXJ3_wild,CCCCCCCCCCCCCCCC(=O)OC[C@H](COC(=O)CCCCCCCCCCCCCCC)OC(=O)CCCCCCC/C=C\CCCCCCCC,0.869918525,-0.020613499,0.596886575
arm_TAGAH1601819Z160,Glycerolipid metabolism,A0A2K3D3D3_wild,O,2.215553522,-0.069598481,1.319882751
arm_TAGAH1601819Z160,Glycerolipid metabolism,A0A2K3D3D3_wild,CCCCCCCCCCCCCCCC(=O)OC[C@H](COC(=O)CCCCCCCCCCCCCCC)OC(=O)CCCCCCC/C=C\CCCCCCCC,1.177043557,-0.796150327,1.328765392
arm_TAGAH1601819Z160,Glycerolipid metabolism,A0A2K3D710_wild,O,1.083993793,-0.499323994,0.597153485
arm_TAGAH1601819Z160,Glycerolipid metabolism,A0A2K3D710_wild,CCCCCCCCCCCCCCCC(=O)OC[C@H](COC(=O)CCCCCCCCCCCCCCC)OC(=O)CCCCCCC/C=C\CCCCCCCC,-0.087950684,-1.186671376,0.46620068
arm_TAGAH1601819Z160,Glycerolipid metabolism,A0A2K3D712_wild,O,1.086323023,-0.500079513,0.601320088
arm_TAGAH1601819Z160,Glycerolipid metabolism,A0A2K3D712_wild,CCCCCCCCCCCCCCCC(=O)OC[C@H](COC(=O)CCCCCCCCCCCCCCC)OC(=O)CCCCCCC/C=C\CCCCCCCC,-0.090581343,-1.191306949,0.475464523
arm_TAGAH1601819Z160,Glycerolipid metabolism,A0A2K3DJ66_wild,O,1.498929977,-0.405866474,1.3382442
arm_TAGAH1601819Z160,Glycerolipid metabolism,A0A2K3DJ66_wild,CCCCCCCCCCCCCCCC(=O)OC[C@H](COC(=O)CCCCCCCCCCCCCCC)OC(=O)CCCCCCC/C=C\CCCCCCCC,0.534670711,-0.903522313,1.243184924
arm_TAGAH1601819Z160,Glycerolipid metabolism,A0A2K3DJA9_wild,O,1.298353791,-0.23264727,0.978991866
arm_TAGAH1601819Z160,Glycerolipid metabolism,A0A2K3DJA9_wild,CCCCCCCCCCCCCCCC(=O)OC[C@H](COC(=O)CCCCCCCCCCCCCCC)OC(=O)CCCCCCC/C=C\CCCCCCCC,0.199481636,-0.745035887,0.829061687
arm_TAGAH1601819Z160,Glycerolipid metabolism,A0A2K3DNL2_wild,O,1.090560675,-0.6161834,1.18495059
arm_TAGAH1601819Z160,Glycerolipid metabolism,A0A2K3DNL2_wild,CCCCCCCCCCCCCCCC(=O)OC[C@H](COC(=O)CCCCCCCCCCCCCCC)OC(=O)CCCCCCC/C=C\CCCCCCCC,-0.112758443,-1.406395674,1.267386317
arm_TAGAH1601819Z160,Glycerolipid metabolism,A0A2K3DSP4_wild,O,1.604065537,0.430392563,0.748819232
arm_TAGAH1601819Z160,Glycerolipid metabolism,A0A2K3DSP4_wild,CCCCCCCCCCCCCCCC(=O)OC[C@H](COC(=O)CCCCCCCCCCCCCCC)OC(=O)CCCCCCC/C=C\CCCCCCCC,0.658411384,-0.254750162,0.759123683
arm_TAGAH1601819Z160,Glycerolipid metabolism,A0A2K3DV73_wild,O,1.299811959,-0.627304137,1.012681723
arm_TAGAH1601819Z160,Glycerolipid metabolism,A0A2K3DV73_wild,CCCCCCCCCCCCCCCC(=O)OC[C@H](COC(=O)CCCCCCCCCCCCCCC)OC(=O)CCCCCCC/C=C\CCCCCCCC,-0.008993099,-1.359635592,0.981890857
arm_TAGAH1601819Z160,Glycerolipid metabolism,A0A2K3DYG4_wild,O,1.518248558,-0.670566797,1.197124243
arm_TAGAH1601819Z160,Glycerolipid metabolism,A0A2K3DYG4_wild,CCCCCCCCCCCCCCCC(=O)OC[C@H](COC(=O)CCCCCCCCCCCCCCC)OC(=O)CCCCCCC/C=C\CCCCCCCC,0.379042238,-1.330329895,1.138353109
arm_TAGAH1601819Z160,Glycerolipid metabolism,A0A2K3E4U8_wild,O,1.536249161,0.210874319,1.361546159
arm_TAGAH1601819Z160,Glycerolipid metabolism,A0A2K3E4U8_wild,CCCCCCCCCCCCCCCC(=O)OC[C@H](COC(=O)CCCCCCCCCCCCCCC)OC(=O)CCCCCCC/C=C\CCCCCCCC,0.562660277,-0.278724372,1.129849315
arm_TAGAH1601819Z160,Glycerolipid metabolism,A8J056_wild,O,2.119389534,-0.033908162,1.762816668
arm_TAGAH1601819Z160,Glycerolipid metabolism,A8J056_wild,CCCCCCCCCCCCCCCC(=O)OC[C@H](COC(=O)CCCCCCCCCCCCCCC)OC(=O)CCCCCCC/C=C\CCCCCCCC,1.188511133,-0.284465879,1.521347284
arm_TAGAH1601819Z180,Glycerolipid metabolism,A0A2K3CNS0_wild,O,1.674396753,-0.391487539,1.393553734
arm_TAGAH1601819Z180,Glycerolipid metabolism,A0A2K3CNS0_wild,CCCCCCCCCCCCCCCC(=O)OC[C@H](COC(=O)CCCCCCCCCCCCCCCCC)OC(=O)CCCCCCC/C=C\CCCCCCCC,0.535131812,-1.149022818,1.321580529
arm_TAGAH1601819Z180,Glycerolipid metabolism,A0A2K3CNU4_wild,O,1.318306327,-0.347388625,0.713401675
arm_TAGAH1601819Z180,Glycerolipid metabolism,A0A2K3CNU4_wild,CCCCCCCCCCCCCCCC(=O)OC[C@H](COC(=O)CCCCCCCCCCCCCCCCC)OC(=O)CCCCCCC/C=C\CCCCCCCC,0.053354252,-0.887347102,0.797018886
arm_TAGAH1601819Z180,Glycerolipid metabolism,A0A2K3CX99_wild,O,1.983316779,0.080360517,1.200588346
arm_TAGAH1601819Z180,Glycerolipid metabolism,A0A2K3CX99_wild,CCCCCCCCCCCCCCCC(=O)OC[C@H](COC(=O)CCCCCCCCCCCCCCCCC)OC(=O)CCCCCCC/C=C\CCCCCCCC,1.140373945,-0.189923853,1.007845521
arm_TAGAH1601819Z180,Glycerolipid metabolism,A0A2K3CXJ3_wild,O,1.674777746,0.549110055,0.858112693
arm_TAGAH1601819Z180,Glycerolipid metabolism,A0A2K3CXJ3_wild,CCCCCCCCCCCCCCCC(=O)OC[C@H](COC(=O)CCCCCCCCCCCCCCCCC)OC(=O)CCCCCCC/C=C\CCCCCCCC,0.93210125,0.083118059,0.612167299
arm_TAGAH1601819Z180,Glycerolipid metabolism,A0A2K3D3D3_wild,O,2.215553522,-0.069598481,1.319882751
arm_TAGAH1601819Z180,Glycerolipid metabolism,A0A2K3D3D3_wild,CCCCCCCCCCCCCCCC(=O)OC[C@H](COC(=O)CCCCCCCCCCCCCCCCC)OC(=O)CCCCCCC/C=C\CCCCCCCC,1.236786366,-0.696924567,1.340394258
arm_TAGAH1601819Z180,Glycerolipid metabolism,A0A2K3D710_wild,O,1.083993793,-0.499323994,0.597153485
arm_TAGAH1601819Z180,Glycerolipid metabolism,A0A2K3D710_wild,CCCCCCCCCCCCCCCC(=O)OC[C@H](COC(=O)CCCCCCCCCCCCCCCCC)OC(=O)CCCCCCC/C=C\CCCCCCCC,-0.029436663,-1.069726348,0.472500622
arm_TAGAH1601819Z180,Glycerolipid metabolism,A0A2K3D712_wild,O,1.086323023,-0.500079513,0.601320088
arm_TAGAH1601819Z180,Glycerolipid metabolism,A0A2K3D712_wild,CCCCCCCCCCCCCCCC(=O)OC[C@H](COC(=O)CCCCCCCCCCCCCCCCC)OC(=O)CCCCCCC/C=C\CCCCCCCC,-0.032705568,-1.074852228,0.481529802
arm_TAGAH1601819Z180,Glycerolipid metabolism,A0A2K3DJ66_wild,O,1.498929977,-0.405866474,1.3382442
arm_TAGAH1601819Z180,Glycerolipid metabolism,A0A2K3DJ66_wild,CCCCCCCCCCCCCCCC(=O)OC[C@H](COC(=O)CCCCCCCCCCCCCCCCC)OC(=O)CCCCCCC/C=C\CCCCCCCC,0.576298118,-0.79671818,1.245216012
arm_TAGAH1601819Z180,Glycerolipid metabolism,A0A2K3DJA9_wild,O,1.298353791,-0.23264727,0.978991866
arm_TAGAH1601819Z180,Glycerolipid metabolism,A0A2K3DJA9_wild,CCCCCCCCCCCCCCCC(=O)OC[C@H](COC(=O)CCCCCCCCCCCCCCCCC)OC(=O)CCCCCCC/C=C\CCCCCCCC,0.249475881,-0.645908952,0.832426906
arm_TAGAH1601819Z180,Glycerolipid metabolism,A0A2K3DNL2_wild,O,1.090560675,-0.6161834,1.18495059
arm_TAGAH1601819Z180,Glycerolipid metabolism,A0A2K3DNL2_wild,CCCCCCCCCCCCCCCC(=O)OC[C@H](COC(=O)CCCCCCCCCCCCCCCCC)OC(=O)CCCCCCC/C=C\CCCCCCCC,-0.066092499,-1.300698519,1.264813662
arm_TAGAH1601819Z180,Glycerolipid metabolism,A0A2K3DSP4_wild,O,1.604065537,0.430392563,0.748819232
arm_TAGAH1601819Z180,Glycerolipid metabolism,A0A2K3DSP4_wild,CCCCCCCCCCCCCCCC(=O)OC[C@H](COC(=O)CCCCCCCCCCCCCCCCC)OC(=O)CCCCCCC/C=C\CCCCCCCC,0.719556451,-0.153762758,0.770639658
arm_TAGAH1601819Z180,Glycerolipid metabolism,A0A2K3DV73_wild,O,1.299811959,-0.627304137,1.012681723
arm_TAGAH1601819Z180,Glycerolipid metabolism,A0A2K3DV73_wild,CCCCCCCCCCCCCCCC(=O)OC[C@H](COC(=O)CCCCCCCCCCCCCCCCC)OC(=O)CCCCCCC/C=C\CCCCCCCC,0.035396885,-1.255602717,0.979183555
arm_TAGAH1601819Z180,Glycerolipid metabolism,A0A2K3DYG4_wild,O,1.518248558,-0.670566797,1.197124243
arm_TAGAH1601819Z180,Glycerolipid metabolism,A0A2K3DYG4_wild,CCCCCCCCCCCCCCCC(=O)OC[C@H](COC(=O)CCCCCCCCCCCCCCCCC)OC(=O)CCCCCCC/C=C\CCCCCCCC,0.432815313,-1.220785975,1.141251087
arm_TAGAH1601819Z180,Glycerolipid metabolism,A0A2K3E4U8_wild,O,1.536249161,0.210874319,1.361546159
arm_TAGAH1601819Z180,Glycerolipid metabolism,A0A2K3E4U8_wild,CCCCCCCCCCCCCCCC(=O)OC[C@H](COC(=O)CCCCCCCCCCCCCCCCC)OC(=O)CCCCCCC/C=C\CCCCCCCC,0.618629277,-0.180309728,1.142109156
arm_TAGAH1601819Z180,Glycerolipid metabolism,A8J056_wild,O,2.119389534,-0.033908162,1.762816668
arm_TAGAH1601819Z180,Glycerolipid metabolism,A8J056_wild,CCCCCCCCCCCCCCCC(=O)OC[C@H](COC(=O)CCCCCCCCCCCCCCCCC)OC(=O)CCCCCCC/C=C\CCCCCCCC,1.241590261,-0.18893905,1.538194895
arm_TAGAH1601819Z18111Z,Glycerolipid metabolism,A0A2K3CNS0_wild,O,1.674396753,-0.391487539,1.393553734
arm_TAGAH1601819Z18111Z,Glycerolipid metabolism,A0A2K3CNS0_wild,CCCCCCCCCCCCCCCC(=O)OC[C@H](COC(=O)CCCCCCCCC/C=C\CCCCCC)OC(=O)CCCCCCC/C=C\CCCCCCCC,0.534604609,-1.587755322,1.554288387
arm_TAGAH1601819Z18111Z,Glycerolipid metabolism,A0A2K3CNU4_wild,O,1.318306327,-0.347388625,0.713401675
arm_TAGAH1601819Z18111Z,Glycerolipid metabolism,A0A2K3CNU4_wild,CCCCCCCCCCCCCCCC(=O)OC[C@H](COC(=O)CCCCCCCCC/C=C\CCCCCC)OC(=O)CCCCCCC/C=C\CCCCCCCC,0.076698601,-1.323837996,1.016265631
arm_TAGAH1601819Z18111Z,Glycerolipid metabolism,A0A2K3CX99_wild,O,1.983316779,0.080360517,1.200588346
arm_TAGAH1601819Z18111Z,Glycerolipid metabolism,A0A2K3CX99_wild,CCCCCCCCCCCCCCCC(=O)OC[C@H](COC(=O)CCCCCCCCC/C=C\CCCCCC)OC(=O)CCCCCCC/C=C\CCCCCCCC,1.11071074,-0.614764988,1.208368659
arm_TAGAH1601819Z18111Z,Glycerolipid metabolism,A0A2K3CXJ3_wild,O,1.674777746,0.549110055,0.858112693
arm_TAGAH1601819Z18111Z,Glycerolipid metabolism,A0A2K3CXJ3_wild,CCCCCCCCCCCCCCCC(=O)OC[C@H](COC(=O)CCCCCCCCC/C=C\CCCCCC)OC(=O)CCCCCCC/C=C\CCCCCCCC,0.940255821,-0.321293145,0.83389771
arm_TAGAH1601819Z18111Z,Glycerolipid metabolism,A0A2K3D3D3_wild,O,2.215553522,-0.069598481,1.319882751
arm_TAGAH1601819Z18111Z,Glycerolipid metabolism,A0A2K3D3D3_wild,CCCCCCCCCCCCCCCC(=O)OC[C@H](COC(=O)CCCCCCCCC/C=C\CCCCCC)OC(=O)CCCCCCC/C=C\CCCCCCCC,1.226245522,-1.129123092,1.556545854
arm_TAGAH1601819Z18111Z,Glycerolipid metabolism,A0A2K3D710_wild,O,1.083993793,-0.499323994,0.597153485
arm_TAGAH1601819Z18111Z,Glycerolipid metabolism,A0A2K3D710_wild,CCCCCCCCCCCCCCCC(=O)OC[C@H](COC(=O)CCCCCCCCC/C=C\CCCCCC)OC(=O)CCCCCCC/C=C\CCCCCCCC,-0.01219005,-1.490206003,0.683648229
arm_TAGAH1601819Z18111Z,Glycerolipid metabolism,A0A2K3D712_wild,O,1.086323023,-0.500079513,0.601320088
arm_TAGAH1601819Z18111Z,Glycerolipid metabolism,A0A2K3D712_wild,CCCCCCCCCCCCCCCC(=O)OC[C@H](COC(=O)CCCCCCCCC/C=C\CCCCCC)OC(=O)CCCCCCC/C=C\CCCCCCCC,-0.013709831,-1.495453596,0.69300586
arm_TAGAH1601819Z18111Z,Glycerolipid metabolism,A0A2K3DJ66_wild,O,1.498929977,-0.405866474,1.3382442
arm_TAGAH1601819Z18111Z,Glycerolipid metabolism,A0A2K3DJ66_wild,CCCCCCCCCCCCCCCC(=O)OC[C@H](COC(=O)CCCCCCCCC/C=C\CCCCCC)OC(=O)CCCCCCC/C=C\CCCCCCCC,0.608925462,-1.207371116,1.471081018
arm_TAGAH1601819Z18111Z,Glycerolipid metabolism,A0A2K3DJA9_wild,O,1.298353791,-0.23264727,0.978991866
arm_TAGAH1601819Z18111Z,Glycerolipid metabolism,A0A2K3DJA9_wild,CCCCCCCCCCCCCCCC(=O)OC[C@H](COC(=O)CCCCCCCCC/C=C\CCCCCC)OC(=O)CCCCCCC/C=C\CCCCCCCC,0.262178987,-1.050653696,1.044697523
arm_TAGAH1601819Z18111Z,Glycerolipid metabolism,A0A2K3DNL2_wild,O,1.090560675,-0.6161834,1.18495059
arm_TAGAH1601819Z18111Z,Glycerolipid metabolism,A0A2K3DNL2_wild,CCCCCCCCCCCCCCCC(=O)OC[C@H](COC(=O)CCCCCCCCC/C=C\CCCCCC)OC(=O)CCCCCCC/C=C\CCCCCCCC,-0.032261867,-1.706515908,1.47487092
arm_TAGAH1601819Z18111Z,Glycerolipid metabolism,A0A2K3DSP4_wild,O,1.604065537,0.430392563,0.748819232
arm_TAGAH1601819Z18111Z,Glycerolipid metabolism,A0A2K3DSP4_wild,CCCCCCCCCCCCCCCC(=O)OC[C@H](COC(=O)CCCCCCCCC/C=C\CCCCCC)OC(=O)CCCCCCC/C=C\CCCCCCCC,0.736593425,-0.574717343,0.993380725
arm_TAGAH1601819Z18111Z,Glycerolipid metabolism,A0A2K3DV73_wild,O,1.299811959,-0.627304137,1.012681723
arm_TAGAH1601819Z18111Z,Glycerolipid metabolism,A0A2K3DV73_wild,CCCCCCCCCCCCCCCC(=O)OC[C@H](COC(=O)CCCCCCCCC/C=C\CCCCCC)OC(=O)CCCCCCC/C=C\CCCCCCCC,0.070160165,-1.691753387,1.210374951
arm_TAGAH1601819Z18111Z,Glycerolipid metabolism,A0A2K3DYG4_wild,O,1.518248558,-0.670566797,1.197124243
arm_TAGAH1601819Z18111Z,Glycerolipid metabolism,A0A2K3DYG4_wild,CCCCCCCCCCCCCCCC(=O)OC[C@H](COC(=O)CCCCCCCCC/C=C\CCCCCC)OC(=O)CCCCCCC/C=C\CCCCCCCC,0.438838005,-1.654660821,1.348947287
arm_TAGAH1601819Z18111Z,Glycerolipid metabolism,A0A2K3E4U8_wild,O,1.536249161,0.210874319,1.361546159
arm_TAGAH1601819Z18111Z,Glycerolipid metabolism,A0A2K3E4U8_wild,CCCCCCCCCCCCCCCC(=O)OC[C@H](COC(=O)CCCCCCCCC/C=C\CCCCCC)OC(=O)CCCCCCC/C=C\CCCCCCCC,0.651745558,-0.567730308,1.382208705
arm_TAGAH1601819Z18111Z,Glycerolipid metabolism,A8J056_wild,O,2.119389534,-0.033908162,1.762816668
arm_TAGAH1601819Z18111Z,Glycerolipid metabolism,A8J056_wild,CCCCCCCCCCCCCCCC(=O)OC[C@H](COC(=O)CCCCCCCCC/C=C\CCCCCC)OC(=O)CCCCCCC/C=C\CCCCCCCC,1.249841332,-0.58466959,1.735757828
arm_TAGAH1601819Z1819Z,Glycerolipid metabolism,A0A2K3CNS0_wild,O,1.674396753,-0.391487539,1.393553734
arm_TAGAH1601819Z1819Z,Glycerolipid metabolism,A0A2K3CNS0_wild,CCCCCCCCCCCCCCCC(=O)OC[C@H](COC(=O)CCCCCCC/C=C\CCCCCCCC)OC(=O)CCCCCCC/C=C\CCCCCCCC,0.590696931,-1.533940911,1.575793624
arm_TAGAH1601819Z1819Z,Glycerolipid metabolism,A0A2K3CNU4_wild,O,1.318306327,-0.347388625,0.713401675
arm_TAGAH1601819Z1819Z,Glycerolipid metabolism,A0A2K3CNU4_wild,CCCCCCCCCCCCCCCC(=O)OC[C@H](COC(=O)CCCCCCC/C=C\CCCCCCCC)OC(=O)CCCCCCC/C=C\CCCCCCCC,0.131693989,-1.293572664,1.043531179
arm_TAGAH1601819Z1819Z,Glycerolipid metabolism,A0A2K3CX99_wild,O,1.983316779,0.080360517,1.200588346
arm_TAGAH1601819Z1819Z,Glycerolipid metabolism,A0A2K3CX99_wild,CCCCCCCCCCCCCCCC(=O)OC[C@H](COC(=O)CCCCCCC/C=C\CCCCCCCC)OC(=O)CCCCCCC/C=C\CCCCCCCC,1.161643386,-0.574096799,1.244602561
arm_TAGAH1601819Z1819Z,Glycerolipid metabolism,A0A2K3CXJ3_wild,O,1.674777746,0.549110055,0.858112693
arm_TAGAH1601819Z1819Z,Glycerolipid metabolism,A0A2K3CXJ3_wild,CCCCCCCCCCCCCCCC(=O)OC[C@H](COC(=O)CCCCCCC/C=C\CCCCCCCC)OC(=O)CCCCCCC/C=C\CCCCCCCC,0.992918015,-0.286400378,0.86694175
arm_TAGAH1601819Z1819Z,Glycerolipid metabolism,A0A2K3D3D3_wild,O,2.215553522,-0.069598481,1.319882751
arm_TAGAH1601819Z1819Z,Glycerolipid metabolism,A0A2K3D3D3_wild,CCCCCCCCCCCCCCCC(=O)OC[C@H](COC(=O)CCCCCCC/C=C\CCCCCCCC)OC(=O)CCCCCCC/C=C\CCCCCCCC,1.275348425,-1.088763595,1.581815958
arm_TAGAH1601819Z1819Z,Glycerolipid metabolism,A0A2K3D710_wild,O,1.083993793,-0.499323994,0.597153485
arm_TAGAH1601819Z1819Z,Glycerolipid metabolism,A0A2K3D710_wild,CCCCCCCCCCCCCCCC(=O)OC[C@H](COC(=O)CCCCCCC/C=C\CCCCCCCC)OC(=O)CCCCCCC/C=C\CCCCCCCC,0.044972397,-1.449107766,0.70728904
arm_TAGAH1601819Z1819Z,Glycerolipid metabolism,A0A2K3D712_wild,O,1.086323023,-0.500079513,0.601320088
arm_TAGAH1601819Z1819Z,Glycerolipid metabolism,A0A2K3D712_wild,CCCCCCCCCCCCCCCC(=O)OC[C@H](COC(=O)CCCCCCC/C=C\CCCCCCCC)OC(=O)CCCCCCC/C=C\CCCCCCCC,0.043463755,-1.454529047,0.716504276
arm_TAGAH1601819Z1819Z,Glycerolipid metabolism,A0A2K3DJ66_wild,O,1.498929977,-0.405866474,1.3382442
arm_TAGAH1601819Z1819Z,Glycerolipid metabolism,A0A2K3DJ66_wild,CCCCCCCCCCCCCCCC(=O)OC[C@H](COC(=O)CCCCCCC/C=C\CCCCCCCC)OC(=O)CCCCCCC/C=C\CCCCCCCC,0.650611877,-1.181330919,1.496652365
arm_TAGAH1601819Z1819Z,Glycerolipid metabolism,A0A2K3DJA9_wild,O,1.298353791,-0.23264727,0.978991866
arm_TAGAH1601819Z1819Z,Glycerolipid metabolism,A0A2K3DJA9_wild,CCCCCCCCCCCCCCCC(=O)OC[C@H](COC(=O)CCCCCCC/C=C\CCCCCCCC)OC(=O)CCCCCCC/C=C\CCCCCCCC,0.318064272,-1.022113085,1.071499944
arm_TAGAH1601819Z1819Z,Glycerolipid metabolism,A0A2K3DNL2_wild,O,1.090560675,-0.6161834,1.18495059
arm_TAGAH1601819Z1819Z,Glycerolipid metabolism,A0A2K3DNL2_wild,CCCCCCCCCCCCCCCC(=O)OC[C@H](COC(=O)CCCCCCC/C=C\CCCCCCCC)OC(=O)CCCCCCC/C=C\CCCCCCCC,0.017748214,-1.674643874,1.492185473
arm_TAGAH1601819Z1819Z,Glycerolipid metabolism,A0A2K3DSP4_wild,O,1.604065537,0.430392563,0.748819232
arm_TAGAH1601819Z1819Z,Glycerolipid metabolism,A0A2K3DSP4_wild,CCCCCCCCCCCCCCCC(=O)OC[C@H](COC(=O)CCCCCCC/C=C\CCCCCCCC)OC(=O)CCCCCCC/C=C\CCCCCCCC,0.787166119,-0.537871122,1.033013582
arm_TAGAH1601819Z1819Z,Glycerolipid metabolism,A0A2K3DV73_wild,O,1.299811959,-0.627304137,1.012681723
arm_TAGAH1601819Z1819Z,Glycerolipid metabolism,A0A2K3DV73_wild,CCCCCCCCCCCCCCCC(=O)OC[C@H](COC(=O)CCCCCCC/C=C\CCCCCCCC)OC(=O)CCCCCCC/C=C\CCCCCCCC,0.121963345,-1.661357284,1.231059551
arm_TAGAH1601819Z1819Z,Glycerolipid metabolism,A0A2K3DYG4_wild,O,1.518248558,-0.670566797,1.197124243
arm_TAGAH1601819Z1819Z,Glycerolipid metabolism,A0A2K3DYG4_wild,CCCCCCCCCCCCCCCC(=O)OC[C@H](COC(=O)CCCCCCC/C=C\CCCCCCCC)OC(=O)CCCCCCC/C=C\CCCCCCCC,0.496301711,-1.618354559,1.368378282
arm_TAGAH1601819Z1819Z,Glycerolipid metabolism,A0A2K3E4U8_wild,O,1.536249161,0.210874319,1.361546159
arm_TAGAH1601819Z1819Z,Glycerolipid metabolism,A0A2K3E4U8_wild,CCCCCCCCCCCCCCCC(=O)OC[C@H](COC(=O)CCCCCCC/C=C\CCCCCCCC)OC(=O)CCCCCCC/C=C\CCCCCCCC,0.699091733,-0.54071182,1.412546158
arm_TAGAH1601819Z1819Z,Glycerolipid metabolism,A8J056_wild,O,2.119389534,-0.033908162,1.762816668
arm_TAGAH1601819Z1819Z,Glycerolipid metabolism,A8J056_wild,CCCCCCCCCCCCCCCC(=O)OC[C@H](COC(=O)CCCCCCC/C=C\CCCCCCCC)OC(=O)CCCCCCC/C=C\CCCCCCCC,1.299719453,-0.560374439,1.770937324
arm_TAGAH1601819Z1835Z9Z12Z,Glycerolipid metabolism,A0A2K3CNS0_wild,O,1.674396753,-0.391487539,1.393553734
arm_TAGAH1601819Z1835Z9Z12Z,Glycerolipid metabolism,A0A2K3CNS0_wild,CCCCCCCCCCCCCCCC(=O)OC[C@H](COC(=O)CCC/C=C\CC/C=C\C/C=C\CCCCC)OC(=O)CCCCCCC/C=C\CCCCCCCC,0.324150562,-1.740427017,1.472893119
arm_TAGAH1601819Z1835Z9Z12Z,Glycerolipid metabolism,A0A2K3CNU4_wild,O,1.318306327,-0.347388625,0.713401675
arm_TAGAH1601819Z1835Z9Z12Z,Glycerolipid metabolism,A0A2K3CNU4_wild,CCCCCCCCCCCCCCCC(=O)OC[C@H](COC(=O)CCC/C=C\CC/C=C\C/C=C\CCCCC)OC(=O)CCCCCCC/C=C\CCCCCCCC,-0.099713959,-1.555405259,0.948045135
arm_TAGAH1601819Z1835Z9Z12Z,Glycerolipid metabolism,A0A2K3CX99_wild,O,1.983316779,0.080360517,1.200588346
arm_TAGAH1601819Z1835Z9Z12Z,Glycerolipid metabolism,A0A2K3CX99_wild,CCCCCCCCCCCCCCCC(=O)OC[C@H](COC(=O)CCC/C=C\CC/C=C\C/C=C\CCCCC)OC(=O)CCCCCCC/C=C\CCCCCCCC,0.850145996,-0.84247762,1.154271722
arm_TAGAH1601819Z1835Z9Z12Z,Glycerolipid metabolism,A0A2K3CXJ3_wild,O,1.674777746,0.549110055,0.858112693
arm_TAGAH1601819Z1835Z9Z12Z,Glycerolipid metabolism,A0A2K3CXJ3_wild,CCCCCCCCCCCCCCCC(=O)OC[C@H](COC(=O)CCC/C=C\CC/C=C\C/C=C\CCCCC)OC(=O)CCCCCCC/C=C\CCCCCCCC,0.681340575,-0.512061656,0.800894916
arm_TAGAH1601819Z1835Z9Z12Z,Glycerolipid metabolism,A0A2K3D3D3_wild,O,2.215553522,-0.069598481,1.319882751
arm_TAGAH1601819Z1835Z9Z12Z,Glycerolipid metabolism,A0A2K3D3D3_wild,CCCCCCCCCCCCCCCC(=O)OC[C@H](COC(=O)CCC/C=C\CC/C=C\C/C=C\CCCCC)OC(=O)CCCCCCC/C=C\CCCCCCCC,1.000239849,-1.317332506,1.499413252
arm_TAGAH1601819Z1835Z9Z12Z,Glycerolipid metabolism,A0A2K3D710_wild,O,1.083993793,-0.499323994,0.597153485
arm_TAGAH1601819Z1835Z9Z12Z,Glycerolipid metabolism,A0A2K3D710_wild,CCCCCCCCCCCCCCCC(=O)OC[C@H](COC(=O)CCC/C=C\CC/C=C\C/C=C\CCCCC)OC(=O)CCCCCCC/C=C\CCCCCCCC,-0.209874704,-1.724332809,0.637854695
arm_TAGAH1601819Z1835Z9Z12Z,Glycerolipid metabolism,A0A2K3D712_wild,O,1.086323023,-0.500079513,0.601320088
arm_TAGAH1601819Z1835Z9Z12Z,Glycerolipid metabolism,A0A2K3D712_wild,CCCCCCCCCCCCCCCC(=O)OC[C@H](COC(=O)CCC/C=C\CC/C=C\C/C=C\CCCCC)OC(=O)CCCCCCC/C=C\CCCCCCCC,-0.21313557,-1.729415894,0.646805286
arm_TAGAH1601819Z1835Z9Z12Z,Glycerolipid metabolism,A0A2K3DJ66_wild,O,1.498929977,-0.405866474,1.3382442
arm_TAGAH1601819Z1835Z9Z12Z,Glycerolipid metabolism,A0A2K3DJ66_wild,CCCCCCCCCCCCCCCC(=O)OC[C@H](COC(=O)CCC/C=C\CC/C=C\C/C=C\CCCCC)OC(=O)CCCCCCC/C=C\CCCCCCCC,0.354716599,-1.417255282,1.389536619
arm_TAGAH1601819Z1835Z9Z12Z,Glycerolipid metabolism,A0A2K3DJA9_wild,O,1.298353791,-0.23264727,0.978991866
arm_TAGAH1601819Z1835Z9Z12Z,Glycerolipid metabolism,A0A2K3DJA9_wild,CCCCCCCCCCCCCCCC(=O)OC[C@H](COC(=O)CCC/C=C\CC/C=C\C/C=C\CCCCC)OC(=O)CCCCCCC/C=C\CCCCCCCC,0.028164214,-1.237857461,0.974259734
arm_TAGAH1601819Z1835Z9Z12Z,Glycerolipid metabolism,A0A2K3DNL2_wild,O,1.090560675,-0.6161834,1.18495059
arm_TAGAH1601819Z1835Z9Z12Z,Glycerolipid metabolism,A0A2K3DNL2_wild,CCCCCCCCCCCCCCCC(=O)OC[C@H](COC(=O)CCC/C=C\CC/C=C\C/C=C\CCCCC)OC(=O)CCCCCCC/C=C\CCCCCCCC,-0.253806889,-1.896742821,1.391632438
arm_TAGAH1601819Z1835Z9Z12Z,Glycerolipid metabolism,A0A2K3DSP4_wild,O,1.604065537,0.430392563,0.748819232
arm_TAGAH1601819Z1835Z9Z12Z,Glycerolipid metabolism,A0A2K3DSP4_wild,CCCCCCCCCCCCCCCC(=O)OC[C@H](COC(=O)CCC/C=C\CC/C=C\C/C=C\CCCCC)OC(=O)CCCCCCC/C=C\CCCCCCCC,0.469977617,-0.803807437,0.922655582
arm_TAGAH1601819Z1835Z9Z12Z,Glycerolipid metabolism,A0A2K3DV73_wild,O,1.299811959,-0.627304137,1.012681723
arm_TAGAH1601819Z1835Z9Z12Z,Glycerolipid metabolism,A0A2K3DV73_wild,CCCCCCCCCCCCCCCC(=O)OC[C@H](COC(=O)CCC/C=C\CC/C=C\C/C=C\CCCCC)OC(=O)CCCCCCC/C=C\CCCCCCCC,-0.161492676,-1.872526765,1.135658979
arm_TAGAH1601819Z1835Z9Z12Z,Glycerolipid metabolism,A0A2K3DYG4_wild,O,1.518248558,-0.670566797,1.197124243
arm_TAGAH1601819Z1835Z9Z12Z,Glycerolipid metabolism,A0A2K3DYG4_wild,CCCCCCCCCCCCCCCC(=O)OC[C@H](COC(=O)CCC/C=C\CC/C=C\C/C=C\CCCCC)OC(=O)CCCCCCC/C=C\CCCCCCCC,0.20351629,-1.885495543,1.252266288
arm_TAGAH1601819Z1835Z9Z12Z,Glycerolipid metabolism,A0A2K3E4U8_wild,O,1.536249161,0.210874319,1.361546159
arm_TAGAH1601819Z1835Z9Z12Z,Glycerolipid metabolism,A0A2K3E4U8_wild,CCCCCCCCCCCCCCCC(=O)OC[C@H](COC(=O)CCC/C=C\CC/C=C\C/C=C\CCCCC)OC(=O)CCCCCCC/C=C\CCCCCCCC,0.402175993,-0.760413766,1.304828644
arm_TAGAH1601819Z1835Z9Z12Z,Glycerolipid metabolism,A8J056_wild,O,2.119389534,-0.033908162,1.762816668
arm_TAGAH1601819Z1835Z9Z12Z,Glycerolipid metabolism,A8J056_wild,CCCCCCCCCCCCCCCC(=O)OC[C@H](COC(=O)CCC/C=C\CC/C=C\C/C=C\CCCCC)OC(=O)CCCCCCC/C=C\CCCCCCCC,0.951365113,-0.804787934,1.652130365
arm_TAGAH1601819Z1845Z9Z12Z15Z,Glycerolipid metabolism,A0A2K3CNS0_wild,O,1.674396753,-0.391487539,1.393553734
arm_TAGAH1601819Z1845Z9Z12Z15Z,Glycerolipid metabolism,A0A2K3CNS0_wild,CCCCCCCCCCCCCCCC(=O)OC[C@H](COC(=O)CCC/C=C\CC/C=C\C/C=C\C/C=C\CC)OC(=O)CCCCCCC/C=C\CCCCCCCC,0.284294963,-1.81972754,1.48023808
arm_TAGAH1601819Z1845Z9Z12Z15Z,Glycerolipid metabolism,A0A2K3CNU4_wild,O,1.318306327,-0.347388625,0.713401675
arm_TAGAH1601819Z1845Z9Z12Z15Z,Glycerolipid metabolism,A0A2K3CNU4_wild,CCCCCCCCCCCCCCCC(=O)OC[C@H](COC(=O)CCC/C=C\CC/C=C\C/C=C\C/C=C\CC)OC(=O)CCCCCCC/C=C\CCCCCCCC,-0.10270077,-1.644132257,0.980668724
arm_TAGAH1601819Z1845Z9Z12Z15Z,Glycerolipid metabolism,A0A2K3CX99_wild,O,1.983316779,0.080360517,1.200588346
arm_TAGAH1601819Z1845Z9Z12Z15Z,Glycerolipid metabolism,A0A2K3CX99_wild,CCCCCCCCCCCCCCCC(=O)OC[C@H](COC(=O)CCC/C=C\CC/C=C\C/C=C\C/C=C\CC)OC(=O)CCCCCCC/C=C\CCCCCCCC,0.773609102,-0.908017516,1.145012259
arm_TAGAH1601819Z1845Z9Z12Z15Z,Glycerolipid metabolism,A0A2K3CXJ3_wild,O,1.674777746,0.549110055,0.858112693
arm_TAGAH1601819Z1845Z9Z12Z15Z,Glycerolipid metabolism,A0A2K3CXJ3_wild,CCCCCCCCCCCCCCCC(=O)OC[C@H](COC(=O)CCC/C=C\CC/C=C\C/C=C\C/C=C\CC)OC(=O)CCCCCCC/C=C\CCCCCCCC,0.618195415,-0.56952703,0.794641376
arm_TAGAH1601819Z1845Z9Z12Z15Z,Glycerolipid metabolism,A0A2K3D3D3_wild,O,2.215553522,-0.069598481,1.319882751
arm_TAGAH1601819Z1845Z9Z12Z15Z,Glycerolipid metabolism,A0A2K3D3D3_wild,CCCCCCCCCCCCCCCC(=O)OC[C@H](COC(=O)CCC/C=C\CC/C=C\C/C=C\C/C=C\CC)OC(=O)CCCCCCC/C=C\CCCCCCCC,0.951870263,-1.37885499,1.502668619
arm_TAGAH1601819Z1845Z9Z12Z15Z,Glycerolipid metabolism,A0A2K3D710_wild,O,1.083993793,-0.499323994,0.597153485
arm_TAGAH1601819Z1845Z9Z12Z15Z,Glycerolipid metabolism,A0A2K3D710_wild,CCCCCCCCCCCCCCCC(=O)OC[C@H](COC(=O)CCC/C=C\CC/C=C\C/C=C\C/C=C\CC)OC(=O)CCCCCCC/C=C\CCCCCCCC,-0.237158775,-1.798037529,0.669448614
arm_TAGAH1601819Z1845Z9Z12Z15Z,Glycerolipid metabolism,A0A2K3D712_wild,O,1.086323023,-0.500079513,0.601320088
arm_TAGAH1601819Z1845Z9Z12Z15Z,Glycerolipid metabolism,A0A2K3D712_wild,CCCCCCCCCCCCCCCC(=O)OC[C@H](COC(=O)CCC/C=C\CC/C=C\C/C=C\C/C=C\CC)OC(=O)CCCCCCC/C=C\CCCCCCCC,-0.240590975,-1.80374527,0.678376079
arm_TAGAH1601819Z1845Z9Z12Z15Z,Glycerolipid metabolism,A0A2K3DJ66_wild,O,1.498929977,-0.405866474,1.3382442
arm_TAGAH1601819Z1845Z9Z12Z15Z,Glycerolipid metabolism,A0A2K3DJ66_wild,CCCCCCCCCCCCCCCC(=O)OC[C@H](COC(=O)CCC/C=C\CC/C=C\C/C=C\C/C=C\CC)OC(=O)CCCCCCC/C=C\CCCCCCCC,0.308072001,-1.498237252,1.40633595
arm_TAGAH1601819Z1845Z9Z12Z15Z,Glycerolipid metabolism,A0A2K3DJA9_wild,O,1.298353791,-0.23264727,0.978991866
arm_TAGAH1601819Z1845Z9Z12Z15Z,Glycerolipid metabolism,A0A2K3DJA9_wild,CCCCCCCCCCCCCCCC(=O)OC[C@H](COC(=O)CCC/C=C\CC/C=C\C/C=C\C/C=C\CC)OC(=O)CCCCCCC/C=C\CCCCCCCC,0.008052282,-1.319645405,1.008776665
arm_TAGAH1601819Z1845Z9Z12Z15Z,Glycerolipid metabolism,A0A2K3DNL2_wild,O,1.090560675,-0.6161834,1.18495059
arm_TAGAH1601819Z1845Z9Z12Z15Z,Glycerolipid metabolism,A0A2K3DNL2_wild,CCCCCCCCCCCCCCCC(=O)OC[C@H](COC(=O)CCC/C=C\CC/C=C\C/C=C\C/C=C\CC)OC(=O)CCCCCCC/C=C\CCCCCCCC,-0.266007602,-1.978498697,1.433508277
arm_TAGAH1601819Z1845Z9Z12Z15Z,Glycerolipid metabolism,A0A2K3DSP4_wild,O,1.604065537,0.430392563,0.748819232
arm_TAGAH1601819Z1845Z9Z12Z15Z,Glycerolipid metabolism,A0A2K3DSP4_wild,CCCCCCCCCCCCCCCC(=O)OC[C@H](COC(=O)CCC/C=C\CC/C=C\C/C=C\C/C=C\CC)OC(=O)CCCCCCC/C=C\CCCCCCCC,0.423966259,-0.875348449,0.924793541
arm_TAGAH1601819Z1845Z9Z12Z15Z,Glycerolipid metabolism,A0A2K3DV73_wild,O,1.299811959,-0.627304137,1.012681723
arm_TAGAH1601819Z1845Z9Z12Z15Z,Glycerolipid metabolism,A0A2K3DV73_wild,CCCCCCCCCCCCCCCC(=O)OC[C@H](COC(=O)CCC/C=C\CC/C=C\C/C=C\C/C=C\CC)OC(=O)CCCCCCC/C=C\CCCCCCCC,-0.164959624,-1.948591471,1.164128542
arm_TAGAH1601819Z1845Z9Z12Z15Z,Glycerolipid metabolism,A0A2K3DYG4_wild,O,1.518248558,-0.670566797,1.197124243
arm_TAGAH1601819Z1845Z9Z12Z15Z,Glycerolipid metabolism,A0A2K3DYG4_wild,CCCCCCCCCCCCCCCC(=O)OC[C@H](COC(=O)CCC/C=C\CC/C=C\C/C=C\C/C=C\CC)OC(=O)CCCCCCC/C=C\CCCCCCCC,0.194777504,-1.965039015,1.274992228
arm_TAGAH1601819Z1845Z9Z12Z15Z,Glycerolipid metabolism,A0A2K3E4U8_wild,O,1.536249161,0.210874319,1.361546159
arm_TAGAH1601819Z1845Z9Z12Z15Z,Glycerolipid metabolism,A0A2K3E4U8_wild,CCCCCCCCCCCCCCCC(=O)OC[C@H](COC(=O)CCC/C=C\CC/C=C\C/C=C\C/C=C\CC)OC(=O)CCCCCCC/C=C\CCCCCCCC,0.335844129,-0.810559094,1.297622085
arm_TAGAH1601819Z1845Z9Z12Z15Z,Glycerolipid metabolism,A8J056_wild,O,2.119389534,-0.033908162,1.762816668
arm_TAGAH1601819Z1845Z9Z12Z15Z,Glycerolipid metabolism,A8J056_wild,CCCCCCCCCCCCCCCC(=O)OC[C@H](COC(=O)CCC/C=C\CC/C=C\C/C=C\C/C=C\CC)OC(=O)CCCCCCC/C=C\CCCCCCCC,0.869954109,-0.884944916,1.634615541
arm_TAGAH1801819Z160,Glycerolipid metabolism,A0A2K3CNS0_wild,O,1.674396753,-0.391487539,1.393553734
arm_TAGAH1801819Z160,Glycerolipid metabolism,A0A2K3CNS0_wild,CCCCCCCCCCCCCCCCCC(=O)OC[C@H](COC(=O)CCCCCCCCCCCCCCC)OC(=O)CCCCCCC/C=C\CCCCCCCC,0.487227619,-1.172597647,1.302747488
arm_TAGAH1801819Z160,Glycerolipid metabolism,A0A2K3CNU4_wild,O,1.318306327,-0.347388625,0.713401675
arm_TAGAH1801819Z160,Glycerolipid metabolism,A0A2K3CNU4_wild,CCCCCCCCCCCCCCCCCC(=O)OC[C@H](COC(=O)CCCCCCCCCCCCCCC)OC(=O)CCCCCCC/C=C\CCCCCCCC,0.011266544,-0.933154881,0.793188572
arm_TAGAH1801819Z160,Glycerolipid metabolism,A0A2K3CX99_wild,O,1.983316779,0.080360517,1.200588346
arm_TAGAH1801819Z160,Glycerolipid metabolism,A0A2K3CX99_wild,CCCCCCCCCCCCCCCCCC(=O)OC[C@H](COC(=O)CCCCCCCCCCCCCCC)OC(=O)CCCCCCC/C=C\CCCCCCCC,1.104928732,-0.226464152,0.995337784
arm_TAGAH1801819Z160,Glycerolipid metabolism,A0A2K3CXJ3_wild,O,1.674777746,0.549110055,0.858112693
arm_TAGAH1801819Z160,Glycerolipid metabolism,A0A2K3CXJ3_wild,CCCCCCCCCCCCCCCCCC(=O)OC[C@H](COC(=O)CCCCCCCCCCCCCCC)OC(=O)CCCCCCC/C=C\CCCCCCCC,0.902543426,0.034864612,0.606416643
arm_TAGAH1801819Z160,Glycerolipid metabolism,A0A2K3D3D3_wild,O,2.215553522,-0.069598481,1.319882751
arm_TAGAH1801819Z160,Glycerolipid metabolism,A0A2K3D3D3_wild,CCCCCCCCCCCCCCCCCC(=O)OC[C@H](COC(=O)CCCCCCCCCCCCCCC)OC(=O)CCCCCCC/C=C\CCCCCCCC,1.189219236,-0.721836746,1.3337394
arm_TAGAH1801819Z160,Glycerolipid metabolism,A0A2K3D710_wild,O,1.083993793,-0.499323994,0.597153485
arm_TAGAH1801819Z160,Glycerolipid metabolism,A0A2K3D710_wild,CCCCCCCCCCCCCCCCCC(=O)OC[C@H](COC(=O)CCCCCCCCCCCCCCC)OC(=O)CCCCCCC/C=C\CCCCCCCC,-0.082026765,-1.098808408,0.459580243
arm_TAGAH1801819Z160,Glycerolipid metabolism,A0A2K3D712_wild,O,1.086323023,-0.500079513,0.601320088
arm_TAGAH1801819Z160,Glycerolipid metabolism,A0A2K3D712_wild,CCCCCCCCCCCCCCCCCC(=O)OC[C@H](COC(=O)CCCCCCCCCCCCCCC)OC(=O)CCCCCCC/C=C\CCCCCCCC,-0.085360013,-1.103680015,0.468537986
arm_TAGAH1801819Z160,Glycerolipid metabolism,A0A2K3DJ66_wild,O,1.498929977,-0.405866474,1.3382442
arm_TAGAH1801819Z160,Glycerolipid metabolism,A0A2K3DJ66_wild,CCCCCCCCCCCCCCCCCC(=O)OC[C@H](COC(=O)CCCCCCCCCCCCCCC)OC(=O)CCCCCCC/C=C\CCCCCCCC,0.531918943,-0.828650832,1.238057375
arm_TAGAH1801819Z160,Glycerolipid metabolism,A0A2K3DJA9_wild,O,1.298353791,-0.23264727,0.978991866
arm_TAGAH1801819Z160,Glycerolipid metabolism,A0A2K3DJA9_wild,CCCCCCCCCCCCCCCCCC(=O)OC[C@H](COC(=O)CCCCCCCCCCCCCCC)OC(=O)CCCCCCC/C=C\CCCCCCCC,0.206804082,-0.682722032,0.821907699
arm_TAGAH1801819Z160,Glycerolipid metabolism,A0A2K3DNL2_wild,O,1.090560675,-0.6161834,1.18495059
arm_TAGAH1801819Z160,Glycerolipid metabolism,A0A2K3DNL2_wild,CCCCCCCCCCCCCCCCCC(=O)OC[C@H](COC(=O)CCCCCCCCCCCCCCC)OC(=O)CCCCCCC/C=C\CCCCCCCC,-0.112724029,-1.346894979,1.262240291
arm_TAGAH1801819Z160,Glycerolipid metabolism,A0A2K3DSP4_wild,O,1.604065537,0.430392563,0.748819232
arm_TAGAH1801819Z160,Glycerolipid metabolism,A0A2K3DSP4_wild,CCCCCCCCCCCCCCCCCC(=O)OC[C@H](COC(=O)CCCCCCCCCCCCCCC)OC(=O)CCCCCCC/C=C\CCCCCCCC,0.682636857,-0.190493956,0.758272767
arm_TAGAH1801819Z160,Glycerolipid metabolism,A0A2K3DV73_wild,O,1.299811959,-0.627304137,1.012681723
arm_TAGAH1801819Z160,Glycerolipid metabolism,A0A2K3DV73_wild,CCCCCCCCCCCCCCCCCC(=O)OC[C@H](COC(=O)CCCCCCCCCCCCCCC)OC(=O)CCCCCCC/C=C\CCCCCCCC,-0.01087706,-1.300707459,0.974646449
arm_TAGAH1801819Z160,Glycerolipid metabolism,A0A2K3DYG4_wild,O,1.518248558,-0.670566797,1.197124243
arm_TAGAH1801819Z160,Glycerolipid metabolism,A0A2K3DYG4_wild,CCCCCCCCCCCCCCCCCC(=O)OC[C@H](COC(=O)CCCCCCCCCCCCCCC)OC(=O)CCCCCCC/C=C\CCCCCCCC,0.390198737,-1.267869592,1.141693115
arm_TAGAH1801819Z160,Glycerolipid metabolism,A0A2K3E4U8_wild,O,1.536249161,0.210874319,1.361546159
arm_TAGAH1801819Z160,Glycerolipid metabolism,A0A2K3E4U8_wild,CCCCCCCCCCCCCCCCCC(=O)OC[C@H](COC(=O)CCCCCCCCCCCCCCC)OC(=O)CCCCCCC/C=C\CCCCCCCC,0.582043111,-0.224626034,1.113443613
arm_TAGAH1801819Z160,Glycerolipid metabolism,A8J056_wild,O,2.119389534,-0.033908162,1.762816668
arm_TAGAH1801819Z160,Glycerolipid metabolism,A8J056_wild,CCCCCCCCCCCCCCCCCC(=O)OC[C@H](COC(=O)CCCCCCCCCCCCCCC)OC(=O)CCCCCCC/C=C\CCCCCCCC,1.229832888,-0.211652756,1.528564692
arm_TAGAH1801819Z180,Glycerolipid metabolism,A0A2K3CNS0_wild,O,1.674396753,-0.391487539,1.393553734
arm_TAGAH1801819Z180,Glycerolipid metabolism,A0A2K3CNS0_wild,CCCCCCCCCCCCCCCCCC(=O)OC[C@H](COC(=O)CCCCCCCCCCCCCCCCC)OC(=O)CCCCCCC/C=C\CCCCCCCC,0.490927219,-1.086837769,1.267409563
arm_TAGAH1801819Z180,Glycerolipid metabolism,A0A2K3CNU4_wild,O,1.318306327,-0.347388625,0.713401675
arm_TAGAH1801819Z180,Glycerolipid metabolism,A0A2K3CNU4_wild,CCCCCCCCCCCCCCCCCC(=O)OC[C@H](COC(=O)CCCCCCCCCCCCCCCCC)OC(=O)CCCCCCC/C=C\CCCCCCCC,0.012776278,-0.842172146,0.759169221
arm_TAGAH1801819Z180,Glycerolipid metabolism,A0A2K3CX99_wild,O,1.983316779,0.080360517,1.200588346
arm_TAGAH1801819Z180,Glycerolipid metabolism,A0A2K3CX99_wild,CCCCCCCCCCCCCCCCCC(=O)OC[C@H](COC(=O)CCCCCCCCCCCCCCCCC)OC(=O)CCCCCCC/C=C\CCCCCCCC,1.106490135,-0.144833326,0.975413144
arm_TAGAH1801819Z180,Glycerolipid metabolism,A0A2K3CXJ3_wild,O,1.674777746,0.549110055,0.858112693
arm_TAGAH1801819Z180,Glycerolipid metabolism,A0A2K3CXJ3_wild,CCCCCCCCCCCCCCCCCC(=O)OC[C@H](COC(=O)CCCCCCCCCCCCCCCCC)OC(=O)CCCCCCC/C=C\CCCCCCCC,0.90413636,0.117041603,0.583321393
arm_TAGAH1801819Z180,Glycerolipid metabolism,A0A2K3D3D3_wild,O,2.215553522,-0.069598481,1.319882751
arm_TAGAH1801819Z180,Glycerolipid metabolism,A0A2K3D3D3_wild,CCCCCCCCCCCCCCCCCC(=O)OC[C@H](COC(=O)CCCCCCCCCCCCCCCCC)OC(=O)CCCCCCC/C=C\CCCCCCCC,1.188798428,-0.641602278,1.304047823
arm_TAGAH1801819Z180,Glycerolipid metabolism,A0A2K3D710_wild,O,1.083993793,-0.499323994,0.597153485
arm_TAGAH1801819Z180,Glycerolipid metabolism,A0A2K3D710_wild,CCCCCCCCCCCCCCCCCC(=O)OC[C@H](COC(=O)CCCCCCCCCCCCCCCCC)OC(=O)CCCCCCC/C=C\CCCCCCCC,-0.081359722,-1.006898761,0.429976404
arm_TAGAH1801819Z180,Glycerolipid metabolism,A0A2K3D712_wild,O,1.086323023,-0.500079513,0.601320088
arm_TAGAH1801819Z180,Glycerolipid metabolism,A0A2K3D712_wild,CCCCCCCCCCCCCCCCCC(=O)OC[C@H](COC(=O)CCCCCCCCCCCCCCCCC)OC(=O)CCCCCCC/C=C\CCCCCCCC,-0.084723756,-1.01168561,0.439123958
arm_TAGAH1801819Z180,Glycerolipid metabolism,A0A2K3DJ66_wild,O,1.498929977,-0.405866474,1.3382442
arm_TAGAH1801819Z180,Glycerolipid metabolism,A0A2K3DJ66_wild,CCCCCCCCCCCCCCCCCC(=O)OC[C@H](COC(=O)CCCCCCCCCCCCCCCCC)OC(=O)CCCCCCC/C=C\CCCCCCCC,0.515178025,-0.749034286,1.199420214
arm_TAGAH1801819Z180,Glycerolipid metabolism,A0A2K3DJA9_wild,O,1.298353791,-0.23264727,0.978991866
arm_TAGAH1801819Z180,Glycerolipid metabolism,A0A2K3DJA9_wild,CCCCCCCCCCCCCCCCCC(=O)OC[C@H](COC(=O)CCCCCCCCCCCCCCCCC)OC(=O)CCCCCCC/C=C\CCCCCCCC,0.196378127,-0.60489893,0.789946437
arm_TAGAH1801819Z180,Glycerolipid metabolism,A0A2K3DNL2_wild,O,1.090560675,-0.6161834,1.18495059
arm_TAGAH1801819Z180,Glycerolipid metabolism,A0A2K3DNL2_wild,CCCCCCCCCCCCCCCCCC(=O)OC[C@H](COC(=O)CCCCCCCCCCCCCCCCC)OC(=O)CCCCCCC/C=C\CCCCCCCC,-0.120428324,-1.262504816,1.223265886
arm_TAGAH1801819Z180,Glycerolipid metabolism,A0A2K3DSP4_wild,O,1.604065537,0.430392563,0.748819232
arm_TAGAH1801819Z180,Glycerolipid metabolism,A0A2K3DSP4_wild,CCCCCCCCCCCCCCCCCC(=O)OC[C@H](COC(=O)CCCCCCCCCCCCCCCCC)OC(=O)CCCCCCC/C=C\CCCCCCCC,0.685922265,-0.10833782,0.730098724
arm_TAGAH1801819Z180,Glycerolipid metabolism,A0A2K3DV73_wild,O,1.299811959,-0.627304137,1.012681723
arm_TAGAH1801819Z180,Glycerolipid metabolism,A0A2K3DV73_wild,CCCCCCCCCCCCCCCCCC(=O)OC[C@H](COC(=O)CCCCCCCCCCCCCCCCC)OC(=O)CCCCCCC/C=C\CCCCCCCC,-0.023356318,-1.216900587,0.935283542
arm_TAGAH1801819Z180,Glycerolipid metabolism,A0A2K3DYG4_wild,O,1.518248558,-0.670566797,1.197124243
arm_TAGAH1801819Z180,Glycerolipid metabolism,A0A2K3DYG4_wild,CCCCCCCCCCCCCCCCCC(=O)OC[C@H](COC(=O)CCCCCCCCCCCCCCCCC)OC(=O)CCCCCCC/C=C\CCCCCCCC,0.392487109,-1.179036856,1.111652732
arm_TAGAH1801819Z180,Glycerolipid metabolism,A0A2K3E4U8_wild,O,1.536249161,0.210874319,1.361546159
arm_TAGAH1801819Z180,Glycerolipid metabolism,A0A2K3E4U8_wild,CCCCCCCCCCCCCCCCCC(=O)OC[C@H](COC(=O)CCCCCCCCCCCCCCCCC)OC(=O)CCCCCCC/C=C\CCCCCCCC,0.5732342,-0.144640356,1.080538034
arm_TAGAH1801819Z180,Glycerolipid metabolism,A8J056_wild,O,2.119389534,-0.033908162,1.762816668
arm_TAGAH1801819Z180,Glycerolipid metabolism,A8J056_wild,CCCCCCCCCCCCCCCCCC(=O)OC[C@H](COC(=O)CCCCCCCCCCCCCCCCC)OC(=O)CCCCCCC/C=C\CCCCCCCC,1.209585905,-0.137918487,1.497896791
arm_TAGAH1801819Z18111Z,Glycerolipid metabolism,A0A2K3CNS0_wild,O,1.674396753,-0.391487539,1.393553734
arm_TAGAH1801819Z18111Z,Glycerolipid metabolism,A0A2K3CNS0_wild,CCCCCCCCCCCCCCCCCC(=O)OC[C@H](COC(=O)CCCCCCCCC/C=C\CCCCCC)OC(=O)CCCCCCC/C=C\CCCCCCCC,0.513784409,-1.419245481,1.498169541
arm_TAGAH1801819Z18111Z,Glycerolipid metabolism,A0A2K3CNU4_wild,O,1.318306327,-0.347388625,0.713401675
arm_TAGAH1801819Z18111Z,Glycerolipid metabolism,A0A2K3CNU4_wild,CCCCCCCCCCCCCCCCCC(=O)OC[C@H](COC(=O)CCCCCCCCC/C=C\CCCCCC)OC(=O)CCCCCCC/C=C\CCCCCCCC,0.056655396,-1.17275393,0.965879619
arm_TAGAH1801819Z18111Z,Glycerolipid metabolism,A0A2K3CX99_wild,O,1.983316779,0.080360517,1.200588346
arm_TAGAH1801819Z18111Z,Glycerolipid metabolism,A0A2K3CX99_wild,CCCCCCCCCCCCCCCCCC(=O)OC[C@H](COC(=O)CCCCCCCCC/C=C\CCCCCC)OC(=O)CCCCCCC/C=C\CCCCCCCC,1.116146564,-0.473157465,1.152213931
arm_TAGAH1801819Z18111Z,Glycerolipid metabolism,A0A2K3CXJ3_wild,O,1.674777746,0.549110055,0.858112693
arm_TAGAH1801819Z18111Z,Glycerolipid metabolism,A0A2K3CXJ3_wild,CCCCCCCCCCCCCCCCCC(=O)OC[C@H](COC(=O)CCCCCCCCC/C=C\CCCCCC)OC(=O)CCCCCCC/C=C\CCCCCCCC,0.938337684,-0.192322254,0.787275255
arm_TAGAH1801819Z18111Z,Glycerolipid metabolism,A0A2K3D3D3_wild,O,2.215553522,-0.069598481,1.319882751
arm_TAGAH1801819Z18111Z,Glycerolipid metabolism,A0A2K3D3D3_wild,CCCCCCCCCCCCCCCCCC(=O)OC[C@H](COC(=O)CCCCCCCCC/C=C\CCCCCC)OC(=O)CCCCCCC/C=C\CCCCCCCC,1.225565195,-0.973259151,1.508456469
arm_TAGAH1801819Z18111Z,Glycerolipid metabolism,A0A2K3D710_wild,O,1.083993793,-0.499323994,0.597153485
arm_TAGAH1801819Z18111Z,Glycerolipid metabolism,A0A2K3D710_wild,CCCCCCCCCCCCCCCCCC(=O)OC[C@H](COC(=O)CCCCCCCCC/C=C\CCCCCC)OC(=O)CCCCCCC/C=C\CCCCCCCC,-0.041974496,-1.325856566,0.621524394
arm_TAGAH1801819Z18111Z,Glycerolipid metabolism,A0A2K3D712_wild,O,1.086323023,-0.500079513,0.601320088
arm_TAGAH1801819Z18111Z,Glycerolipid metabolism,A0A2K3D712_wild,CCCCCCCCCCCCCCCCCC(=O)OC[C@H](COC(=O)CCCCCCCCC/C=C\CCCCCC)OC(=O)CCCCCCC/C=C\CCCCCCCC,-0.044258095,-1.33048892,0.630592585
arm_TAGAH1801819Z18111Z,Glycerolipid metabolism,A0A2K3DJ66_wild,O,1.498929977,-0.405866474,1.3382442
arm_TAGAH1801819Z18111Z,Glycerolipid metabolism,A0A2K3DJ66_wild,CCCCCCCCCCCCCCCCCC(=O)OC[C@H](COC(=O)CCCCCCCCC/C=C\CCCCCC)OC(=O)CCCCCCC/C=C\CCCCCCCC,0.574638784,-1.052474022,1.408635378
arm_TAGAH1801819Z18111Z,Glycerolipid metabolism,A0A2K3DJA9_wild,O,1.298353791,-0.23264727,0.978991866
arm_TAGAH1801819Z18111Z,Glycerolipid metabolism,A0A2K3DJA9_wild,CCCCCCCCCCCCCCCCCC(=O)OC[C@H](COC(=O)CCCCCCCCC/C=C\CCCCCC)OC(=O)CCCCCCC/C=C\CCCCCCCC,0.242969602,-0.901976407,0.982183099
arm_TAGAH1801819Z18111Z,Glycerolipid metabolism,A0A2K3DNL2_wild,O,1.090560675,-0.6161834,1.18495059
arm_TAGAH1801819Z18111Z,Glycerolipid metabolism,A0A2K3DNL2_wild,CCCCCCCCCCCCCCCCCC(=O)OC[C@H](COC(=O)CCCCCCCCC/C=C\CCCCCC)OC(=O)CCCCCCC/C=C\CCCCCCCC,-0.06722708,-1.554406762,1.418771029
arm_TAGAH1801819Z18111Z,Glycerolipid metabolism,A0A2K3DSP4_wild,O,1.604065537,0.430392563,0.748819232
arm_TAGAH1801819Z18111Z,Glycerolipid metabolism,A0A2K3DSP4_wild,CCCCCCCCCCCCCCCCCC(=O)OC[C@H](COC(=O)CCCCCCCCC/C=C\CCCCCC)OC(=O)CCCCCCC/C=C\CCCCCCCC,0.724619508,-0.431256771,0.937337279
arm_TAGAH1801819Z18111Z,Glycerolipid metabolism,A0A2K3DV73_wild,O,1.299811959,-0.627304137,1.012681723
arm_TAGAH1801819Z18111Z,Glycerolipid metabolism,A0A2K3DV73_wild,CCCCCCCCCCCCCCCCCC(=O)OC[C@H](COC(=O)CCCCCCCCC/C=C\CCCCCC)OC(=O)CCCCCCC/C=C\CCCCCCCC,0.031272445,-1.544427752,1.152415514
arm_TAGAH1801819Z18111Z,Glycerolipid metabolism,A0A2K3DYG4_wild,O,1.518248558,-0.670566797,1.197124243
arm_TAGAH1801819Z18111Z,Glycerolipid metabolism,A0A2K3DYG4_wild,CCCCCCCCCCCCCCCCCC(=O)OC[C@H](COC(=O)CCCCCCCCC/C=C\CCCCCC)OC(=O)CCCCCCC/C=C\CCCCCCCC,0.426606238,-1.520881414,1.308508992
arm_TAGAH1801819Z18111Z,Glycerolipid metabolism,A0A2K3E4U8_wild,O,1.536249161,0.210874319,1.361546159
arm_TAGAH1801819Z18111Z,Glycerolipid metabolism,A0A2K3E4U8_wild,CCCCCCCCCCCCCCCCCC(=O)OC[C@H](COC(=O)CCCCCCCCC/C=C\CCCCCC)OC(=O)CCCCCCC/C=C\CCCCCCCC,0.636191368,-0.448077291,1.299942851
arm_TAGAH1801819Z18111Z,Glycerolipid metabolism,A8J056_wild,O,2.119389534,-0.033908162,1.762816668
arm_TAGAH1801819Z18111Z,Glycerolipid metabolism,A8J056_wild,CCCCCCCCCCCCCCCCCC(=O)OC[C@H](COC(=O)CCCCCCCCC/C=C\CCCCCC)OC(=O)CCCCCCC/C=C\CCCCCCCC,1.264424086,-0.440826505,1.688934326
arm_TAGAH1801819Z1819Z,Glycerolipid metabolism,A0A2K3CNS0_wild,O,1.674396753,-0.391487539,1.393553734
arm_TAGAH1801819Z1819Z,Glycerolipid metabolism,A0A2K3CNS0_wild,CCCCCCCCCCCCCCCCCC(=O)OC[C@H](COC(=O)CCCCCCC/C=C\CCCCCCCC)OC(=O)CCCCCCC/C=C\CCCCCCCC,0.569919527,-1.386903524,1.550249696
arm_TAGAH1801819Z1819Z,Glycerolipid metabolism,A0A2K3CNU4_wild,O,1.318306327,-0.347388625,0.713401675
arm_TAGAH1801819Z1819Z,Glycerolipid metabolism,A0A2K3CNU4_wild,CCCCCCCCCCCCCCCCCC(=O)OC[C@H](COC(=O)CCCCCCC/C=C\CCCCCCCC)OC(=O)CCCCCCC/C=C\CCCCCCCC,0.102796711,-1.15455842,1.016735792
arm_TAGAH1801819Z1819Z,Glycerolipid metabolism,A0A2K3CX99_wild,O,1.983316779,0.080360517,1.200588346
arm_TAGAH1801819Z1819Z,Glycerolipid metabolism,A0A2K3CX99_wild,CCCCCCCCCCCCCCCCCC(=O)OC[C@H](COC(=O)CCCCCCC/C=C\CCCCCCCC)OC(=O)CCCCCCC/C=C\CCCCCCCC,1.159281135,-0.450876653,1.213758826
arm_TAGAH1801819Z1819Z,Glycerolipid metabolism,A0A2K3CXJ3_wild,O,1.674777746,0.549110055,0.858112693
arm_TAGAH1801819Z1819Z,Glycerolipid metabolism,A0A2K3CXJ3_wild,CCCCCCCCCCCCCCCCCC(=O)OC[C@H](COC(=O)CCCCCCC/C=C\CCCCCCCC)OC(=O)CCCCCCC/C=C\CCCCCCCC,0.993108571,-0.180808991,0.842421353
arm_TAGAH1801819Z1819Z,Glycerolipid metabolism,A0A2K3D3D3_wild,O,2.215553522,-0.069598481,1.319882751
arm_TAGAH1801819Z1819Z,Glycerolipid metabolism,A0A2K3D3D3_wild,CCCCCCCCCCCCCCCCCC(=O)OC[C@H](COC(=O)CCCCCCC/C=C\CCCCCCCC)OC(=O)CCCCCCC/C=C\CCCCCCCC,1.274341345,-0.951992691,1.563607931
arm_TAGAH1801819Z1819Z,Glycerolipid metabolism,A0A2K3D710_wild,O,1.083993793,-0.499323994,0.597153485
arm_TAGAH1801819Z1819Z,Glycerolipid metabolism,A0A2K3D710_wild,CCCCCCCCCCCCCCCCCC(=O)OC[C@H](COC(=O)CCCCCCC/C=C\CCCCCCCC)OC(=O)CCCCCCC/C=C\CCCCCCCC,0.004356042,-1.302074671,0.673096776
arm_TAGAH1801819Z1819Z,Glycerolipid metabolism,A0A2K3D712_wild,O,1.086323023,-0.500079513,0.601320088
arm_TAGAH1801819Z1819Z,Glycerolipid metabolism,A0A2K3D712_wild,CCCCCCCCCCCCCCCCCC(=O)OC[C@H](COC(=O)CCCCCCC/C=C\CCCCCCCC)OC(=O)CCCCCCC/C=C\CCCCCCCC,0.002353314,-1.30756557,0.681940675
arm_TAGAH1801819Z1819Z,Glycerolipid metabolism,A0A2K3DJ66_wild,O,1.498929977,-0.405866474,1.3382442
arm_TAGAH1801819Z1819Z,Glycerolipid metabolism,A0A2K3DJ66_wild,CCCCCCCCCCCCCCCCCC(=O)OC[C@H](COC(=O)CCCCCCC/C=C\CCCCCCCC)OC(=O)CCCCCCC/C=C\CCCCCCCC,0.617494941,-1.033166051,1.465483308
arm_TAGAH1801819Z1819Z,Glycerolipid metabolism,A0A2K3DJA9_wild,O,1.298353791,-0.23264727,0.978991866
arm_TAGAH1801819Z1819Z,Glycerolipid metabolism,A0A2K3DJA9_wild,CCCCCCCCCCCCCCCCCC(=O)OC[C@H](COC(=O)CCCCCCC/C=C\CCCCCCCC)OC(=O)CCCCCCC/C=C\CCCCCCCC,0.289511174,-0.885219932,1.04086113
arm_TAGAH1801819Z1819Z,Glycerolipid metabolism,A0A2K3DNL2_wild,O,1.090560675,-0.6161834,1.18495059
arm_TAGAH1801819Z1819Z,Glycerolipid metabolism,A0A2K3DNL2_wild,CCCCCCCCCCCCCCCCCC(=O)OC[C@H](COC(=O)CCCCCCC/C=C\CCCCCCCC)OC(=O)CCCCCCC/C=C\CCCCCCCC,-0.015258375,-1.534138918,1.465771794
arm_TAGAH1801819Z1819Z,Glycerolipid metabolism,A0A2K3DSP4_wild,O,1.604065537,0.430392563,0.748819232
arm_TAGAH1801819Z1819Z,Glycerolipid metabolism,A0A2K3DSP4_wild,CCCCCCCCCCCCCCCCCC(=O)OC[C@H](COC(=O)CCCCCCC/C=C\CCCCCCCC)OC(=O)CCCCCCC/C=C\CCCCCCCC,0.774098814,-0.401329905,1.004973054
arm_TAGAH1801819Z1819Z,Glycerolipid metabolism,A0A2K3DV73_wild,O,1.299811959,-0.627304137,1.012681723
arm_TAGAH1801819Z1819Z,Glycerolipid metabolism,A0A2K3DV73_wild,CCCCCCCCCCCCCCCCCC(=O)OC[C@H](COC(=O)CCCCCCC/C=C\CCCCCCCC)OC(=O)CCCCCCC/C=C\CCCCCCCC,0.078073069,-1.515861869,1.205014944
arm_TAGAH1801819Z1819Z,Glycerolipid metabolism,A0A2K3DYG4_wild,O,1.518248558,-0.670566797,1.197124243
arm_TAGAH1801819Z1819Z,Glycerolipid metabolism,A0A2K3DYG4_wild,CCCCCCCCCCCCCCCCCC(=O)OC[C@H](COC(=O)CCCCCCC/C=C\CCCCCCCC)OC(=O)CCCCCCC/C=C\CCCCCCCC,0.474622071,-1.488689065,1.353837013
arm_TAGAH1801819Z1819Z,Glycerolipid metabolism,A0A2K3E4U8_wild,O,1.536249161,0.210874319,1.361546159
arm_TAGAH1801819Z1819Z,Glycerolipid metabolism,A0A2K3E4U8_wild,CCCCCCCCCCCCCCCCCC(=O)OC[C@H](COC(=O)CCCCCCC/C=C\CCCCCCCC)OC(=O)CCCCCCC/C=C\CCCCCCCC,0.6783306,-0.437383473,1.36423564
arm_TAGAH1801819Z1819Z,Glycerolipid metabolism,A8J056_wild,O,2.119389534,-0.033908162,1.762816668
arm_TAGAH1801819Z1819Z,Glycerolipid metabolism,A8J056_wild,CCCCCCCCCCCCCCCCCC(=O)OC[C@H](COC(=O)CCCCCCC/C=C\CCCCCCCC)OC(=O)CCCCCCC/C=C\CCCCCCCC,1.30674839,-0.431797117,1.751808405
arm_TAGAH1801819Z1835Z9Z12Z,Glycerolipid metabolism,A0A2K3CNS0_wild,O,1.674396753,-0.391487539,1.393553734
arm_TAGAH1801819Z1835Z9Z12Z,Glycerolipid metabolism,A0A2K3CNS0_wild,CCCCCCCCCCCCCCCCCC(=O)OC[C@H](COC(=O)CCC/C=C\CC/C=C\C/C=C\CCCCC)OC(=O)CCCCCCC/C=C\CCCCCCCC,0.280315042,-1.654322863,1.433118582
arm_TAGAH1801819Z1835Z9Z12Z,Glycerolipid metabolism,A0A2K3CNU4_wild,O,1.318306327,-0.347388625,0.713401675
arm_TAGAH1801819Z1835Z9Z12Z,Glycerolipid metabolism,A0A2K3CNU4_wild,CCCCCCCCCCCCCCCCCC(=O)OC[C@H](COC(=O)CCC/C=C\CC/C=C\C/C=C\CCCCC)OC(=O)CCCCCCC/C=C\CCCCCCCC,-0.140384957,-1.461319685,0.91228056
arm_TAGAH1801819Z1835Z9Z12Z,Glycerolipid metabolism,A0A2K3CX99_wild,O,1.983316779,0.080360517,1.200588346
arm_TAGAH1801819Z1835Z9Z12Z,Glycerolipid metabolism,A0A2K3CX99_wild,CCCCCCCCCCCCCCCCCC(=O)OC[C@H](COC(=O)CCC/C=C\CC/C=C\C/C=C\CCCCC)OC(=O)CCCCCCC/C=C\CCCCCCCC,0.83577615,-0.759596646,1.1246351
arm_TAGAH1801819Z1835Z9Z12Z,Glycerolipid metabolism,A0A2K3CXJ3_wild,O,1.674777746,0.549110055,0.858112693
arm_TAGAH1801819Z1835Z9Z12Z,Glycerolipid metabolism,A0A2K3CXJ3_wild,CCCCCCCCCCCCCCCCCC(=O)OC[C@H](COC(=O)CCC/C=C\CC/C=C\C/C=C\CCCCC)OC(=O)CCCCCCC/C=C\CCCCCCCC,0.664787889,-0.427558511,0.765858293
arm_TAGAH1801819Z1835Z9Z12Z,Glycerolipid metabolism,A0A2K3D3D3_wild,O,2.215553522,-0.069598481,1.319882751
arm_TAGAH1801819Z1835Z9Z12Z,Glycerolipid metabolism,A0A2K3D3D3_wild,CCCCCCCCCCCCCCCCCC(=O)OC[C@H](COC(=O)CCC/C=C\CC/C=C\C/C=C\CCCCC)OC(=O)CCCCCCC/C=C\CCCCCCCC,0.977454484,-1.249318838,1.463825822
arm_TAGAH1801819Z1835Z9Z12Z,Glycerolipid metabolism,A0A2K3D710_wild,O,1.083993793,-0.499323994,0.597153485
arm_TAGAH1801819Z1835Z9Z12Z,Glycerolipid metabolism,A0A2K3D710_wild,CCCCCCCCCCCCCCCCCC(=O)OC[C@H](COC(=O)CCC/C=C\CC/C=C\C/C=C\CCCCC)OC(=O)CCCCCCC/C=C\CCCCCCCC,-0.247253537,-1.623400927,0.590522468
arm_TAGAH1801819Z1835Z9Z12Z,Glycerolipid metabolism,A0A2K3D712_wild,O,1.086323023,-0.500079513,0.601320088
arm_TAGAH1801819Z1835Z9Z12Z,Glycerolipid metabolism,A0A2K3D712_wild,CCCCCCCCCCCCCCCCCC(=O)OC[C@H](COC(=O)CCC/C=C\CC/C=C\C/C=C\CCCCC)OC(=O)CCCCCCC/C=C\CCCCCCCC,-0.251000911,-1.628222704,0.599459171
arm_TAGAH1801819Z1835Z9Z12Z,Glycerolipid metabolism,A0A2K3DJ66_wild,O,1.498929977,-0.405866474,1.3382442
arm_TAGAH1801819Z1835Z9Z12Z,Glycerolipid metabolism,A0A2K3DJ66_wild,CCCCCCCCCCCCCCCCCC(=O)OC[C@H](COC(=O)CCC/C=C\CC/C=C\C/C=C\CCCCC)OC(=O)CCCCCCC/C=C\CCCCCCCC,0.313601136,-1.330384612,1.348203421
arm_TAGAH1801819Z1835Z9Z12Z,Glycerolipid metabolism,A0A2K3DJA9_wild,O,1.298353791,-0.23264727,0.978991866
arm_TAGAH1801819Z1835Z9Z12Z,Glycerolipid metabolism,A0A2K3DJA9_wild,CCCCCCCCCCCCCCCCCC(=O)OC[C@H](COC(=O)CCC/C=C\CC/C=C\C/C=C\CCCCC)OC(=O)CCCCCCC/C=C\CCCCCCCC,-0.007728142,-1.161774993,0.939060867
arm_TAGAH1801819Z1835Z9Z12Z,Glycerolipid metabolism,A0A2K3DNL2_wild,O,1.090560675,-0.6161834,1.18495059
arm_TAGAH1801819Z1835Z9Z12Z,Glycerolipid metabolism,A0A2K3DNL2_wild,CCCCCCCCCCCCCCCCCC(=O)OC[C@H](COC(=O)CCC/C=C\CC/C=C\C/C=C\CCCCC)OC(=O)CCCCCCC/C=C\CCCCCCCC,-0.311259329,-1.811477423,1.343287706
arm_TAGAH1801819Z1835Z9Z12Z,Glycerolipid metabolism,A0A2K3DSP4_wild,O,1.604065537,0.430392563,0.748819232
arm_TAGAH1801819Z1835Z9Z12Z,Glycerolipid metabolism,A0A2K3DSP4_wild,CCCCCCCCCCCCCCCCCC(=O)OC[C@H](COC(=O)CCC/C=C\CC/C=C\C/C=C\CCCCC)OC(=O)CCCCCCC/C=C\CCCCCCCC,0.445249707,-0.711804509,0.894225478
arm_TAGAH1801819Z1835Z9Z12Z,Glycerolipid metabolism,A0A2K3DV73_wild,O,1.299811959,-0.627304137,1.012681723
arm_TAGAH1801819Z1835Z9Z12Z,Glycerolipid metabolism,A0A2K3DV73_wild,CCCCCCCCCCCCCCCCCC(=O)OC[C@H](COC(=O)CCC/C=C\CC/C=C\C/C=C\CCCCC)OC(=O)CCCCCCC/C=C\CCCCCCCC,-0.207405731,-1.789508462,1.097969651
arm_TAGAH1801819Z1835Z9Z12Z,Glycerolipid metabolism,A0A2K3DYG4_wild,O,1.518248558,-0.670566797,1.197124243
arm_TAGAH1801819Z1835Z9Z12Z,Glycerolipid metabolism,A0A2K3DYG4_wild,CCCCCCCCCCCCCCCCCC(=O)OC[C@H](COC(=O)CCC/C=C\CC/C=C\C/C=C\CCCCC)OC(=O)CCCCCCC/C=C\CCCCCCCC,0.176686853,-1.802475572,1.223781347
arm_TAGAH1801819Z1835Z9Z12Z,Glycerolipid metabolism,A0A2K3E4U8_wild,O,1.536249161,0.210874319,1.361546159
arm_TAGAH1801819Z1835Z9Z12Z,Glycerolipid metabolism,A0A2K3E4U8_wild,CCCCCCCCCCCCCCCCCC(=O)OC[C@H](COC(=O)CCC/C=C\CC/C=C\C/C=C\CCCCC)OC(=O)CCCCCCC/C=C\CCCCCCCC,0.373101145,-0.70763123,1.264143467
arm_TAGAH1801819Z1835Z9Z12Z,Glycerolipid metabolism,A8J056_wild,O,2.119389534,-0.033908162,1.762816668
arm_TAGAH1801819Z1835Z9Z12Z,Glycerolipid metabolism,A8J056_wild,CCCCCCCCCCCCCCCCCC(=O)OC[C@H](COC(=O)CCC/C=C\CC/C=C\C/C=C\CCCCC)OC(=O)CCCCCCC/C=C\CCCCCCCC,0.939969897,-0.712242901,1.626870394
arm_TAGAH1801819Z1845Z9Z12Z15Z,Glycerolipid metabolism,A0A2K3CNS0_wild,O,1.674396753,-0.391487539,1.393553734
arm_TAGAH1801819Z1845Z9Z12Z15Z,Glycerolipid metabolism,A0A2K3CNS0_wild,CCCCCCCCCCCCCCCCCC(=O)OC[C@H](COC(=O)CCC/C=C\CC/C=C\C/C=C\C/C=C\CC)OC(=O)CCCCCCC/C=C\CCCCCCCC,0.228025466,-1.728591323,1.428129911
arm_TAGAH1801819Z1845Z9Z12Z15Z,Glycerolipid metabolism,A0A2K3CNU4_wild,O,1.318306327,-0.347388625,0.713401675
arm_TAGAH1801819Z1845Z9Z12Z15Z,Glycerolipid metabolism,A0A2K3CNU4_wild,CCCCCCCCCCCCCCCCCC(=O)OC[C@H](COC(=O)CCC/C=C\CC/C=C\C/C=C\C/C=C\CC)OC(=O)CCCCCCC/C=C\CCCCCCCC,-0.158146203,-1.559206247,0.927753448
arm_TAGAH1801819Z1845Z9Z12Z15Z,Glycerolipid metabolism,A0A2K3CX99_wild,O,1.983316779,0.080360517,1.200588346
arm_TAGAH1801819Z1845Z9Z12Z15Z,Glycerolipid metabolism,A0A2K3CX99_wild,CCCCCCCCCCCCCCCCCC(=O)OC[C@H](COC(=O)CCC/C=C\CC/C=C\C/C=C\C/C=C\CC)OC(=O)CCCCCCC/C=C\CCCCCCCC,0.753584683,-0.83083564,1.105137825
arm_TAGAH1801819Z1845Z9Z12Z15Z,Glycerolipid metabolism,A0A2K3CXJ3_wild,O,1.674777746,0.549110055,0.858112693
arm_TAGAH1801819Z1845Z9Z12Z15Z,Glycerolipid metabolism,A0A2K3CXJ3_wild,CCCCCCCCCCCCCCCCCC(=O)OC[C@H](COC(=O)CCC/C=C\CC/C=C\C/C=C\C/C=C\CC)OC(=O)CCCCCCC/C=C\CCCCCCCC,0.58783257,-0.496887058,0.757654071
arm_TAGAH1801819Z1845Z9Z12Z15Z,Glycerolipid metabolism,A0A2K3D3D3_wild,O,2.215553522,-0.069598481,1.319882751
arm_TAGAH1801819Z1845Z9Z12Z15Z,Glycerolipid metabolism,A0A2K3D3D3_wild,CCCCCCCCCCCCCCCCCC(=O)OC[C@H](COC(=O)CCC/C=C\CC/C=C\C/C=C\C/C=C\CC)OC(=O)CCCCCCC/C=C\CCCCCCCC,0.917817116,-1.306288481,1.458047509
arm_TAGAH1801819Z1845Z9Z12Z15Z,Glycerolipid metabolism,A0A2K3D710_wild,O,1.083993793,-0.499323994,0.597153485
arm_TAGAH1801819Z1845Z9Z12Z15Z,Glycerolipid metabolism,A0A2K3D710_wild,CCCCCCCCCCCCCCCCCC(=O)OC[C@H](COC(=O)CCC/C=C\CC/C=C\C/C=C\C/C=C\CC)OC(=O)CCCCCCC/C=C\CCCCCCCC,-0.28249824,-1.696001291,0.608988583
arm_TAGAH1801819Z1845Z9Z12Z15Z,Glycerolipid metabolism,A0A2K3D712_wild,O,1.086323023,-0.500079513,0.601320088
arm_TAGAH1801819Z1845Z9Z12Z15Z,Glycerolipid metabolism,A0A2K3D712_wild,CCCCCCCCCCCCCCCCCC(=O)OC[C@H](COC(=O)CCC/C=C\CC/C=C\C/C=C\C/C=C\CC)OC(=O)CCCCCCC/C=C\CCCCCCCC,-0.285529435,-1.702455521,0.618158579
arm_TAGAH1801819Z1845Z9Z12Z15Z,Glycerolipid metabolism,A0A2K3DJ66_wild,O,1.498929977,-0.405866474,1.3382442
arm_TAGAH1801819Z1845Z9Z12Z15Z,Glycerolipid metabolism,A0A2K3DJ66_wild,CCCCCCCCCCCCCCCCCC(=O)OC[C@H](COC(=O)CCC/C=C\CC/C=C\C/C=C\C/C=C\CC)OC(=O)CCCCCCC/C=C\CCCCCCCC,0.251243144,-1.412175298,1.351616979
arm_TAGAH1801819Z1845Z9Z12Z15Z,Glycerolipid metabolism,A0A2K3DJA9_wild,O,1.298353791,-0.23264727,0.978991866
arm_TAGAH1801819Z1845Z9Z12Z15Z,Glycerolipid metabolism,A0A2K3DJA9_wild,CCCCCCCCCCCCCCCCCC(=O)OC[C@H](COC(=O)CCC/C=C\CC/C=C\C/C=C\C/C=C\CC)OC(=O)CCCCCCC/C=C\CCCCCCCC,-0.047798831,-1.236671329,0.952645004
arm_TAGAH1801819Z1845Z9Z12Z15Z,Glycerolipid metabolism,A0A2K3DNL2_wild,O,1.090560675,-0.6161834,1.18495059
arm_TAGAH1801819Z1845Z9Z12Z15Z,Glycerolipid metabolism,A0A2K3DNL2_wild,CCCCCCCCCCCCCCCCCC(=O)OC[C@H](COC(=O)CCC/C=C\CC/C=C\C/C=C\C/C=C\CC)OC(=O)CCCCCCC/C=C\CCCCCCCC,-0.330656469,-1.889744997,1.370891571
arm_TAGAH1801819Z1845Z9Z12Z15Z,Glycerolipid metabolism,A0A2K3DSP4_wild,O,1.604065537,0.430392563,0.748819232
arm_TAGAH1801819Z1845Z9Z12Z15Z,Glycerolipid metabolism,A0A2K3DSP4_wild,CCCCCCCCCCCCCCCCCC(=O)OC[C@H](COC(=O)CCC/C=C\CC/C=C\C/C=C\C/C=C\CC)OC(=O)CCCCCCC/C=C\CCCCCCCC,0.389781952,-0.793785989,0.884679317
arm_TAGAH1801819Z1845Z9Z12Z15Z,Glycerolipid metabolism,A0A2K3DV73_wild,O,1.299811959,-0.627304137,1.012681723
arm_TAGAH1801819Z1845Z9Z12Z15Z,Glycerolipid metabolism,A0A2K3DV73_wild,CCCCCCCCCCCCCCCCCC(=O)OC[C@H](COC(=O)CCC/C=C\CC/C=C\C/C=C\C/C=C\CC)OC(=O)CCCCCCC/C=C\CCCCCCCC,-0.23042202,-1.864402056,1.113095403
arm_TAGAH1801819Z1845Z9Z12Z15Z,Glycerolipid metabolism,A0A2K3DYG4_wild,O,1.518248558,-0.670566797,1.197124243
arm_TAGAH1801819Z1845Z9Z12Z15Z,Glycerolipid metabolism,A0A2K3DYG4_wild,CCCCCCCCCCCCCCCCCC(=O)OC[C@H](COC(=O)CCC/C=C\CC/C=C\C/C=C\C/C=C\CC)OC(=O)CCCCCCC/C=C\CCCCCCCC,0.16013512,-1.885467887,1.232468843
arm_TAGAH1801819Z1845Z9Z12Z15Z,Glycerolipid metabolism,A0A2K3E4U8_wild,O,1.536249161,0.210874319,1.361546159
arm_TAGAH1801819Z1845Z9Z12Z15Z,Glycerolipid metabolism,A0A2K3E4U8_wild,CCCCCCCCCCCCCCCCCC(=O)OC[C@H](COC(=O)CCC/C=C\CC/C=C\C/C=C\C/C=C\CC)OC(=O)CCCCCCC/C=C\CCCCCCCC,0.291156888,-0.770673335,1.243649721
arm_TAGAH1801819Z1845Z9Z12Z15Z,Glycerolipid metabolism,A8J056_wild,O,2.119389534,-0.033908162,1.762816668
arm_TAGAH1801819Z1845Z9Z12Z15Z,Glycerolipid metabolism,A8J056_wild,CCCCCCCCCCCCCCCCCC(=O)OC[C@H](COC(=O)CCC/C=C\CC/C=C\C/C=C\C/C=C\CC)OC(=O)CCCCCCC/C=C\CCCCCCCC,0.841339946,-0.78527534,1.594314694
arm_TAGAH18111Z18111Z160,Glycerolipid metabolism,A0A2K3CNS0_wild,O,1.674396753,-0.391487539,1.393553734
arm_TAGAH18111Z18111Z160,Glycerolipid metabolism,A0A2K3CNS0_wild,CCCCCC/C=C\CCCCCCCCCC(=O)OC[C@H](COC(=O)CCCCCCCCCCCCCCC)OC(=O)CCCCCCCCC/C=C\CCCCCC,0.507089496,-1.259482622,1.308046699
arm_TAGAH18111Z18111Z160,Glycerolipid metabolism,A0A2K3CNU4_wild,O,1.318306327,-0.347388625,0.713401675
arm_TAGAH18111Z18111Z160,Glycerolipid metabolism,A0A2K3CNU4_wild,CCCCCC/C=C\CCCCCCCCCC(=O)OC[C@H](COC(=O)CCCCCCCCCCCCCCC)OC(=O)CCCCCCCCC/C=C\CCCCCC,0.038150318,-0.998026848,0.782577932
arm_TAGAH18111Z18111Z160,Glycerolipid metabolism,A0A2K3CX99_wild,O,1.983316779,0.080360517,1.200588346
arm_TAGAH18111Z18111Z160,Glycerolipid metabolism,A0A2K3CX99_wild,CCCCCC/C=C\CCCCCCCCCC(=O)OC[C@H](COC(=O)CCCCCCCCCCCCCCC)OC(=O)CCCCCCCCC/C=C\CCCCCC,1.088418245,-0.324175745,1.004623652
arm_TAGAH18111Z18111Z160,Glycerolipid metabolism,A0A2K3CXJ3_wild,O,1.674777746,0.549110055,0.858112693
arm_TAGAH18111Z18111Z160,Glycerolipid metabolism,A0A2K3CXJ3_wild,CCCCCC/C=C\CCCCCCCCCC(=O)OC[C@H](COC(=O)CCCCCCCCCCCCCCC)OC(=O)CCCCCCCCC/C=C\CCCCCC,0.89885807,-0.055133384,0.63027674
arm_TAGAH18111Z18111Z160,Glycerolipid metabolism,A0A2K3D3D3_wild,O,2.215553522,-0.069598481,1.319882751
arm_TAGAH18111Z18111Z160,Glycerolipid metabolism,A0A2K3D3D3_wild,CCCCCC/C=C\CCCCCCCCCC(=O)OC[C@H](COC(=O)CCCCCCCCCCCCCCC)OC(=O)CCCCCCCCC/C=C\CCCCCC,1.206417322,-0.817659497,1.32625699
arm_TAGAH18111Z18111Z160,Glycerolipid metabolism,A0A2K3D710_wild,O,1.083993793,-0.499323994,0.597153485
arm_TAGAH18111Z18111Z160,Glycerolipid metabolism,A0A2K3D710_wild,CCCCCC/C=C\CCCCCCCCCC(=O)OC[C@H](COC(=O)CCCCCCCCCCCCCCC)OC(=O)CCCCCCCCC/C=C\CCCCCC,-0.040740237,-1.171809435,0.461230814
arm_TAGAH18111Z18111Z160,Glycerolipid metabolism,A0A2K3D712_wild,O,1.086323023,-0.500079513,0.601320088
arm_TAGAH18111Z18111Z160,Glycerolipid metabolism,A0A2K3D712_wild,CCCCCC/C=C\CCCCCCCCCC(=O)OC[C@H](COC(=O)CCCCCCCCCCCCCCC)OC(=O)CCCCCCCCC/C=C\CCCCCC,-0.043816984,-1.177224159,0.470084131
arm_TAGAH18111Z18111Z160,Glycerolipid metabolism,A0A2K3DJ66_wild,O,1.498929977,-0.405866474,1.3382442
arm_TAGAH18111Z18111Z160,Glycerolipid metabolism,A0A2K3DJ66_wild,CCCCCC/C=C\CCCCCCCCCC(=O)OC[C@H](COC(=O)CCCCCCCCCCCCCCC)OC(=O)CCCCCCCCC/C=C\CCCCCC,0.557743311,-0.896994948,1.228917241
arm_TAGAH18111Z18111Z160,Glycerolipid metabolism,A0A2K3DJA9_wild,O,1.298353791,-0.23264727,0.978991866
arm_TAGAH18111Z18111Z160,Glycerolipid metabolism,A0A2K3DJA9_wild,CCCCCC/C=C\CCCCCCCCCC(=O)OC[C@H](COC(=O)CCCCCCCCCCCCCCC)OC(=O)CCCCCCCCC/C=C\CCCCCC,0.217394516,-0.761398315,0.811453164
arm_TAGAH18111Z18111Z160,Glycerolipid metabolism,A0A2K3DNL2_wild,O,1.090560675,-0.6161834,1.18495059
arm_TAGAH18111Z18111Z160,Glycerolipid metabolism,A0A2K3DNL2_wild,CCCCCC/C=C\CCCCCCCCCC(=O)OC[C@H](COC(=O)CCCCCCCCCCCCCCC)OC(=O)CCCCCCCCC/C=C\CCCCCC,-0.090797365,-1.407384872,1.243171573
arm_TAGAH18111Z18111Z160,Glycerolipid metabolism,A0A2K3DSP4_wild,O,1.604065537,0.430392563,0.748819232
arm_TAGAH18111Z18111Z160,Glycerolipid metabolism,A0A2K3DSP4_wild,CCCCCC/C=C\CCCCCCCCCC(=O)OC[C@H](COC(=O)CCCCCCCCCCCCCCC)OC(=O)CCCCCCCCC/C=C\CCCCCC,0.691648781,-0.299148798,0.772238672
arm_TAGAH18111Z18111Z160,Glycerolipid metabolism,A0A2K3DV73_wild,O,1.299811959,-0.627304137,1.012681723
arm_TAGAH18111Z18111Z160,Glycerolipid metabolism,A0A2K3DV73_wild,CCCCCC/C=C\CCCCCCCCCC(=O)OC[C@H](COC(=O)CCCCCCCCCCCCCCC)OC(=O)CCCCCCCCC/C=C\CCCCCC,0.020558301,-1.370345354,0.974793911
arm_TAGAH18111Z18111Z160,Glycerolipid metabolism,A0A2K3DYG4_wild,O,1.518248558,-0.670566797,1.197124243
arm_TAGAH18111Z18111Z160,Glycerolipid metabolism,A0A2K3DYG4_wild,CCCCCC/C=C\CCCCCCCCCC(=O)OC[C@H](COC(=O)CCCCCCCCCCCCCCC)OC(=O)CCCCCCCCC/C=C\CCCCCC,0.402523339,-1.338474512,1.131005049
arm_TAGAH18111Z18111Z160,Glycerolipid metabolism,A0A2K3E4U8_wild,O,1.536249161,0.210874319,1.361546159
arm_TAGAH18111Z18111Z160,Glycerolipid metabolism,A0A2K3E4U8_wild,CCCCCC/C=C\CCCCCCCCCC(=O)OC[C@H](COC(=O)CCCCCCCCCCCCCCC)OC(=O)CCCCCCCCC/C=C\CCCCCC,0.596798301,-0.290739238,1.12656486
arm_TAGAH18111Z18111Z160,Glycerolipid metabolism,A8J056_wild,O,2.119389534,-0.033908162,1.762816668
arm_TAGAH18111Z18111Z160,Glycerolipid metabolism,A8J056_wild,CCCCCC/C=C\CCCCCCCCCC(=O)OC[C@H](COC(=O)CCCCCCCCCCCCCCC)OC(=O)CCCCCCCCC/C=C\CCCCCC,1.19981575,-0.322028637,1.515549898
arm_TAGAH18111Z18111Z180,Glycerolipid metabolism,A0A2K3CNS0_wild,O,1.674396753,-0.391487539,1.393553734
arm_TAGAH18111Z18111Z180,Glycerolipid metabolism,A0A2K3CNS0_wild,CCCCCC/C=C\CCCCCCCCCC(=O)OC[C@H](COC(=O)CCCCCCCCCCCCCCCCC)OC(=O)CCCCCCCCC/C=C\CCCCCC,0.526394665,-1.198973894,1.296759009
arm_TAGAH18111Z18111Z180,Glycerolipid metabolism,A0A2K3CNU4_wild,O,1.318306327,-0.347388625,0.713401675
arm_TAGAH18111Z18111Z180,Glycerolipid metabolism,A0A2K3CNU4_wild,CCCCCC/C=C\CCCCCCCCCC(=O)OC[C@H](COC(=O)CCCCCCCCCCCCCCCCC)OC(=O)CCCCCCCCC/C=C\CCCCCC,0.052640028,-0.926627278,0.773904204
arm_TAGAH18111Z18111Z180,Glycerolipid metabolism,A0A2K3CX99_wild,O,1.983316779,0.080360517,1.200588346
arm_TAGAH18111Z18111Z180,Glycerolipid metabolism,A0A2K3CX99_wild,CCCCCC/C=C\CCCCCCCCCC(=O)OC[C@H](COC(=O)CCCCCCCCCCCCCCCCC)OC(=O)CCCCCCCCC/C=C\CCCCCC,1.108583689,-0.263337433,1.002848864
arm_TAGAH18111Z18111Z180,Glycerolipid metabolism,A0A2K3CXJ3_wild,O,1.674777746,0.549110055,0.858112693
arm_TAGAH18111Z18111Z180,Glycerolipid metabolism,A0A2K3CXJ3_wild,CCCCCC/C=C\CCCCCCCCCC(=O)OC[C@H](COC(=O)CCCCCCCCCCCCCCCCC)OC(=O)CCCCCCCCC/C=C\CCCCCC,0.914756894,0.006552097,0.623858511
arm_TAGAH18111Z18111Z180,Glycerolipid metabolism,A0A2K3D3D3_wild,O,2.215553522,-0.069598481,1.319882751
arm_TAGAH18111Z18111Z180,Glycerolipid metabolism,A0A2K3D3D3_wild,CCCCCC/C=C\CCCCCCCCCC(=O)OC[C@H](COC(=O)CCCCCCCCCCCCCCCCC)OC(=O)CCCCCCCCC/C=C\CCCCCC,1.225718975,-0.761048555,1.319851756
arm_TAGAH18111Z18111Z180,Glycerolipid metabolism,A0A2K3D710_wild,O,1.083993793,-0.499323994,0.597153485
arm_TAGAH18111Z18111Z180,Glycerolipid metabolism,A0A2K3D710_wild,CCCCCC/C=C\CCCCCCCCCC(=O)OC[C@H](COC(=O)CCCCCCCCCCCCCCCCC)OC(=O)CCCCCCCCC/C=C\CCCCCC,-0.024014547,-1.10035634,0.453210682
arm_TAGAH18111Z18111Z180,Glycerolipid metabolism,A0A2K3D712_wild,O,1.086323023,-0.500079513,0.601320088
arm_TAGAH18111Z18111Z180,Glycerolipid metabolism,A0A2K3D712_wild,CCCCCC/C=C\CCCCCCCCCC(=O)OC[C@H](COC(=O)CCCCCCCCCCCCCCCCC)OC(=O)CCCCCCCCC/C=C\CCCCCC,-0.027937219,-1.105866671,0.462301731
arm_TAGAH18111Z18111Z180,Glycerolipid metabolism,A0A2K3DJ66_wild,O,1.498929977,-0.405866474,1.3382442
arm_TAGAH18111Z18111Z180,Glycerolipid metabolism,A0A2K3DJ66_wild,CCCCCC/C=C\CCCCCCCCCC(=O)OC[C@H](COC(=O)CCCCCCCCCCCCCCCCC)OC(=O)CCCCCCCCC/C=C\CCCCCC,0.556059837,-0.838492036,1.216052175
arm_TAGAH18111Z18111Z180,Glycerolipid metabolism,A0A2K3DJA9_wild,O,1.298353791,-0.23264727,0.978991866
arm_TAGAH18111Z18111Z180,Glycerolipid metabolism,A0A2K3DJA9_wild,CCCCCC/C=C\CCCCCCCCCC(=O)OC[C@H](COC(=O)CCCCCCCCCCCCCCCCC)OC(=O)CCCCCCCCC/C=C\CCCCCC,0.229845077,-0.702399433,0.801949859
arm_TAGAH18111Z18111Z180,Glycerolipid metabolism,A0A2K3DNL2_wild,O,1.090560675,-0.6161834,1.18495059
arm_TAGAH18111Z18111Z180,Glycerolipid metabolism,A0A2K3DNL2_wild,CCCCCC/C=C\CCCCCCCCCC(=O)OC[C@H](COC(=O)CCCCCCCCCCCCCCCCC)OC(=O)CCCCCCCCC/C=C\CCCCCC,-0.083418511,-1.337794304,1.228146911
arm_TAGAH18111Z18111Z180,Glycerolipid metabolism,A0A2K3DSP4_wild,O,1.604065537,0.430392563,0.748819232
arm_TAGAH18111Z18111Z180,Glycerolipid metabolism,A0A2K3DSP4_wild,CCCCCC/C=C\CCCCCCCCCC(=O)OC[C@H](COC(=O)CCCCCCCCCCCCCCCCC)OC(=O)CCCCCCCCC/C=C\CCCCCC,0.707765579,-0.233854771,0.764372349
arm_TAGAH18111Z18111Z180,Glycerolipid metabolism,A0A2K3DV73_wild,O,1.299811959,-0.627304137,1.012681723
arm_TAGAH18111Z18111Z180,Glycerolipid metabolism,A0A2K3DV73_wild,CCCCCC/C=C\CCCCCCCCCC(=O)OC[C@H](COC(=O)CCCCCCCCCCCCCCCCC)OC(=O)CCCCCCCCC/C=C\CCCCCC,0.026841331,-1.307298064,0.958758533
arm_TAGAH18111Z18111Z180,Glycerolipid metabolism,A0A2K3DYG4_wild,O,1.518248558,-0.670566797,1.197124243
arm_TAGAH18111Z18111Z180,Glycerolipid metabolism,A0A2K3DYG4_wild,CCCCCC/C=C\CCCCCCCCCC(=O)OC[C@H](COC(=O)CCCCCCCCCCCCCCCCC)OC(=O)CCCCCCCCC/C=C\CCCCCC,0.418388665,-1.272260189,1.123563051
arm_TAGAH18111Z18111Z180,Glycerolipid metabolism,A0A2K3E4U8_wild,O,1.536249161,0.210874319,1.361546159
arm_TAGAH18111Z18111Z180,Glycerolipid metabolism,A0A2K3E4U8_wild,CCCCCC/C=C\CCCCCCCCCC(=O)OC[C@H](COC(=O)CCCCCCCCCCCCCCCCC)OC(=O)CCCCCCCCC/C=C\CCCCCC,0.605688155,-0.238407373,1.116194963
arm_TAGAH18111Z18111Z180,Glycerolipid metabolism,A8J056_wild,O,2.119389534,-0.033908162,1.762816668
arm_TAGAH18111Z18111Z180,Glycerolipid metabolism,A8J056_wild,CCCCCC/C=C\CCCCCCCCCC(=O)OC[C@H](COC(=O)CCCCCCCCCCCCCCCCC)OC(=O)CCCCCCCCC/C=C\CCCCCC,1.200202465,-0.267352641,1.507023811
arm_TAGAH18111Z18111Z18111Z,Glycerolipid metabolism,A0A2K3CNS0_wild,O,1.674396753,-0.391487539,1.393553734
arm_TAGAH18111Z18111Z18111Z,Glycerolipid metabolism,A0A2K3CNS0_wild,CCCCCC/C=C\CCCCCCCCCC(=O)OC[C@H](COC(=O)CCCCCCCCC/C=C\CCCCCC)OC(=O)CCCCCCCCC/C=C\CCCCCC,0.542502284,-1.462466598,1.462187529
arm_TAGAH18111Z18111Z18111Z,Glycerolipid metabolism,A0A2K3CNU4_wild,O,1.318306327,-0.347388625,0.713401675
arm_TAGAH18111Z18111Z18111Z,Glycerolipid metabolism,A0A2K3CNU4_wild,CCCCCC/C=C\CCCCCCCCCC(=O)OC[C@H](COC(=O)CCCCCCCCC/C=C\CCCCCC)OC(=O)CCCCCCCCC/C=C\CCCCCC,0.06672056,-1.191662431,0.913161278
arm_TAGAH18111Z18111Z18111Z,Glycerolipid metabolism,A0A2K3CX99_wild,O,1.983316779,0.080360517,1.200588346
arm_TAGAH18111Z18111Z18111Z,Glycerolipid metabolism,A0A2K3CX99_wild,CCCCCC/C=C\CCCCCCCCCC(=O)OC[C@H](COC(=O)CCCCCCCCC/C=C\CCCCCC)OC(=O)CCCCCCCCC/C=C\CCCCCC,1.090538144,-0.535111427,1.12252295
arm_TAGAH18111Z18111Z18111Z,Glycerolipid metabolism,A0A2K3CXJ3_wild,O,1.674777746,0.549110055,0.858112693
arm_TAGAH18111Z18111Z18111Z,Glycerolipid metabolism,A0A2K3CXJ3_wild,CCCCCC/C=C\CCCCCCCCCC(=O)OC[C@H](COC(=O)CCCCCCCCC/C=C\CCCCCC)OC(=O)CCCCCCCCC/C=C\CCCCCC,0.935348153,-0.231581897,0.772477567
arm_TAGAH18111Z18111Z18111Z,Glycerolipid metabolism,A0A2K3D3D3_wild,O,2.215553522,-0.069598481,1.319882751
arm_TAGAH18111Z18111Z18111Z,Glycerolipid metabolism,A0A2K3D3D3_wild,CCCCCC/C=C\CCCCCCCCCC(=O)OC[C@H](COC(=O)CCCCCCCCC/C=C\CCCCCC)OC(=O)CCCCCCCCC/C=C\CCCCCC,1.226262689,-1.030066729,1.465276957
arm_TAGAH18111Z18111Z18111Z,Glycerolipid metabolism,A0A2K3D710_wild,O,1.083993793,-0.499323994,0.597153485
arm_TAGAH18111Z18111Z18111Z,Glycerolipid metabolism,A0A2K3D710_wild,CCCCCC/C=C\CCCCCCCCCC(=O)OC[C@H](COC(=O)CCCCCCCCC/C=C\CCCCCC)OC(=O)CCCCCCCCC/C=C\CCCCCC,-0.024606725,-1.351141572,0.584640145
arm_TAGAH18111Z18111Z18111Z,Glycerolipid metabolism,A0A2K3D712_wild,O,1.086323023,-0.500079513,0.601320088
arm_TAGAH18111Z18111Z18111Z,Glycerolipid metabolism,A0A2K3D712_wild,CCCCCC/C=C\CCCCCCCCCC(=O)OC[C@H](COC(=O)CCCCCCCCC/C=C\CCCCCC)OC(=O)CCCCCCCCC/C=C\CCCCCC,-0.028912485,-1.355253458,0.592938781
arm_TAGAH18111Z18111Z18111Z,Glycerolipid metabolism,A0A2K3DJ66_wild,O,1.498929977,-0.405866474,1.3382442
arm_TAGAH18111Z18111Z18111Z,Glycerolipid metabolism,A0A2K3DJ66_wild,CCCCCC/C=C\CCCCCCCCCC(=O)OC[C@H](COC(=O)CCCCCCCCC/C=C\CCCCCC)OC(=O)CCCCCCCCC/C=C\CCCCCC,0.584962547,-1.068095326,1.366359472
arm_TAGAH18111Z18111Z18111Z,Glycerolipid metabolism,A0A2K3DJA9_wild,O,1.298353791,-0.23264727,0.978991866
arm_TAGAH18111Z18111Z18111Z,Glycerolipid metabolism,A0A2K3DJA9_wild,CCCCCC/C=C\CCCCCCCCCC(=O)OC[C@H](COC(=O)CCCCCCCCC/C=C\CCCCCC)OC(=O)CCCCCCCCC/C=C\CCCCCC,0.236868188,-0.946558654,0.933464229
arm_TAGAH18111Z18111Z18111Z,Glycerolipid metabolism,A0A2K3DNL2_wild,O,1.090560675,-0.6161834,1.18495059
arm_TAGAH18111Z18111Z18111Z,Glycerolipid metabolism,A0A2K3DNL2_wild,CCCCCC/C=C\CCCCCCCCCC(=O)OC[C@H](COC(=O)CCCCCCCCC/C=C\CCCCCC)OC(=O)CCCCCCCCC/C=C\CCCCCC,-0.075289614,-1.577695727,1.358157516
arm_TAGAH18111Z18111Z18111Z,Glycerolipid metabolism,A0A2K3DSP4_wild,O,1.604065537,0.430392563,0.748819232
arm_TAGAH18111Z18111Z18111Z,Glycerolipid metabolism,A0A2K3DSP4_wild,CCCCCC/C=C\CCCCCCCCCC(=O)OC[C@H](COC(=O)CCCCCCCCC/C=C\CCCCCC)OC(=O)CCCCCCCCC/C=C\CCCCCC,0.719715714,-0.514731288,0.913386345
arm_TAGAH18111Z18111Z18111Z,Glycerolipid metabolism,A0A2K3DV73_wild,O,1.299811959,-0.627304137,1.012681723
arm_TAGAH18111Z18111Z18111Z,Glycerolipid metabolism,A0A2K3DV73_wild,CCCCCC/C=C\CCCCCCCCCC(=O)OC[C@H](COC(=O)CCCCCCCCC/C=C\CCCCCC)OC(=O)CCCCCCCCC/C=C\CCCCCC,0.023493651,-1.559838057,1.106809258
arm_TAGAH18111Z18111Z18111Z,Glycerolipid metabolism,A0A2K3DYG4_wild,O,1.518248558,-0.670566797,1.197124243
arm_TAGAH18111Z18111Z18111Z,Glycerolipid metabolism,A0A2K3DYG4_wild,CCCCCC/C=C\CCCCCCCCCC(=O)OC[C@H](COC(=O)CCCCCCCCC/C=C\CCCCCC)OC(=O)CCCCCCCCC/C=C\CCCCCC,0.420982987,-1.540244222,1.250633001
arm_TAGAH18111Z18111Z18111Z,Glycerolipid metabolism,A0A2K3E4U8_wild,O,1.536249161,0.210874319,1.361546159
arm_TAGAH18111Z18111Z18111Z,Glycerolipid metabolism,A0A2K3E4U8_wild,CCCCCC/C=C\CCCCCCCCCC(=O)OC[C@H](COC(=O)CCCCCCCCC/C=C\CCCCCC)OC(=O)CCCCCCCCC/C=C\CCCCCC,0.637227178,-0.452577829,1.280300736
arm_TAGAH18111Z18111Z18111Z,Glycerolipid metabolism,A8J056_wild,O,2.119389534,-0.033908162,1.762816668
arm_TAGAH18111Z18111Z18111Z,Glycerolipid metabolism,A8J056_wild,CCCCCC/C=C\CCCCCCCCCC(=O)OC[C@H](COC(=O)CCCCCCCCC/C=C\CCCCCC)OC(=O)CCCCCCCCC/C=C\CCCCCC,1.239243507,-0.486778647,1.650565147
arm_TAGAH18111Z18111Z1819Z,Glycerolipid metabolism,A0A2K3CNS0_wild,O,1.674396753,-0.391487539,1.393553734
arm_TAGAH18111Z18111Z1819Z,Glycerolipid metabolism,A0A2K3CNS0_wild,CCCCCC/C=C\CCCCCCCCCC(=O)OC[C@H](COC(=O)CCCCCCC/C=C\CCCCCCCC)OC(=O)CCCCCCCCC/C=C\CCCCCC,0.588363707,-1.479625702,1.500614882
arm_TAGAH18111Z18111Z1819Z,Glycerolipid metabolism,A0A2K3CNU4_wild,O,1.318306327,-0.347388625,0.713401675
arm_TAGAH18111Z18111Z1819Z,Glycerolipid metabolism,A0A2K3CNU4_wild,CCCCCC/C=C\CCCCCCCCCC(=O)OC[C@H](COC(=O)CCCCCCC/C=C\CCCCCCCC)OC(=O)CCCCCCCCC/C=C\CCCCCC,0.106976666,-1.207038164,0.955426991
arm_TAGAH18111Z18111Z1819Z,Glycerolipid metabolism,A0A2K3CX99_wild,O,1.983316779,0.080360517,1.200588346
arm_TAGAH18111Z18111Z1819Z,Glycerolipid metabolism,A0A2K3CX99_wild,CCCCCC/C=C\CCCCCCCCCC(=O)OC[C@H](COC(=O)CCCCCCC/C=C\CCCCCCCC)OC(=O)CCCCCCCCC/C=C\CCCCCC,1.121083975,-0.545739055,1.172453761
arm_TAGAH18111Z18111Z1819Z,Glycerolipid metabolism,A0A2K3CXJ3_wild,O,1.674777746,0.549110055,0.858112693
arm_TAGAH18111Z18111Z1819Z,Glycerolipid metabolism,A0A2K3CXJ3_wild,CCCCCC/C=C\CCCCCCCCCC(=O)OC[C@H](COC(=O)CCCCCCC/C=C\CCCCCCCC)OC(=O)CCCCCCCCC/C=C\CCCCCC,0.97854948,-0.260239363,0.822923541
arm_TAGAH18111Z18111Z1819Z,Glycerolipid metabolism,A0A2K3D3D3_wild,O,2.215553522,-0.069598481,1.319882751
arm_TAGAH18111Z18111Z1819Z,Glycerolipid metabolism,A0A2K3D3D3_wild,CCCCCC/C=C\CCCCCCCCCC(=O)OC[C@H](COC(=O)CCCCCCC/C=C\CCCCCCCC)OC(=O)CCCCCCCCC/C=C\CCCCCC,1.260568619,-1.048848391,1.509491205
arm_TAGAH18111Z18111Z1819Z,Glycerolipid metabolism,A0A2K3D710_wild,O,1.083993793,-0.499323994,0.597153485
arm_TAGAH18111Z18111Z1819Z,Glycerolipid metabolism,A0A2K3D710_wild,CCCCCC/C=C\CCCCCCCCCC(=O)OC[C@H](COC(=O)CCCCCCC/C=C\CCCCCCCC)OC(=O)CCCCCCCCC/C=C\CCCCCC,0.017666411,-1.366070271,0.626793742
arm_TAGAH18111Z18111Z1819Z,Glycerolipid metabolism,A0A2K3D712_wild,O,1.086323023,-0.500079513,0.601320088
arm_TAGAH18111Z18111Z1819Z,Glycerolipid metabolism,A0A2K3D712_wild,CCCCCC/C=C\CCCCCCCCCC(=O)OC[C@H](COC(=O)CCCCCCC/C=C\CCCCCCCC)OC(=O)CCCCCCCCC/C=C\CCCCCC,0.013708177,-1.370530367,0.634894311
arm_TAGAH18111Z18111Z1819Z,Glycerolipid metabolism,A0A2K3DJ66_wild,O,1.498929977,-0.405866474,1.3382442
arm_TAGAH18111Z18111Z1819Z,Glycerolipid metabolism,A0A2K3DJ66_wild,CCCCCC/C=C\CCCCCCCCCC(=O)OC[C@H](COC(=O)CCCCCCC/C=C\CCCCCCCC)OC(=O)CCCCCCCCC/C=C\CCCCCC,0.612819731,-1.089658499,1.407177091
arm_TAGAH18111Z18111Z1819Z,Glycerolipid metabolism,A0A2K3DJA9_wild,O,1.298353791,-0.23264727,0.978991866
arm_TAGAH18111Z18111Z1819Z,Glycerolipid metabolism,A0A2K3DJA9_wild,CCCCCC/C=C\CCCCCCCCCC(=O)OC[C@H](COC(=O)CCCCCCC/C=C\CCCCCCCC)OC(=O)CCCCCCCCC/C=C\CCCCCC,0.273926228,-0.957958102,0.980132401
arm_TAGAH18111Z18111Z1819Z,Glycerolipid metabolism,A0A2K3DNL2_wild,O,1.090560675,-0.6161834,1.18495059
arm_TAGAH18111Z18111Z1819Z,Glycerolipid metabolism,A0A2K3DNL2_wild,CCCCCC/C=C\CCCCCCCCCC(=O)OC[C@H](COC(=O)CCCCCCC/C=C\CCCCCCCC)OC(=O)CCCCCCCCC/C=C\CCCCCC,-0.030000767,-1.59992218,1.398259759
arm_TAGAH18111Z18111Z1819Z,Glycerolipid metabolism,A0A2K3DSP4_wild,O,1.604065537,0.430392563,0.748819232
arm_TAGAH18111Z18111Z1819Z,Glycerolipid metabolism,A0A2K3DSP4_wild,CCCCCC/C=C\CCCCCCCCCC(=O)OC[C@H](COC(=O)CCCCCCC/C=C\CCCCCCCC)OC(=O)CCCCCCCCC/C=C\CCCCCC,0.751961589,-0.522595882,0.967238426
arm_TAGAH18111Z18111Z1819Z,Glycerolipid metabolism,A0A2K3DV73_wild,O,1.299811959,-0.627304137,1.012681723
arm_TAGAH18111Z18111Z1819Z,Glycerolipid metabolism,A0A2K3DV73_wild,CCCCCC/C=C\CCCCCCCCCC(=O)OC[C@H](COC(=O)CCCCCCC/C=C\CCCCCCCC)OC(=O)CCCCCCCCC/C=C\CCCCCC,0.066761516,-1.578815818,1.149228334
arm_TAGAH18111Z18111Z1819Z,Glycerolipid metabolism,A0A2K3DYG4_wild,O,1.518248558,-0.670566797,1.197124243
arm_TAGAH18111Z18111Z1819Z,Glycerolipid metabolism,A0A2K3DYG4_wild,CCCCCC/C=C\CCCCCCCCCC(=O)OC[C@H](COC(=O)CCCCCCC/C=C\CCCCCCCC)OC(=O)CCCCCCCCC/C=C\CCCCCC,0.460578054,-1.558014035,1.285962701
arm_TAGAH18111Z18111Z1819Z,Glycerolipid metabolism,A0A2K3E4U8_wild,O,1.536249161,0.210874319,1.361546159
arm_TAGAH18111Z18111Z1819Z,Glycerolipid metabolism,A0A2K3E4U8_wild,CCCCCC/C=C\CCCCCCCCCC(=O)OC[C@H](COC(=O)CCCCCCC/C=C\CCCCCCCC)OC(=O)CCCCCCCCC/C=C\CCCCCC,0.666018248,-0.468598276,1.327702999
arm_TAGAH18111Z18111Z1819Z,Glycerolipid metabolism,A8J056_wild,O,2.119389534,-0.033908162,1.762816668
arm_TAGAH18111Z18111Z1819Z,Glycerolipid metabolism,A8J056_wild,CCCCCC/C=C\CCCCCCCCCC(=O)OC[C@H](COC(=O)CCCCCCC/C=C\CCCCCCCC)OC(=O)CCCCCCCCC/C=C\CCCCCC,1.260854959,-0.505604863,1.689596772
arm_TAGAH18111Z18111Z1835Z9Z12Z,Glycerolipid metabolism,A0A2K3CNS0_wild,O,1.674396753,-0.391487539,1.393553734
arm_TAGAH18111Z18111Z1835Z9Z12Z,Glycerolipid metabolism,A0A2K3CNS0_wild,CCCCCC/C=C\CCCCCCCCCC(=O)OC[C@H](COC(=O)CCC/C=C\CC/C=C\C/C=C\CCCCC)OC(=O)CCCCCCCCC/C=C\CCCCCC,0.35811463,-1.682758331,1.453641772
arm_TAGAH18111Z18111Z1835Z9Z12Z,Glycerolipid metabolism,A0A2K3CNU4_wild,O,1.318306327,-0.347388625,0.713401675
arm_TAGAH18111Z18111Z1835Z9Z12Z,Glycerolipid metabolism,A0A2K3CNU4_wild,CCCCCC/C=C\CCCCCCCCCC(=O)OC[C@H](COC(=O)CCC/C=C\CC/C=C\C/C=C\CCCCC)OC(=O)CCCCCCCCC/C=C\CCCCCC,-0.090420753,-1.46570909,0.896475017
arm_TAGAH18111Z18111Z1835Z9Z12Z,Glycerolipid metabolism,A0A2K3CX99_wild,O,1.983316779,0.080360517,1.200588346
arm_TAGAH18111Z18111Z1835Z9Z12Z,Glycerolipid metabolism,A0A2K3CX99_wild,CCCCCC/C=C\CCCCCCCCCC(=O)OC[C@H](COC(=O)CCC/C=C\CC/C=C\C/C=C\CCCCC)OC(=O)CCCCCCCCC/C=C\CCCCCC,0.872621715,-0.800185025,1.132058382
arm_TAGAH18111Z18111Z1835Z9Z12Z,Glycerolipid metabolism,A0A2K3CXJ3_wild,O,1.674777746,0.549110055,0.858112693
arm_TAGAH18111Z18111Z1835Z9Z12Z,Glycerolipid metabolism,A0A2K3CXJ3_wild,CCCCCC/C=C\CCCCCCCCCC(=O)OC[C@H](COC(=O)CCC/C=C\CC/C=C\C/C=C\CCCCC)OC(=O)CCCCCCCCC/C=C\CCCCCC,0.725316882,-0.46380955,0.777962506
arm_TAGAH18111Z18111Z1835Z9Z12Z,Glycerolipid metabolism,A0A2K3D3D3_wild,O,2.215553522,-0.069598481,1.319882751
arm_TAGAH18111Z18111Z1835Z9Z12Z,Glycerolipid metabolism,A0A2K3D3D3_wild,CCCCCC/C=C\CCCCCCCCCC(=O)OC[C@H](COC(=O)CCC/C=C\CC/C=C\C/C=C\CCCCC)OC(=O)CCCCCCCCC/C=C\CCCCCC,1.029025912,-1.296338201,1.469528198
arm_TAGAH18111Z18111Z1835Z9Z12Z,Glycerolipid metabolism,A0A2K3D710_wild,O,1.083993793,-0.499323994,0.597153485
arm_TAGAH18111Z18111Z1835Z9Z12Z,Glycerolipid metabolism,A0A2K3D710_wild,CCCCCC/C=C\CCCCCCCCCC(=O)OC[C@H](COC(=O)CCC/C=C\CC/C=C\C/C=C\CCCCC)OC(=O)CCCCCCCCC/C=C\CCCCCC,-0.183821678,-1.648020029,0.590797424
arm_TAGAH18111Z18111Z1835Z9Z12Z,Glycerolipid metabolism,A0A2K3D712_wild,O,1.086323023,-0.500079513,0.601320088
arm_TAGAH18111Z18111Z1835Z9Z12Z,Glycerolipid metabolism,A0A2K3D712_wild,CCCCCC/C=C\CCCCCCCCCC(=O)OC[C@H](COC(=O)CCC/C=C\CC/C=C\C/C=C\CCCCC)OC(=O)CCCCCCCCC/C=C\CCCCCC,-0.188164398,-1.653663874,0.599272609
arm_TAGAH18111Z18111Z1835Z9Z12Z,Glycerolipid metabolism,A0A2K3DJ66_wild,O,1.498929977,-0.405866474,1.3382442
arm_TAGAH18111Z18111Z1835Z9Z12Z,Glycerolipid metabolism,A0A2K3DJ66_wild,CCCCCC/C=C\CCCCCCCCCC(=O)OC[C@H](COC(=O)CCC/C=C\CC/C=C\C/C=C\CCCCC)OC(=O)CCCCCCCCC/C=C\CCCCCC,0.370425463,-1.346287489,1.350885391
arm_TAGAH18111Z18111Z1835Z9Z12Z,Glycerolipid metabolism,A0A2K3DJA9_wild,O,1.298353791,-0.23264727,0.978991866
arm_TAGAH18111Z18111Z1835Z9Z12Z,Glycerolipid metabolism,A0A2K3DJA9_wild,CCCCCC/C=C\CCCCCCCCCC(=O)OC[C@H](COC(=O)CCC/C=C\CC/C=C\C/C=C\CCCCC)OC(=O)CCCCCCCCC/C=C\CCCCCC,0.03589312,-1.206066132,0.934676826
arm_TAGAH18111Z18111Z1835Z9Z12Z,Glycerolipid metabolism,A0A2K3DNL2_wild,O,1.090560675,-0.6161834,1.18495059
arm_TAGAH18111Z18111Z1835Z9Z12Z,Glycerolipid metabolism,A0A2K3DNL2_wild,CCCCCC/C=C\CCCCCCCCCC(=O)OC[C@H](COC(=O)CCC/C=C\CC/C=C\C/C=C\CCCCC)OC(=O)CCCCCCCCC/C=C\CCCCCC,-0.258900762,-1.837707877,1.338350177
arm_TAGAH18111Z18111Z1835Z9Z12Z,Glycerolipid metabolism,A0A2K3DSP4_wild,O,1.604065537,0.430392563,0.748819232
arm_TAGAH18111Z18111Z1835Z9Z12Z,Glycerolipid metabolism,A0A2K3DSP4_wild,CCCCCC/C=C\CCCCCCCCCC(=O)OC[C@H](COC(=O)CCC/C=C\CC/C=C\C/C=C\CCCCC)OC(=O)CCCCCCCCC/C=C\CCCCCC,0.511811614,-0.764624715,0.899106622
arm_TAGAH18111Z18111Z1835Z9Z12Z,Glycerolipid metabolism,A0A2K3DV73_wild,O,1.299811959,-0.627304137,1.012681723
arm_TAGAH18111Z18111Z1835Z9Z12Z,Glycerolipid metabolism,A0A2K3DV73_wild,CCCCCC/C=C\CCCCCCCCCC(=O)OC[C@H](COC(=O)CCC/C=C\CC/C=C\C/C=C\CCCCC)OC(=O)CCCCCCCCC/C=C\CCCCCC,-0.157713443,-1.799925566,1.096057534
arm_TAGAH18111Z18111Z1835Z9Z12Z,Glycerolipid metabolism,A0A2K3DYG4_wild,O,1.518248558,-0.670566797,1.197124243
arm_TAGAH18111Z18111Z1835Z9Z12Z,Glycerolipid metabolism,A0A2K3DYG4_wild,CCCCCC/C=C\CCCCCCCCCC(=O)OC[C@H](COC(=O)CCC/C=C\CC/C=C\C/C=C\CCCCC)OC(=O)CCCCCCCCC/C=C\CCCCCC,0.231289864,-1.821644783,1.219153762
arm_TAGAH18111Z18111Z1835Z9Z12Z,Glycerolipid metabolism,A0A2K3E4U8_wild,O,1.536249161,0.210874319,1.361546159
arm_TAGAH18111Z18111Z1835Z9Z12Z,Glycerolipid metabolism,A0A2K3E4U8_wild,CCCCCC/C=C\CCCCCCCCCC(=O)OC[C@H](COC(=O)CCC/C=C\CC/C=C\C/C=C\CCCCC)OC(=O)CCCCCCCCC/C=C\CCCCCC,0.450877041,-0.713386595,1.284997463
arm_TAGAH18111Z18111Z1835Z9Z12Z,Glycerolipid metabolism,A8J056_wild,O,2.119389534,-0.033908162,1.762816668
arm_TAGAH18111Z18111Z1835Z9Z12Z,Glycerolipid metabolism,A8J056_wild,CCCCCC/C=C\CCCCCCCCCC(=O)OC[C@H](COC(=O)CCC/C=C\CC/C=C\C/C=C\CCCCC)OC(=O)CCCCCCCCC/C=C\CCCCCC,1.007379293,-0.749397576,1.637214065
arm_TAGAH18111Z18111Z1845Z9Z12Z15Z,Glycerolipid metabolism,A0A2K3CNS0_wild,O,1.674396753,-0.391487539,1.393553734
arm_TAGAH18111Z18111Z1845Z9Z12Z15Z,Glycerolipid metabolism,A0A2K3CNS0_wild,CCCCCC/C=C\CCCCCCCCCC(=O)OC[C@H](COC(=O)CCC/C=C\CC/C=C\C/C=C\C/C=C\CC)OC(=O)CCCCCCCCC/C=C\CCCCCC,0.335315168,-1.761805892,1.465111732
arm_TAGAH18111Z18111Z1845Z9Z12Z15Z,Glycerolipid metabolism,A0A2K3CNU4_wild,O,1.318306327,-0.347388625,0.713401675
arm_TAGAH18111Z18111Z1845Z9Z12Z15Z,Glycerolipid metabolism,A0A2K3CNU4_wild,CCCCCC/C=C\CCCCCCCCCC(=O)OC[C@H](COC(=O)CCC/C=C\CC/C=C\C/C=C\C/C=C\CC)OC(=O)CCCCCCCCC/C=C\CCCCCC,-0.075578384,-1.564801455,0.923535228
arm_TAGAH18111Z18111Z1845Z9Z12Z15Z,Glycerolipid metabolism,A0A2K3CX99_wild,O,1.983316779,0.080360517,1.200588346
arm_TAGAH18111Z18111Z1845Z9Z12Z15Z,Glycerolipid metabolism,A0A2K3CX99_wild,CCCCCC/C=C\CCCCCCCCCC(=O)OC[C@H](COC(=O)CCC/C=C\CC/C=C\C/C=C\C/C=C\CC)OC(=O)CCCCCCCCC/C=C\CCCCCC,0.821372211,-0.870696366,1.122596502
arm_TAGAH18111Z18111Z1845Z9Z12Z15Z,Glycerolipid metabolism,A0A2K3CXJ3_wild,O,1.674777746,0.549110055,0.858112693
arm_TAGAH18111Z18111Z1845Z9Z12Z15Z,Glycerolipid metabolism,A0A2K3CXJ3_wild,CCCCCC/C=C\CCCCCCCCCC(=O)OC[C@H](COC(=O)CCC/C=C\CC/C=C\C/C=C\C/C=C\CC)OC(=O)CCCCCCCCC/C=C\CCCCCC,0.6894418,-0.529744804,0.781063616
arm_TAGAH18111Z18111Z1845Z9Z12Z15Z,Glycerolipid metabolism,A0A2K3D3D3_wild,O,2.215553522,-0.069598481,1.319882751
arm_TAGAH18111Z18111Z1845Z9Z12Z15Z,Glycerolipid metabolism,A0A2K3D3D3_wild,CCCCCC/C=C\CCCCCCCCCC(=O)OC[C@H](COC(=O)CCC/C=C\CC/C=C\C/C=C\C/C=C\CC)OC(=O)CCCCCCCCC/C=C\CCCCCC,1.003708124,-1.355873823,1.479442835
arm_TAGAH18111Z18111Z1845Z9Z12Z15Z,Glycerolipid metabolism,A0A2K3D710_wild,O,1.083993793,-0.499323994,0.597153485
arm_TAGAH18111Z18111Z1845Z9Z12Z15Z,Glycerolipid metabolism,A0A2K3D710_wild,CCCCCC/C=C\CCCCCCCCCC(=O)OC[C@H](COC(=O)CCC/C=C\CC/C=C\C/C=C\C/C=C\CC)OC(=O)CCCCCCCCC/C=C\CCCCCC,-0.188101143,-1.711671114,0.626159549
arm_TAGAH18111Z18111Z1845Z9Z12Z15Z,Glycerolipid metabolism,A0A2K3D712_wild,O,1.086323023,-0.500079513,0.601320088
arm_TAGAH18111Z18111Z1845Z9Z12Z15Z,Glycerolipid metabolism,A0A2K3D712_wild,CCCCCC/C=C\CCCCCCCCCC(=O)OC[C@H](COC(=O)CCC/C=C\CC/C=C\C/C=C\C/C=C\CC)OC(=O)CCCCCCCCC/C=C\CCCCCC,-0.192443192,-1.717717409,0.63427484
arm_TAGAH18111Z18111Z1845Z9Z12Z15Z,Glycerolipid metabolism,A0A2K3DJ66_wild,O,1.498929977,-0.405866474,1.3382442
arm_TAGAH18111Z18111Z1845Z9Z12Z15Z,Glycerolipid metabolism,A0A2K3DJ66_wild,CCCCCC/C=C\CCCCCCCCCC(=O)OC[C@H](COC(=O)CCC/C=C\CC/C=C\C/C=C\C/C=C\CC)OC(=O)CCCCCCCCC/C=C\CCCCCC,0.350141346,-1.415243268,1.370809793
arm_TAGAH18111Z18111Z1845Z9Z12Z15Z,Glycerolipid metabolism,A0A2K3DJA9_wild,O,1.298353791,-0.23264727,0.978991866
arm_TAGAH18111Z18111Z1845Z9Z12Z15Z,Glycerolipid metabolism,A0A2K3DJA9_wild,CCCCCC/C=C\CCCCCCCCCC(=O)OC[C@H](COC(=O)CCC/C=C\CC/C=C\C/C=C\C/C=C\CC)OC(=O)CCCCCCCCC/C=C\CCCCCC,0.034156747,-1.276926994,0.965245366
arm_TAGAH18111Z18111Z1845Z9Z12Z15Z,Glycerolipid metabolism,A0A2K3DNL2_wild,O,1.090560675,-0.6161834,1.18495059
arm_TAGAH18111Z18111Z1845Z9Z12Z15Z,Glycerolipid metabolism,A0A2K3DNL2_wild,CCCCCC/C=C\CCCCCCCCCC(=O)OC[C@H](COC(=O)CCC/C=C\CC/C=C\C/C=C\C/C=C\CC)OC(=O)CCCCCCCCC/C=C\CCCCCC,-0.251496226,-1.899831533,1.376399994
arm_TAGAH18111Z18111Z1845Z9Z12Z15Z,Glycerolipid metabolism,A0A2K3DSP4_wild,O,1.604065537,0.430392563,0.748819232
arm_TAGAH18111Z18111Z1845Z9Z12Z15Z,Glycerolipid metabolism,A0A2K3DSP4_wild,CCCCCC/C=C\CCCCCCCCCC(=O)OC[C@H](COC(=O)CCC/C=C\CC/C=C\C/C=C\C/C=C\CC)OC(=O)CCCCCCCCC/C=C\CCCCCC,0.485557705,-0.83544749,0.904082596
arm_TAGAH18111Z18111Z1845Z9Z12Z15Z,Glycerolipid metabolism,A0A2K3DV73_wild,O,1.299811959,-0.627304137,1.012681723
arm_TAGAH18111Z18111Z1845Z9Z12Z15Z,Glycerolipid metabolism,A0A2K3DV73_wild,CCCCCC/C=C\CCCCCCCCCC(=O)OC[C@H](COC(=O)CCC/C=C\CC/C=C\C/C=C\C/C=C\CC)OC(=O)CCCCCCCCC/C=C\CCCCCC,-0.145420328,-1.868067741,1.125235915
arm_TAGAH18111Z18111Z1845Z9Z12Z15Z,Glycerolipid metabolism,A0A2K3DYG4_wild,O,1.518248558,-0.670566797,1.197124243
arm_TAGAH18111Z18111Z1845Z9Z12Z15Z,Glycerolipid metabolism,A0A2K3DYG4_wild,CCCCCC/C=C\CCCCCCCCCC(=O)OC[C@H](COC(=O)CCC/C=C\CC/C=C\C/C=C\C/C=C\CC)OC(=O)CCCCCCCCC/C=C\CCCCCC,0.240636438,-1.898635626,1.243364096
arm_TAGAH18111Z18111Z1845Z9Z12Z15Z,Glycerolipid metabolism,A0A2K3E4U8_wild,O,1.536249161,0.210874319,1.361546159
arm_TAGAH18111Z18111Z1845Z9Z12Z15Z,Glycerolipid metabolism,A0A2K3E4U8_wild,CCCCCC/C=C\CCCCCCCCCC(=O)OC[C@H](COC(=O)CCC/C=C\CC/C=C\C/C=C\C/C=C\CC)OC(=O)CCCCCCCCC/C=C\CCCCCC,0.412116587,-0.769499302,1.281956673
arm_TAGAH18111Z18111Z1845Z9Z12Z15Z,Glycerolipid metabolism,A8J056_wild,O,2.119389534,-0.033908162,1.762816668
arm_TAGAH18111Z18111Z1845Z9Z12Z15Z,Glycerolipid metabolism,A8J056_wild,CCCCCC/C=C\CCCCCCCCCC(=O)OC[C@H](COC(=O)CCC/C=C\CC/C=C\C/C=C\C/C=C\CC)OC(=O)CCCCCCCCC/C=C\CCCCCC,0.949458301,-0.828217864,1.629339933
arm_TAGAH18111Z1819Z160,Glycerolipid metabolism,A0A2K3CNS0_wild,O,1.674396753,-0.391487539,1.393553734
arm_TAGAH18111Z1819Z160,Glycerolipid metabolism,A0A2K3CNS0_wild,CCCCCC/C=C\CCCCCCCCCC(=O)OC[C@H](COC(=O)CCCCCCCCCCCCCCC)OC(=O)CCCCCCC/C=C\CCCCCCCC,0.527871907,-1.248024106,1.326609373
arm_TAGAH18111Z1819Z160,Glycerolipid metabolism,A0A2K3CNU4_wild,O,1.318306327,-0.347388625,0.713401675
arm_TAGAH18111Z1819Z160,Glycerolipid metabolism,A0A2K3CNU4_wild,CCCCCC/C=C\CCCCCCCCCC(=O)OC[C@H](COC(=O)CCCCCCCCCCCCCCC)OC(=O)CCCCCCC/C=C\CCCCCCCC,0.055267103,-0.999310791,0.804832935
arm_TAGAH18111Z1819Z160,Glycerolipid metabolism,A0A2K3CX99_wild,O,1.983316779,0.080360517,1.200588346
arm_TAGAH18111Z1819Z160,Glycerolipid metabolism,A0A2K3CX99_wild,CCCCCC/C=C\CCCCCCCCCC(=O)OC[C@H](COC(=O)CCCCCCCCCCCCCCC)OC(=O)CCCCCCC/C=C\CCCCCCCC,1.100385904,-0.308927804,1.025299311
arm_TAGAH18111Z1819Z160,Glycerolipid metabolism,A0A2K3CXJ3_wild,O,1.674777746,0.549110055,0.858112693
arm_TAGAH18111Z1819Z160,Glycerolipid metabolism,A0A2K3CXJ3_wild,CCCCCC/C=C\CCCCCCCCCC(=O)OC[C@H](COC(=O)CCCCCCCCCCCCCCC)OC(=O)CCCCCCC/C=C\CCCCCCCC,0.916938603,-0.057270985,0.649460971
arm_TAGAH18111Z1819Z160,Glycerolipid metabolism,A0A2K3D3D3_wild,O,2.215553522,-0.069598481,1.319882751
arm_TAGAH18111Z1819Z160,Glycerolipid metabolism,A0A2K3D3D3_wild,CCCCCC/C=C\CCCCCCCCCC(=O)OC[C@H](COC(=O)CCCCCCCCCCCCCCC)OC(=O)CCCCCCC/C=C\CCCCCCCC,1.223235369,-0.803403556,1.344568014
arm_TAGAH18111Z1819Z160,Glycerolipid metabolism,A0A2K3D710_wild,O,1.083993793,-0.499323994,0.597153485
arm_TAGAH18111Z1819Z160,Glycerolipid metabolism,A0A2K3D710_wild,CCCCCC/C=C\CCCCCCCCCC(=O)OC[C@H](COC(=O)CCCCCCCCCCCCCCC)OC(=O)CCCCCCC/C=C\CCCCCCCC,-0.026801849,-1.158558607,0.483610213
arm_TAGAH18111Z1819Z160,Glycerolipid metabolism,A0A2K3D712_wild,O,1.086323023,-0.500079513,0.601320088
arm_TAGAH18111Z1819Z160,Glycerolipid metabolism,A0A2K3D712_wild,CCCCCC/C=C\CCCCCCCCCC(=O)OC[C@H](COC(=O)CCCCCCCCCCCCCCC)OC(=O)CCCCCCC/C=C\CCCCCCCC,-0.030120904,-1.163615823,0.492396444
arm_TAGAH18111Z1819Z160,Glycerolipid metabolism,A0A2K3DJ66_wild,O,1.498929977,-0.405866474,1.3382442
arm_TAGAH18111Z1819Z160,Glycerolipid metabolism,A0A2K3DJ66_wild,CCCCCC/C=C\CCCCCCCCCC(=O)OC[C@H](COC(=O)CCCCCCCCCCCCCCC)OC(=O)CCCCCCC/C=C\CCCCCCCC,0.569079041,-0.886038125,1.244297504
arm_TAGAH18111Z1819Z160,Glycerolipid metabolism,A0A2K3DJA9_wild,O,1.298353791,-0.23264727,0.978991866
arm_TAGAH18111Z1819Z160,Glycerolipid metabolism,A0A2K3DJA9_wild,CCCCCC/C=C\CCCCCCCCCC(=O)OC[C@H](COC(=O)CCCCCCCCCCCCCCC)OC(=O)CCCCCCC/C=C\CCCCCCCC,0.232958585,-0.753492117,0.835456729
arm_TAGAH18111Z1819Z160,Glycerolipid metabolism,A0A2K3DNL2_wild,O,1.090560675,-0.6161834,1.18495059
arm_TAGAH18111Z1819Z160,Glycerolipid metabolism,A0A2K3DNL2_wild,CCCCCC/C=C\CCCCCCCCCC(=O)OC[C@H](COC(=O)CCCCCCCCCCCCCCC)OC(=O)CCCCCCC/C=C\CCCCCCCC,-0.071088165,-1.396707773,1.26611495
arm_TAGAH18111Z1819Z160,Glycerolipid metabolism,A0A2K3DSP4_wild,O,1.604065537,0.430392563,0.748819232
arm_TAGAH18111Z1819Z160,Glycerolipid metabolism,A0A2K3DSP4_wild,CCCCCC/C=C\CCCCCCCCCC(=O)OC[C@H](COC(=O)CCCCCCCCCCCCCCC)OC(=O)CCCCCCC/C=C\CCCCCCCC,0.709661782,-0.28411147,0.793578506
arm_TAGAH18111Z1819Z160,Glycerolipid metabolism,A0A2K3DV73_wild,O,1.299811959,-0.627304137,1.012681723
arm_TAGAH18111Z1819Z160,Glycerolipid metabolism,A0A2K3DV73_wild,CCCCCC/C=C\CCCCCCCCCC(=O)OC[C@H](COC(=O)CCCCCCCCCCCCCCC)OC(=O)CCCCCCC/C=C\CCCCCCCC,0.042921878,-1.359094381,0.991942406
arm_TAGAH18111Z1819Z160,Glycerolipid metabolism,A0A2K3DYG4_wild,O,1.518248558,-0.670566797,1.197124243
arm_TAGAH18111Z1819Z160,Glycerolipid metabolism,A0A2K3DYG4_wild,CCCCCC/C=C\CCCCCCCCCC(=O)OC[C@H](COC(=O)CCCCCCCCCCCCCCC)OC(=O)CCCCCCC/C=C\CCCCCCCC,0.421776146,-1.326416016,1.146566987
arm_TAGAH18111Z1819Z160,Glycerolipid metabolism,A0A2K3E4U8_wild,O,1.536249161,0.210874319,1.361546159
arm_TAGAH18111Z1819Z160,Glycerolipid metabolism,A0A2K3E4U8_wild,CCCCCC/C=C\CCCCCCCCCC(=O)OC[C@H](COC(=O)CCCCCCCCCCCCCCC)OC(=O)CCCCCCC/C=C\CCCCCCCC,0.616647661,-0.285522848,1.152854562
arm_TAGAH18111Z1819Z160,Glycerolipid metabolism,A8J056_wild,O,2.119389534,-0.033908162,1.762816668
arm_TAGAH18111Z1819Z160,Glycerolipid metabolism,A8J056_wild,CCCCCC/C=C\CCCCCCCCCC(=O)OC[C@H](COC(=O)CCCCCCCCCCCCCCC)OC(=O)CCCCCCC/C=C\CCCCCCCC,1.208611488,-0.317417502,1.535873175
arm_TAGAH18111Z1819Z180,Glycerolipid metabolism,A0A2K3CNS0_wild,O,1.674396753,-0.391487539,1.393553734
arm_TAGAH18111Z1819Z180,Glycerolipid metabolism,A0A2K3CNS0_wild,CCCCCC/C=C\CCCCCCCCCC(=O)OC[C@H](COC(=O)CCCCCCCCCCCCCCCCC)OC(=O)CCCCCCC/C=C\CCCCCCCC,0.562720895,-1.184715748,1.32228756
arm_TAGAH18111Z1819Z180,Glycerolipid metabolism,A0A2K3CNU4_wild,O,1.318306327,-0.347388625,0.713401675
arm_TAGAH18111Z1819Z180,Glycerolipid metabolism,A0A2K3CNU4_wild,CCCCCC/C=C\CCCCCCCCCC(=O)OC[C@H](COC(=O)CCCCCCCCCCCCCCCCC)OC(=O)CCCCCCC/C=C\CCCCCCCC,0.081641048,-0.921745181,0.80020839
arm_TAGAH18111Z1819Z180,Glycerolipid metabolism,A0A2K3CX99_wild,O,1.983316779,0.080360517,1.200588346
arm_TAGAH18111Z1819Z180,Glycerolipid metabolism,A0A2K3CX99_wild,CCCCCC/C=C\CCCCCCCCCC(=O)OC[C@H](COC(=O)CCCCCCCCCCCCCCCCC)OC(=O)CCCCCCC/C=C\CCCCCCCC,1.130691886,-0.246042803,1.031241655
arm_TAGAH18111Z1819Z180,Glycerolipid metabolism,A0A2K3CXJ3_wild,O,1.674777746,0.549110055,0.858112693
arm_TAGAH18111Z1819Z180,Glycerolipid metabolism,A0A2K3CXJ3_wild,CCCCCC/C=C\CCCCCCCCCC(=O)OC[C@H](COC(=O)CCCCCCCCCCCCCCCCC)OC(=O)CCCCCCC/C=C\CCCCCCCC,0.943266571,0.00783253,0.651682973
arm_TAGAH18111Z1819Z180,Glycerolipid metabolism,A0A2K3D3D3_wild,O,2.215553522,-0.069598481,1.319882751
arm_TAGAH18111Z1819Z180,Glycerolipid metabolism,A0A2K3D3D3_wild,CCCCCC/C=C\CCCCCCCCCC(=O)OC[C@H](COC(=O)CCCCCCCCCCCCCCCCC)OC(=O)CCCCCCC/C=C\CCCCCCCC,1.256038904,-0.742138565,1.344599128
arm_TAGAH18111Z1819Z180,Glycerolipid metabolism,A0A2K3D710_wild,O,1.083993793,-0.499323994,0.597153485
arm_TAGAH18111Z1819Z180,Glycerolipid metabolism,A0A2K3D710_wild,CCCCCC/C=C\CCCCCCCCCC(=O)OC[C@H](COC(=O)CCCCCCCCCCCCCCCCC)OC(=O)CCCCCCC/C=C\CCCCCCCC,0.002384728,-1.080215454,0.481415808
arm_TAGAH18111Z1819Z180,Glycerolipid metabolism,A0A2K3D712_wild,O,1.086323023,-0.500079513,0.601320088
arm_TAGAH18111Z1819Z180,Glycerolipid metabolism,A0A2K3D712_wild,CCCCCC/C=C\CCCCCCCCCC(=O)OC[C@H](COC(=O)CCCCCCCCCCCCCCCCC)OC(=O)CCCCCCC/C=C\CCCCCCCC,-0.001482147,-1.086247563,0.49052301
arm_TAGAH18111Z1819Z180,Glycerolipid metabolism,A0A2K3DJ66_wild,O,1.498929977,-0.405866474,1.3382442
arm_TAGAH18111Z1819Z180,Glycerolipid metabolism,A0A2K3DJ66_wild,CCCCCC/C=C\CCCCCCCCCC(=O)OC[C@H](COC(=O)CCCCCCCCCCCCCCCCC)OC(=O)CCCCCCC/C=C\CCCCCCCC,0.582929254,-0.822392762,1.238415956
arm_TAGAH18111Z1819Z180,Glycerolipid metabolism,A0A2K3DJA9_wild,O,1.298353791,-0.23264727,0.978991866
arm_TAGAH18111Z1819Z180,Glycerolipid metabolism,A0A2K3DJA9_wild,CCCCCC/C=C\CCCCCCCCCC(=O)OC[C@H](COC(=O)CCCCCCCCCCCCCCCCC)OC(=O)CCCCCCC/C=C\CCCCCCCC,0.257003069,-0.688696146,0.831484497
arm_TAGAH18111Z1819Z180,Glycerolipid metabolism,A0A2K3DNL2_wild,O,1.090560675,-0.6161834,1.18495059
arm_TAGAH18111Z1819Z180,Glycerolipid metabolism,A0A2K3DNL2_wild,CCCCCC/C=C\CCCCCCCCCC(=O)OC[C@H](COC(=O)CCCCCCCCCCCCCCCCC)OC(=O)CCCCCCC/C=C\CCCCCCCC,-0.052533615,-1.324100137,1.255944371
arm_TAGAH18111Z1819Z180,Glycerolipid metabolism,A0A2K3DSP4_wild,O,1.604065537,0.430392563,0.748819232
arm_TAGAH18111Z1819Z180,Glycerolipid metabolism,A0A2K3DSP4_wild,CCCCCC/C=C\CCCCCCCCCC(=O)OC[C@H](COC(=O)CCCCCCCCCCCCCCCCC)OC(=O)CCCCCCC/C=C\CCCCCCCC,0.740879059,-0.216666296,0.792030454
arm_TAGAH18111Z1819Z180,Glycerolipid metabolism,A0A2K3DV73_wild,O,1.299811959,-0.627304137,1.012681723
arm_TAGAH18111Z1819Z180,Glycerolipid metabolism,A0A2K3DV73_wild,CCCCCC/C=C\CCCCCCCCCC(=O)OC[C@H](COC(=O)CCCCCCCCCCCCCCCCC)OC(=O)CCCCCCC/C=C\CCCCCCCC,0.062184978,-1.291861534,0.981006026
arm_TAGAH18111Z1819Z180,Glycerolipid metabolism,A0A2K3DYG4_wild,O,1.518248558,-0.670566797,1.197124243
arm_TAGAH18111Z1819Z180,Glycerolipid metabolism,A0A2K3DYG4_wild,CCCCCC/C=C\CCCCCCCCCC(=O)OC[C@H](COC(=O)CCCCCCCCCCCCCCCCC)OC(=O)CCCCCCC/C=C\CCCCCCCC,0.45005855,-1.25638032,1.144163251
arm_TAGAH18111Z1819Z180,Glycerolipid metabolism,A0A2K3E4U8_wild,O,1.536249161,0.210874319,1.361546159
arm_TAGAH18111Z1819Z180,Glycerolipid metabolism,A0A2K3E4U8_wild,CCCCCC/C=C\CCCCCCCCCC(=O)OC[C@H](COC(=O)CCCCCCCCCCCCCCCCC)OC(=O)CCCCCCC/C=C\CCCCCCCC,0.6412251,-0.227782011,1.150839329
arm_TAGAH18111Z1819Z180,Glycerolipid metabolism,A8J056_wild,O,2.119389534,-0.033908162,1.762816668
arm_TAGAH18111Z1819Z180,Glycerolipid metabolism,A8J056_wild,CCCCCC/C=C\CCCCCCCCCC(=O)OC[C@H](COC(=O)CCCCCCCCCCCCCCCCC)OC(=O)CCCCCCC/C=C\CCCCCCCC,1.225526929,-0.258003622,1.537183046
arm_TAGAH18111Z1819Z18111Z,Glycerolipid metabolism,A0A2K3CNS0_wild,O,1.674396753,-0.391487539,1.393553734
arm_TAGAH18111Z1819Z18111Z,Glycerolipid metabolism,A0A2K3CNS0_wild,CCCCCC/C=C\CCCCCCCCCC(=O)OC[C@H](COC(=O)CCCCCCCCC/C=C\CCCCCC)OC(=O)CCCCCCC/C=C\CCCCCCCC,0.570766091,-1.481159329,1.493579507
arm_TAGAH18111Z1819Z18111Z,Glycerolipid metabolism,A0A2K3CNU4_wild,O,1.318306327,-0.347388625,0.713401675
arm_TAGAH18111Z1819Z18111Z,Glycerolipid metabolism,A0A2K3CNU4_wild,CCCCCC/C=C\CCCCCCCCCC(=O)OC[C@H](COC(=O)CCCCCCCCC/C=C\CCCCCC)OC(=O)CCCCCCC/C=C\CCCCCCCC,0.094520971,-1.217476606,0.947253346
arm_TAGAH18111Z1819Z18111Z,Glycerolipid metabolism,A0A2K3CX99_wild,O,1.983316779,0.080360517,1.200588346
arm_TAGAH18111Z1819Z18111Z,Glycerolipid metabolism,A0A2K3CX99_wild,CCCCCC/C=C\CCCCCCCCCC(=O)OC[C@H](COC(=O)CCCCCCCCC/C=C\CCCCCC)OC(=O)CCCCCCC/C=C\CCCCCCCC,1.111259937,-0.54898119,1.160566449
arm_TAGAH18111Z1819Z18111Z,Glycerolipid metabolism,A0A2K3CXJ3_wild,O,1.674777746,0.549110055,0.858112693
arm_TAGAH18111Z1819Z18111Z,Glycerolipid metabolism,A0A2K3CXJ3_wild,CCCCCC/C=C\CCCCCCCCCC(=O)OC[C@H](COC(=O)CCCCCCCCC/C=C\CCCCCC)OC(=O)CCCCCCC/C=C\CCCCCCCC,0.961917698,-0.257736981,0.811167538
arm_TAGAH18111Z1819Z18111Z,Glycerolipid metabolism,A0A2K3D3D3_wild,O,2.215553522,-0.069598481,1.319882751
arm_TAGAH18111Z1819Z18111Z,Glycerolipid metabolism,A0A2K3D3D3_wild,CCCCCC/C=C\CCCCCCCCCC(=O)OC[C@H](COC(=O)CCCCCCCCC/C=C\CCCCCC)OC(=O)CCCCCCC/C=C\CCCCCCCC,1.245030284,-1.040091634,1.500178099
arm_TAGAH18111Z1819Z18111Z,Glycerolipid metabolism,A0A2K3D710_wild,O,1.083993793,-0.499323994,0.597153485
arm_TAGAH18111Z1819Z18111Z,Glycerolipid metabolism,A0A2K3D710_wild,CCCCCC/C=C\CCCCCCCCCC(=O)OC[C@H](COC(=O)CCCCCCCCC/C=C\CCCCCC)OC(=O)CCCCCCC/C=C\CCCCCCCC,0.003848034,-1.372737288,0.622346401
arm_TAGAH18111Z1819Z18111Z,Glycerolipid metabolism,A0A2K3D712_wild,O,1.086323023,-0.500079513,0.601320088
arm_TAGAH18111Z1819Z18111Z,Glycerolipid metabolism,A0A2K3D712_wild,CCCCCC/C=C\CCCCCCCCCC(=O)OC[C@H](COC(=O)CCCCCCCCC/C=C\CCCCCC)OC(=O)CCCCCCC/C=C\CCCCCCCC,-0.000326303,-1.376899004,0.630620122
arm_TAGAH18111Z1819Z18111Z,Glycerolipid metabolism,A0A2K3DJ66_wild,O,1.498929977,-0.405866474,1.3382442
arm_TAGAH18111Z1819Z18111Z,Glycerolipid metabolism,A0A2K3DJ66_wild,CCCCCC/C=C\CCCCCCCCCC(=O)OC[C@H](COC(=O)CCCCCCCCC/C=C\CCCCCC)OC(=O)CCCCCCC/C=C\CCCCCCCC,0.608626962,-1.087867379,1.397744417
arm_TAGAH18111Z1819Z18111Z,Glycerolipid metabolism,A0A2K3DJA9_wild,O,1.298353791,-0.23264727,0.978991866
arm_TAGAH18111Z1819Z18111Z,Glycerolipid metabolism,A0A2K3DJA9_wild,CCCCCC/C=C\CCCCCCCCCC(=O)OC[C@H](COC(=O)CCCCCCCCC/C=C\CCCCCC)OC(=O)CCCCCCC/C=C\CCCCCCCC,0.26635772,-0.96326524,0.967330635
arm_TAGAH18111Z1819Z18111Z,Glycerolipid metabolism,A0A2K3DNL2_wild,O,1.090560675,-0.6161834,1.18495059
arm_TAGAH18111Z1819Z18111Z,Glycerolipid metabolism,A0A2K3DNL2_wild,CCCCCC/C=C\CCCCCCCCCC(=O)OC[C@H](COC(=O)CCCCCCCCC/C=C\CCCCCC)OC(=O)CCCCCCC/C=C\CCCCCCCC,-0.040273998,-1.597793818,1.393348455
arm_TAGAH18111Z1819Z18111Z,Glycerolipid metabolism,A0A2K3DSP4_wild,O,1.604065537,0.430392563,0.748819232
arm_TAGAH18111Z1819Z18111Z,Glycerolipid metabolism,A0A2K3DSP4_wild,CCCCCC/C=C\CCCCCCCCCC(=O)OC[C@H](COC(=O)CCCCCCCCC/C=C\CCCCCC)OC(=O)CCCCCCC/C=C\CCCCCCCC,0.742545724,-0.517536819,0.950954735
arm_TAGAH18111Z1819Z18111Z,Glycerolipid metabolism,A0A2K3DV73_wild,O,1.299811959,-0.627304137,1.012681723
arm_TAGAH18111Z1819Z18111Z,Glycerolipid metabolism,A0A2K3DV73_wild,CCCCCC/C=C\CCCCCCCCCC(=O)OC[C@H](COC(=O)CCCCCCCCC/C=C\CCCCCC)OC(=O)CCCCCCC/C=C\CCCCCCCC,0.059729494,-1.582632661,1.139844418
arm_TAGAH18111Z1819Z18111Z,Glycerolipid metabolism,A0A2K3DYG4_wild,O,1.518248558,-0.670566797,1.197124243
arm_TAGAH18111Z1819Z18111Z,Glycerolipid metabolism,A0A2K3DYG4_wild,CCCCCC/C=C\CCCCCCCCCC(=O)OC[C@H](COC(=O)CCCCCCCCC/C=C\CCCCCC)OC(=O)CCCCCCC/C=C\CCCCCCCC,0.451954603,-1.560749888,1.279300928
arm_TAGAH18111Z1819Z18111Z,Glycerolipid metabolism,A0A2K3E4U8_wild,O,1.536249161,0.210874319,1.361546159
arm_TAGAH18111Z1819Z18111Z,Glycerolipid metabolism,A0A2K3E4U8_wild,CCCCCC/C=C\CCCCCCCCCC(=O)OC[C@H](COC(=O)CCCCCCCCC/C=C\CCCCCC)OC(=O)CCCCCCC/C=C\CCCCCCCC,0.66728878,-0.471677303,1.323728323
arm_TAGAH18111Z1819Z18111Z,Glycerolipid metabolism,A8J056_wild,O,2.119389534,-0.033908162,1.762816668
arm_TAGAH18111Z1819Z18111Z,Glycerolipid metabolism,A8J056_wild,CCCCCC/C=C\CCCCCCCCCC(=O)OC[C@H](COC(=O)CCCCCCCCC/C=C\CCCCCC)OC(=O)CCCCCCC/C=C\CCCCCCCC,1.264193177,-0.515202165,1.68597281
arm_TAGAH18111Z1819Z1819Z,Glycerolipid metabolism,A0A2K3CNS0_wild,O,1.674396753,-0.391487539,1.393553734
arm_TAGAH18111Z1819Z1819Z,Glycerolipid metabolism,A0A2K3CNS0_wild,CCCCCC/C=C\CCCCCCCCCC(=O)OC[C@H](COC(=O)CCCCCCC/C=C\CCCCCCCC)OC(=O)CCCCCCC/C=C\CCCCCCCC,0.599429548,-1.467140198,1.522784591
arm_TAGAH18111Z1819Z1819Z,Glycerolipid metabolism,A0A2K3CNU4_wild,O,1.318306327,-0.347388625,0.713401675
arm_TAGAH18111Z1819Z1819Z,Glycerolipid metabolism,A0A2K3CNU4_wild,CCCCCC/C=C\CCCCCCCCCC(=O)OC[C@H](COC(=O)CCCCCCC/C=C\CCCCCCCC)OC(=O)CCCCCCC/C=C\CCCCCCCC,0.120465592,-1.207211137,0.975647092
arm_TAGAH18111Z1819Z1819Z,Glycerolipid metabolism,A0A2K3CX99_wild,O,1.983316779,0.080360517,1.200588346
arm_TAGAH18111Z1819Z1819Z,Glycerolipid metabolism,A0A2K3CX99_wild,CCCCCC/C=C\CCCCCCCCCC(=O)OC[C@H](COC(=O)CCCCCCC/C=C\CCCCCCCC)OC(=O)CCCCCCC/C=C\CCCCCCCC,1.12700808,-0.537456274,1.201198101
arm_TAGAH18111Z1819Z1819Z,Glycerolipid metabolism,A0A2K3CXJ3_wild,O,1.674777746,0.549110055,0.858112693
arm_TAGAH18111Z1819Z1819Z,Glycerolipid metabolism,A0A2K3CXJ3_wild,CCCCCC/C=C\CCCCCCCCCC(=O)OC[C@H](COC(=O)CCCCCCC/C=C\CCCCCCCC)OC(=O)CCCCCCC/C=C\CCCCCCCC,0.988386333,-0.261817455,0.85129559
arm_TAGAH18111Z1819Z1819Z,Glycerolipid metabolism,A0A2K3D3D3_wild,O,2.215553522,-0.069598481,1.319882751
arm_TAGAH18111Z1819Z1819Z,Glycerolipid metabolism,A0A2K3D3D3_wild,CCCCCC/C=C\CCCCCCCCCC(=O)OC[C@H](COC(=O)CCCCCCC/C=C\CCCCCCCC)OC(=O)CCCCCCC/C=C\CCCCCCCC,1.266018987,-1.03150773,1.533317208
arm_TAGAH18111Z1819Z1819Z,Glycerolipid metabolism,A0A2K3D710_wild,O,1.083993793,-0.499323994,0.597153485
arm_TAGAH18111Z1819Z1819Z,Glycerolipid metabolism,A0A2K3D710_wild,CCCCCC/C=C\CCCCCCCCCC(=O)OC[C@H](COC(=O)CCCCCCC/C=C\CCCCCCCC)OC(=O)CCCCCCC/C=C\CCCCCCCC,0.023517838,-1.360164523,0.653048813
arm_TAGAH18111Z1819Z1819Z,Glycerolipid metabolism,A0A2K3D712_wild,O,1.086323023,-0.500079513,0.601320088
arm_TAGAH18111Z1819Z1819Z,Glycerolipid metabolism,A0A2K3D712_wild,CCCCCC/C=C\CCCCCCCCCC(=O)OC[C@H](COC(=O)CCCCCCC/C=C\CCCCCCCC)OC(=O)CCCCCCC/C=C\CCCCCCCC,0.019976789,-1.364317656,0.661042333
arm_TAGAH18111Z1819Z1819Z,Glycerolipid metabolism,A0A2K3DJ66_wild,O,1.498929977,-0.405866474,1.3382442
arm_TAGAH18111Z1819Z1819Z,Glycerolipid metabolism,A0A2K3DJ66_wild,CCCCCC/C=C\CCCCCCCCCC(=O)OC[C@H](COC(=O)CCCCCCC/C=C\CCCCCCCC)OC(=O)CCCCCCC/C=C\CCCCCCCC,0.620225847,-1.080049276,1.430366516
arm_TAGAH18111Z1819Z1819Z,Glycerolipid metabolism,A0A2K3DJA9_wild,O,1.298353791,-0.23264727,0.978991866
arm_TAGAH18111Z1819Z1819Z,Glycerolipid metabolism,A0A2K3DJA9_wild,CCCCCC/C=C\CCCCCCCCCC(=O)OC[C@H](COC(=O)CCCCCCC/C=C\CCCCCCCC)OC(=O)CCCCCCC/C=C\CCCCCCCC,0.287534893,-0.949562073,1.002505779
arm_TAGAH18111Z1819Z1819Z,Glycerolipid metabolism,A0A2K3DNL2_wild,O,1.090560675,-0.6161834,1.18495059
arm_TAGAH18111Z1819Z1819Z,Glycerolipid metabolism,A0A2K3DNL2_wild,CCCCCC/C=C\CCCCCCCCCC(=O)OC[C@H](COC(=O)CCCCCCC/C=C\CCCCCCCC)OC(=O)CCCCCCC/C=C\CCCCCCCC,-0.01520361,-1.589008093,1.421910167
arm_TAGAH18111Z1819Z1819Z,Glycerolipid metabolism,A0A2K3DSP4_wild,O,1.604065537,0.430392563,0.748819232
arm_TAGAH18111Z1819Z1819Z,Glycerolipid metabolism,A0A2K3DSP4_wild,CCCCCC/C=C\CCCCCCCCCC(=O)OC[C@H](COC(=O)CCCCCCC/C=C\CCCCCCCC)OC(=O)CCCCCCC/C=C\CCCCCCCC,0.762770116,-0.504017115,0.994476974
arm_TAGAH18111Z1819Z1819Z,Glycerolipid metabolism,A0A2K3DV73_wild,O,1.299811959,-0.627304137,1.012681723
arm_TAGAH18111Z1819Z1819Z,Glycerolipid metabolism,A0A2K3DV73_wild,CCCCCC/C=C\CCCCCCCCCC(=O)OC[C@H](COC(=O)CCCCCCC/C=C\CCCCCCCC)OC(=O)CCCCCCC/C=C\CCCCCCCC,0.085944697,-1.571525216,1.170006156
arm_TAGAH18111Z1819Z1819Z,Glycerolipid metabolism,A0A2K3DYG4_wild,O,1.518248558,-0.670566797,1.197124243
arm_TAGAH18111Z1819Z1819Z,Glycerolipid metabolism,A0A2K3DYG4_wild,CCCCCC/C=C\CCCCCCCCCC(=O)OC[C@H](COC(=O)CCCCCCC/C=C\CCCCCCCC)OC(=O)CCCCCCC/C=C\CCCCCCCC,0.47584185,-1.546033382,1.303315401
arm_TAGAH18111Z1819Z1819Z,Glycerolipid metabolism,A0A2K3E4U8_wild,O,1.536249161,0.210874319,1.361546159
arm_TAGAH18111Z1819Z1819Z,Glycerolipid metabolism,A0A2K3E4U8_wild,CCCCCC/C=C\CCCCCCCCCC(=O)OC[C@H](COC(=O)CCCCCCC/C=C\CCCCCCCC)OC(=O)CCCCCCC/C=C\CCCCCCCC,0.683085561,-0.464412302,1.363500118
arm_TAGAH18111Z1819Z1819Z,Glycerolipid metabolism,A8J056_wild,O,2.119389534,-0.033908162,1.762816668
arm_TAGAH18111Z1819Z1819Z,Glycerolipid metabolism,A8J056_wild,CCCCCC/C=C\CCCCCCCCCC(=O)OC[C@H](COC(=O)CCCCCCC/C=C\CCCCCCCC)OC(=O)CCCCCCC/C=C\CCCCCCCC,1.272305369,-0.511140823,1.723849297
arm_TAGAH18111Z1819Z1835Z9Z12Z,Glycerolipid metabolism,A0A2K3CNS0_wild,O,1.674396753,-0.391487539,1.393553734
arm_TAGAH18111Z1819Z1835Z9Z12Z,Glycerolipid metabolism,A0A2K3CNS0_wild,CCCCCC/C=C\CCCCCCCCCC(=O)OC[C@H](COC(=O)CCC/C=C\CC/C=C\C/C=C\CCCCC)OC(=O)CCCCCCC/C=C\CCCCCCCC,0.334211767,-1.655552149,1.433599472
arm_TAGAH18111Z1819Z1835Z9Z12Z,Glycerolipid metabolism,A0A2K3CNU4_wild,O,1.318306327,-0.347388625,0.713401675
arm_TAGAH18111Z1819Z1835Z9Z12Z,Glycerolipid metabolism,A0A2K3CNU4_wild,CCCCCC/C=C\CCCCCCCCCC(=O)OC[C@H](COC(=O)CCC/C=C\CC/C=C\C/C=C\CCCCC)OC(=O)CCCCCCC/C=C\CCCCCCCC,-0.110211097,-1.451135755,0.885325313
arm_TAGAH18111Z1819Z1835Z9Z12Z,Glycerolipid metabolism,A0A2K3CX99_wild,O,1.983316779,0.080360517,1.200588346
arm_TAGAH18111Z1819Z1835Z9Z12Z,Glycerolipid metabolism,A0A2K3CX99_wild,CCCCCC/C=C\CCCCCCCCCC(=O)OC[C@H](COC(=O)CCC/C=C\CC/C=C\C/C=C\CCCCC)OC(=O)CCCCCCC/C=C\CCCCCCCC,0.834311306,-0.771506488,1.120534897
arm_TAGAH18111Z1819Z1835Z9Z12Z,Glycerolipid metabolism,A0A2K3CXJ3_wild,O,1.674777746,0.549110055,0.858112693
arm_TAGAH18111Z1819Z1835Z9Z12Z,Glycerolipid metabolism,A0A2K3CXJ3_wild,CCCCCC/C=C\CCCCCCCCCC(=O)OC[C@H](COC(=O)CCC/C=C\CC/C=C\C/C=C\CCCCC)OC(=O)CCCCCCC/C=C\CCCCCCCC,0.691078305,-0.44607535,0.773460269
arm_TAGAH18111Z1819Z1835Z9Z12Z,Glycerolipid metabolism,A0A2K3D3D3_wild,O,2.215553522,-0.069598481,1.319882751
arm_TAGAH18111Z1819Z1835Z9Z12Z,Glycerolipid metabolism,A0A2K3D3D3_wild,CCCCCC/C=C\CCCCCCCCCC(=O)OC[C@H](COC(=O)CCC/C=C\CC/C=C\C/C=C\CCCCC)OC(=O)CCCCCCC/C=C\CCCCCCCC,0.999432564,-1.256626725,1.456666946
arm_TAGAH18111Z1819Z1835Z9Z12Z,Glycerolipid metabolism,A0A2K3D710_wild,O,1.083993793,-0.499323994,0.597153485
arm_TAGAH18111Z1819Z1835Z9Z12Z,Glycerolipid metabolism,A0A2K3D710_wild,CCCCCC/C=C\CCCCCCCCCC(=O)OC[C@H](COC(=O)CCC/C=C\CC/C=C\C/C=C\CCCCC)OC(=O)CCCCCCC/C=C\CCCCCCCC,-0.209797293,-1.612547278,0.583314359
arm_TAGAH18111Z1819Z1835Z9Z12Z,Glycerolipid metabolism,A0A2K3D712_wild,O,1.086323023,-0.500079513,0.601320088
arm_TAGAH18111Z1819Z1835Z9Z12Z,Glycerolipid metabolism,A0A2K3D712_wild,CCCCCC/C=C\CCCCCCCCCC(=O)OC[C@H](COC(=O)CCC/C=C\CC/C=C\C/C=C\CCCCC)OC(=O)CCCCCCC/C=C\CCCCCCCC,-0.21393545,-1.617797494,0.591829598
arm_TAGAH18111Z1819Z1835Z9Z12Z,Glycerolipid metabolism,A0A2K3DJ66_wild,O,1.498929977,-0.405866474,1.3382442
arm_TAGAH18111Z1819Z1835Z9Z12Z,Glycerolipid metabolism,A0A2K3DJ66_wild,CCCCCC/C=C\CCCCCCCCCC(=O)OC[C@H](COC(=O)CCC/C=C\CC/C=C\C/C=C\CCCCC)OC(=O)CCCCCCC/C=C\CCCCCCCC,0.340145081,-1.313966513,1.332157969
arm_TAGAH18111Z1819Z1835Z9Z12Z,Glycerolipid metabolism,A0A2K3DJA9_wild,O,1.298353791,-0.23264727,0.978991866
arm_TAGAH18111Z1819Z1835Z9Z12Z,Glycerolipid metabolism,A0A2K3DJA9_wild,CCCCCC/C=C\CCCCCCCCCC(=O)OC[C@H](COC(=O)CCC/C=C\CC/C=C\C/C=C\CCCCC)OC(=O)CCCCCCC/C=C\CCCCCCCC,0.016560256,-1.177631617,0.922844887
arm_TAGAH18111Z1819Z1835Z9Z12Z,Glycerolipid metabolism,A0A2K3DNL2_wild,O,1.090560675,-0.6161834,1.18495059
arm_TAGAH18111Z1819Z1835Z9Z12Z,Glycerolipid metabolism,A0A2K3DNL2_wild,CCCCCC/C=C\CCCCCCCCCC(=O)OC[C@H](COC(=O)CCC/C=C\CC/C=C\C/C=C\CCCCC)OC(=O)CCCCCCC/C=C\CCCCCCCC,-0.281579792,-1.808377504,1.326654077
arm_TAGAH18111Z1819Z1835Z9Z12Z,Glycerolipid metabolism,A0A2K3DSP4_wild,O,1.604065537,0.430392563,0.748819232
arm_TAGAH18111Z1819Z1835Z9Z12Z,Glycerolipid metabolism,A0A2K3DSP4_wild,CCCCCC/C=C\CCCCCCCCCC(=O)OC[C@H](COC(=O)CCC/C=C\CC/C=C\C/C=C\CCCCC)OC(=O)CCCCCCC/C=C\CCCCCCCC,0.483941644,-0.731745481,0.894513428
arm_TAGAH18111Z1819Z1835Z9Z12Z,Glycerolipid metabolism,A0A2K3DV73_wild,O,1.299811959,-0.627304137,1.012681723
arm_TAGAH18111Z1819Z1835Z9Z12Z,Glycerolipid metabolism,A0A2K3DV73_wild,CCCCCC/C=C\CCCCCCCCCC(=O)OC[C@H](COC(=O)CCC/C=C\CC/C=C\C/C=C\CCCCC)OC(=O)CCCCCCC/C=C\CCCCCCCC,-0.174666345,-1.773362517,1.079838395
arm_TAGAH18111Z1819Z1835Z9Z12Z,Glycerolipid metabolism,A0A2K3DYG4_wild,O,1.518248558,-0.670566797,1.197124243
arm_TAGAH18111Z1819Z1835Z9Z12Z,Glycerolipid metabolism,A0A2K3DYG4_wild,CCCCCC/C=C\CCCCCCCCCC(=O)OC[C@H](COC(=O)CCC/C=C\CC/C=C\C/C=C\CCCCC)OC(=O)CCCCCCC/C=C\CCCCCCCC,0.212130755,-1.795139313,1.201662421
arm_TAGAH18111Z1819Z1835Z9Z12Z,Glycerolipid metabolism,A0A2K3E4U8_wild,O,1.536249161,0.210874319,1.361546159
arm_TAGAH18111Z1819Z1835Z9Z12Z,Glycerolipid metabolism,A0A2K3E4U8_wild,CCCCCC/C=C\CCCCCCCCCC(=O)OC[C@H](COC(=O)CCC/C=C\CC/C=C\C/C=C\CCCCC)OC(=O)CCCCCCC/C=C\CCCCCCCC,0.411820173,-0.681569278,1.267778993
arm_TAGAH18111Z1819Z1835Z9Z12Z,Glycerolipid metabolism,A8J056_wild,O,2.119389534,-0.033908162,1.762816668
arm_TAGAH18111Z1819Z1835Z9Z12Z,Glycerolipid metabolism,A8J056_wild,CCCCCC/C=C\CCCCCCCCCC(=O)OC[C@H](COC(=O)CCC/C=C\CC/C=C\C/C=C\CCCCC)OC(=O)CCCCCCC/C=C\CCCCCCCC,0.963870883,-0.722633958,1.621123075
arm_TAGAH18111Z1819Z1845Z9Z12Z15Z,Glycerolipid metabolism,A0A2K3CNS0_wild,O,1.674396753,-0.391487539,1.393553734
arm_TAGAH18111Z1819Z1845Z9Z12Z15Z,Glycerolipid metabolism,A0A2K3CNS0_wild,CCCCCC/C=C\CCCCCCCCCC(=O)OC[C@H](COC(=O)CCC/C=C\CC/C=C\C/C=C\C/C=C\CC)OC(=O)CCCCCCC/C=C\CCCCCCCC,0.299102962,-1.740127921,1.444272757
arm_TAGAH18111Z1819Z1845Z9Z12Z15Z,Glycerolipid metabolism,A0A2K3CNU4_wild,O,1.318306327,-0.347388625,0.713401675
arm_TAGAH18111Z1819Z1845Z9Z12Z15Z,Glycerolipid metabolism,A0A2K3CNU4_wild,CCCCCC/C=C\CCCCCCCCCC(=O)OC[C@H](COC(=O)CCC/C=C\CC/C=C\C/C=C\C/C=C\CC)OC(=O)CCCCCCC/C=C\CCCCCCCC,-0.104638174,-1.55359149,0.913312912
arm_TAGAH18111Z1819Z1845Z9Z12Z15Z,Glycerolipid metabolism,A0A2K3CX99_wild,O,1.983316779,0.080360517,1.200588346
arm_TAGAH18111Z1819Z1845Z9Z12Z15Z,Glycerolipid metabolism,A0A2K3CX99_wild,CCCCCC/C=C\CCCCCCCCCC(=O)OC[C@H](COC(=O)CCC/C=C\CC/C=C\C/C=C\C/C=C\CC)OC(=O)CCCCCCC/C=C\CCCCCCCC,0.771396697,-0.849222779,1.111166954
arm_TAGAH18111Z1819Z1845Z9Z12Z15Z,Glycerolipid metabolism,A0A2K3CXJ3_wild,O,1.674777746,0.549110055,0.858112693
arm_TAGAH18111Z1819Z1845Z9Z12Z15Z,Glycerolipid metabolism,A0A2K3CXJ3_wild,CCCCCC/C=C\CCCCCCCCCC(=O)OC[C@H](COC(=O)CCC/C=C\CC/C=C\C/C=C\C/C=C\CC)OC(=O)CCCCCCC/C=C\CCCCCCCC,0.646701217,-0.512697041,0.778780818
arm_TAGAH18111Z1819Z1845Z9Z12Z15Z,Glycerolipid metabolism,A0A2K3D3D3_wild,O,2.215553522,-0.069598481,1.319882751
arm_TAGAH18111Z1819Z1845Z9Z12Z15Z,Glycerolipid metabolism,A0A2K3D3D3_wild,CCCCCC/C=C\CCCCCCCCCC(=O)OC[C@H](COC(=O)CCC/C=C\CC/C=C\C/C=C\C/C=C\CC)OC(=O)CCCCCCC/C=C\CCCCCCCC,0.960322678,-1.32344842,1.465294123
arm_TAGAH18111Z1819Z1845Z9Z12Z15Z,Glycerolipid metabolism,A0A2K3D710_wild,O,1.083993793,-0.499323994,0.597153485
arm_TAGAH18111Z1819Z1845Z9Z12Z15Z,Glycerolipid metabolism,A0A2K3D710_wild,CCCCCC/C=C\CCCCCCCCCC(=O)OC[C@H](COC(=O)CCC/C=C\CC/C=C\C/C=C\C/C=C\CC)OC(=O)CCCCCCC/C=C\CCCCCCCC,-0.225410059,-1.687845588,0.616950333
arm_TAGAH18111Z1819Z1845Z9Z12Z15Z,Glycerolipid metabolism,A0A2K3D712_wild,O,1.086323023,-0.500079513,0.601320088
arm_TAGAH18111Z1819Z1845Z9Z12Z15Z,Glycerolipid metabolism,A0A2K3D712_wild,CCCCCC/C=C\CCCCCCCCCC(=O)OC[C@H](COC(=O)CCC/C=C\CC/C=C\C/C=C\C/C=C\CC)OC(=O)CCCCCCC/C=C\CCCCCCCC,-0.229608685,-1.693592668,0.625248849
arm_TAGAH18111Z1819Z1845Z9Z12Z15Z,Glycerolipid metabolism,A0A2K3DJ66_wild,O,1.498929977,-0.405866474,1.3382442
arm_TAGAH18111Z1819Z1845Z9Z12Z15Z,Glycerolipid metabolism,A0A2K3DJ66_wild,CCCCCC/C=C\CCCCCCCCCC(=O)OC[C@H](COC(=O)CCC/C=C\CC/C=C\C/C=C\C/C=C\CC)OC(=O)CCCCCCC/C=C\CCCCCCCC,0.308334947,-1.388038278,1.351617098
arm_TAGAH18111Z1819Z1845Z9Z12Z15Z,Glycerolipid metabolism,A0A2K3DJA9_wild,O,1.298353791,-0.23264727,0.978991866
arm_TAGAH18111Z1819Z1845Z9Z12Z15Z,Glycerolipid metabolism,A0A2K3DJA9_wild,CCCCCC/C=C\CCCCCCCCCC(=O)OC[C@H](COC(=O)CCC/C=C\CC/C=C\C/C=C\C/C=C\CC)OC(=O)CCCCCCC/C=C\CCCCCCCC,0.005743965,-1.252415419,0.953549981
arm_TAGAH18111Z1819Z1845Z9Z12Z15Z,Glycerolipid metabolism,A0A2K3DNL2_wild,O,1.090560675,-0.6161834,1.18495059
arm_TAGAH18111Z1819Z1845Z9Z12Z15Z,Glycerolipid metabolism,A0A2K3DNL2_wild,CCCCCC/C=C\CCCCCCCCCC(=O)OC[C@H](COC(=O)CCC/C=C\CC/C=C\C/C=C\C/C=C\CC)OC(=O)CCCCCCC/C=C\CCCCCCCC,-0.283820361,-1.881783485,1.36410737
arm_TAGAH18111Z1819Z1845Z9Z12Z15Z,Glycerolipid metabolism,A0A2K3DSP4_wild,O,1.604065537,0.430392563,0.748819232
arm_TAGAH18111Z1819Z1845Z9Z12Z15Z,Glycerolipid metabolism,A0A2K3DSP4_wild,CCCCCC/C=C\CCCCCCCCCC(=O)OC[C@H](COC(=O)CCC/C=C\CC/C=C\C/C=C\C/C=C\CC)OC(=O)CCCCCCC/C=C\CCCCCCCC,0.451178461,-0.810302138,0.899105668
arm_TAGAH18111Z1819Z1845Z9Z12Z15Z,Glycerolipid metabolism,A0A2K3DV73_wild,O,1.299811959,-0.627304137,1.012681723
arm_TAGAH18111Z1819Z1845Z9Z12Z15Z,Glycerolipid metabolism,A0A2K3DV73_wild,CCCCCC/C=C\CCCCCCCCCC(=O)OC[C@H](COC(=O)CCC/C=C\CC/C=C\C/C=C\C/C=C\CC)OC(=O)CCCCCCC/C=C\CCCCCCCC,-0.171066418,-1.84758532,1.10814023
arm_TAGAH18111Z1819Z1845Z9Z12Z15Z,Glycerolipid metabolism,A0A2K3DYG4_wild,O,1.518248558,-0.670566797,1.197124243
arm_TAGAH18111Z1819Z1845Z9Z12Z15Z,Glycerolipid metabolism,A0A2K3DYG4_wild,CCCCCC/C=C\CCCCCCCCCC(=O)OC[C@H](COC(=O)CCC/C=C\CC/C=C\C/C=C\C/C=C\CC)OC(=O)CCCCCCC/C=C\CCCCCCCC,0.210438654,-1.877731681,1.225501418
arm_TAGAH18111Z1819Z1845Z9Z12Z15Z,Glycerolipid metabolism,A0A2K3E4U8_wild,O,1.536249161,0.210874319,1.361546159
arm_TAGAH18111Z1819Z1845Z9Z12Z15Z,Glycerolipid metabolism,A0A2K3E4U8_wild,CCCCCC/C=C\CCCCCCCCCC(=O)OC[C@H](COC(=O)CCC/C=C\CC/C=C\C/C=C\C/C=C\CC)OC(=O)CCCCCCC/C=C\CCCCCCCC,0.364124298,-0.745578885,1.263113618
arm_TAGAH18111Z1819Z1845Z9Z12Z15Z,Glycerolipid metabolism,A8J056_wild,O,2.119389534,-0.033908162,1.762816668
arm_TAGAH18111Z1819Z1845Z9Z12Z15Z,Glycerolipid metabolism,A8J056_wild,CCCCCC/C=C\CCCCCCCCCC(=O)OC[C@H](COC(=O)CCC/C=C\CC/C=C\C/C=C\C/C=C\CC)OC(=O)CCCCCCC/C=C\CCCCCCCC,0.894580364,-0.810384631,1.609782457
arm_TAGAH1819Z18111Z160,Glycerolipid metabolism,A0A2K3CNS0_wild,O,1.674396753,-0.391487539,1.393553734
arm_TAGAH1819Z18111Z160,Glycerolipid metabolism,A0A2K3CNS0_wild,CCCCCCCC/C=C\CCCCCCCC(=O)OC[C@H](COC(=O)CCCCCCCCCCCCCCC)OC(=O)CCCCCCCCC/C=C\CCCCCC,0.439106286,-1.350759864,1.30333519
arm_TAGAH1819Z18111Z160,Glycerolipid metabolism,A0A2K3CNU4_wild,O,1.318306327,-0.347388625,0.713401675
arm_TAGAH1819Z18111Z160,Glycerolipid metabolism,A0A2K3CNU4_wild,CCCCCCCC/C=C\CCCCCCCC(=O)OC[C@H](COC(=O)CCCCCCCCCCCCCCC)OC(=O)CCCCCCCCC/C=C\CCCCCC,-0.035446469,-1.084624648,0.772648811
arm_TAGAH1819Z18111Z160,Glycerolipid metabolism,A0A2K3CX99_wild,O,1.983316779,0.080360517,1.200588346
arm_TAGAH1819Z18111Z160,Glycerolipid metabolism,A0A2K3CX99_wild,CCCCCCCC/C=C\CCCCCCCC(=O)OC[C@H](COC(=O)CCCCCCCCCCCCCCC)OC(=O)CCCCCCCCC/C=C\CCCCCC,1.01892066,-0.411552101,0.989381671
arm_TAGAH1819Z18111Z160,Glycerolipid metabolism,A0A2K3CXJ3_wild,O,1.674777746,0.549110055,0.858112693
arm_TAGAH1819Z18111Z160,Glycerolipid metabolism,A0A2K3CXJ3_wild,CCCCCCCC/C=C\CCCCCCCC(=O)OC[C@H](COC(=O)CCCCCCCCCCCCCCC)OC(=O)CCCCCCCCC/C=C\CCCCCC,0.829549432,-0.140907705,0.622515202
arm_TAGAH1819Z18111Z160,Glycerolipid metabolism,A0A2K3D3D3_wild,O,2.215553522,-0.069598481,1.319882751
arm_TAGAH1819Z18111Z160,Glycerolipid metabolism,A0A2K3D3D3_wild,CCCCCCCC/C=C\CCCCCCCC(=O)OC[C@H](COC(=O)CCCCCCCCCCCCCCC)OC(=O)CCCCCCCCC/C=C\CCCCCC,1.131841183,-0.90241468,1.318172693
arm_TAGAH1819Z18111Z160,Glycerolipid metabolism,A0A2K3D710_wild,O,1.083993793,-0.499323994,0.597153485
arm_TAGAH1819Z18111Z160,Glycerolipid metabolism,A0A2K3D710_wild,CCCCCCCC/C=C\CCCCCCCC(=O)OC[C@H](COC(=O)CCCCCCCCCCCCCCC)OC(=O)CCCCCCCCC/C=C\CCCCCC,-0.105756506,-1.274295688,0.452627599
arm_TAGAH1819Z18111Z160,Glycerolipid metabolism,A0A2K3D712_wild,O,1.086323023,-0.500079513,0.601320088
arm_TAGAH1819Z18111Z160,Glycerolipid metabolism,A0A2K3D712_wild,CCCCCCCC/C=C\CCCCCCCC(=O)OC[C@H](COC(=O)CCCCCCCCCCCCCCC)OC(=O)CCCCCCCCC/C=C\CCCCCC,-0.108529091,-1.27982831,0.461411148
arm_TAGAH1819Z18111Z160,Glycerolipid metabolism,A0A2K3DJ66_wild,O,1.498929977,-0.405866474,1.3382442
arm_TAGAH1819Z18111Z160,Glycerolipid metabolism,A0A2K3DJ66_wild,CCCCCCCC/C=C\CCCCCCCC(=O)OC[C@H](COC(=O)CCCCCCCCCCCCCCC)OC(=O)CCCCCCCCC/C=C\CCCCCC,0.489058197,-0.993724048,1.218660235
arm_TAGAH1819Z18111Z160,Glycerolipid metabolism,A0A2K3DJA9_wild,O,1.298353791,-0.23264727,0.978991866
arm_TAGAH1819Z18111Z160,Glycerolipid metabolism,A0A2K3DJA9_wild,CCCCCCCC/C=C\CCCCCCCC(=O)OC[C@H](COC(=O)CCCCCCCCCCCCCCC)OC(=O)CCCCCCCCC/C=C\CCCCCC,0.143635809,-0.849618614,0.803444088
arm_TAGAH1819Z18111Z160,Glycerolipid metabolism,A0A2K3DNL2_wild,O,1.090560675,-0.6161834,1.18495059
arm_TAGAH1819Z18111Z160,Glycerolipid metabolism,A0A2K3DNL2_wild,CCCCCCCC/C=C\CCCCCCCC(=O)OC[C@H](COC(=O)CCCCCCCCCCCCCCC)OC(=O)CCCCCCCCC/C=C\CCCCCC,-0.160783693,-1.493168473,1.243512988
arm_TAGAH1819Z18111Z160,Glycerolipid metabolism,A0A2K3DSP4_wild,O,1.604065537,0.430392563,0.748819232
arm_TAGAH1819Z18111Z160,Glycerolipid metabolism,A0A2K3DSP4_wild,CCCCCCCC/C=C\CCCCCCCC(=O)OC[C@H](COC(=O)CCCCCCCCCCCCCCC)OC(=O)CCCCCCCCC/C=C\CCCCCC,0.616753399,-0.379961014,0.755840778
arm_TAGAH1819Z18111Z160,Glycerolipid metabolism,A0A2K3DV73_wild,O,1.299811959,-0.627304137,1.012681723
arm_TAGAH1819Z18111Z160,Glycerolipid metabolism,A0A2K3DV73_wild,CCCCCCCC/C=C\CCCCCCCC(=O)OC[C@H](COC(=O)CCCCCCCCCCCCCCC)OC(=O)CCCCCCCCC/C=C\CCCCCC,-0.060727417,-1.468186975,0.971481442
arm_TAGAH1819Z18111Z160,Glycerolipid metabolism,A0A2K3DYG4_wild,O,1.518248558,-0.670566797,1.197124243
arm_TAGAH1819Z18111Z160,Glycerolipid metabolism,A0A2K3DYG4_wild,CCCCCCCC/C=C\CCCCCCCC(=O)OC[C@H](COC(=O)CCCCCCCCCCCCCCC)OC(=O)CCCCCCCCC/C=C\CCCCCC,0.328314483,-1.445891142,1.12478435
arm_TAGAH1819Z18111Z160,Glycerolipid metabolism,A0A2K3E4U8_wild,O,1.536249161,0.210874319,1.361546159
arm_TAGAH1819Z18111Z160,Glycerolipid metabolism,A0A2K3E4U8_wild,CCCCCCCC/C=C\CCCCCCCC(=O)OC[C@H](COC(=O)CCCCCCCCCCCCCCC)OC(=O)CCCCCCCCC/C=C\CCCCCC,0.507268071,-0.37044692,1.116736889
arm_TAGAH1819Z18111Z160,Glycerolipid metabolism,A8J056_wild,O,2.119389534,-0.033908162,1.762816668
arm_TAGAH1819Z18111Z160,Glycerolipid metabolism,A8J056_wild,CCCCCCCC/C=C\CCCCCCCC(=O)OC[C@H](COC(=O)CCCCCCCCCCCCCCC)OC(=O)CCCCCCCCC/C=C\CCCCCC,1.125200033,-0.396346569,1.502043009
arm_TAGAH1819Z18111Z180,Glycerolipid metabolism,A0A2K3CNS0_wild,O,1.674396753,-0.391487539,1.393553734
arm_TAGAH1819Z18111Z180,Glycerolipid metabolism,A0A2K3CNS0_wild,CCCCCCCC/C=C\CCCCCCCC(=O)OC[C@H](COC(=O)CCCCCCCCCCCCCCCCC)OC(=O)CCCCCCCCC/C=C\CCCCCC,0.472630352,-1.282445431,1.298229456
arm_TAGAH1819Z18111Z180,Glycerolipid metabolism,A0A2K3CNU4_wild,O,1.318306327,-0.347388625,0.713401675
arm_TAGAH1819Z18111Z180,Glycerolipid metabolism,A0A2K3CNU4_wild,CCCCCCCC/C=C\CCCCCCCC(=O)OC[C@H](COC(=O)CCCCCCCCCCCCCCCCC)OC(=O)CCCCCCCCC/C=C\CCCCCC,-0.009558992,-1.002978921,0.767852485
arm_TAGAH1819Z18111Z180,Glycerolipid metabolism,A0A2K3CX99_wild,O,1.983316779,0.080360517,1.200588346
arm_TAGAH1819Z18111Z180,Glycerolipid metabolism,A0A2K3CX99_wild,CCCCCCCC/C=C\CCCCCCCC(=O)OC[C@H](COC(=O)CCCCCCCCCCCCCCCCC)OC(=O)CCCCCCCCC/C=C\CCCCCC,1.052224398,-0.343467176,0.993693471
arm_TAGAH1819Z18111Z180,Glycerolipid metabolism,A0A2K3CXJ3_wild,O,1.674777746,0.549110055,0.858112693
arm_TAGAH1819Z18111Z180,Glycerolipid metabolism,A0A2K3CXJ3_wild,CCCCCCCC/C=C\CCCCCCCC(=O)OC[C@H](COC(=O)CCCCCCCCCCCCCCCCC)OC(=O)CCCCCCCCC/C=C\CCCCCC,0.857379735,-0.069496855,0.621337056
arm_TAGAH1819Z18111Z180,Glycerolipid metabolism,A0A2K3D3D3_wild,O,2.215553522,-0.069598481,1.319882751
arm_TAGAH1819Z18111Z180,Glycerolipid metabolism,A0A2K3D3D3_wild,CCCCCCCC/C=C\CCCCCCCC(=O)OC[C@H](COC(=O)CCCCCCCCCCCCCCCCC)OC(=O)CCCCCCCCC/C=C\CCCCCC,1.167419672,-0.837765336,1.315134168
arm_TAGAH1819Z18111Z180,Glycerolipid metabolism,A0A2K3D710_wild,O,1.083993793,-0.499323994,0.597153485
arm_TAGAH1819Z18111Z180,Glycerolipid metabolism,A0A2K3D710_wild,CCCCCCCC/C=C\CCCCCCCC(=O)OC[C@H](COC(=O)CCCCCCCCCCCCCCCCC)OC(=O)CCCCCCCCC/C=C\CCCCCC,-0.078347422,-1.193189859,0.449801028
arm_TAGAH1819Z18111Z180,Glycerolipid metabolism,A0A2K3D712_wild,O,1.086323023,-0.500079513,0.601320088
arm_TAGAH1819Z18111Z180,Glycerolipid metabolism,A0A2K3D712_wild,CCCCCCCC/C=C\CCCCCCCC(=O)OC[C@H](COC(=O)CCCCCCCCCCCCCCCCC)OC(=O)CCCCCCCCC/C=C\CCCCCC,-0.081235431,-1.198847294,0.45844087
arm_TAGAH1819Z18111Z180,Glycerolipid metabolism,A0A2K3DJ66_wild,O,1.498929977,-0.405866474,1.3382442
arm_TAGAH1819Z18111Z180,Glycerolipid metabolism,A0A2K3DJ66_wild,CCCCCCCC/C=C\CCCCCCCC(=O)OC[C@H](COC(=O)CCCCCCCCCCCCCCCCC)OC(=O)CCCCCCCCC/C=C\CCCCCC,0.502361953,-0.923133731,1.20962131
arm_TAGAH1819Z18111Z180,Glycerolipid metabolism,A0A2K3DJA9_wild,O,1.298353791,-0.23264727,0.978991866
arm_TAGAH1819Z18111Z180,Glycerolipid metabolism,A0A2K3DJA9_wild,CCCCCCCC/C=C\CCCCCCCC(=O)OC[C@H](COC(=O)CCCCCCCCCCCCCCCCC)OC(=O)CCCCCCCCC/C=C\CCCCCC,0.16633068,-0.778729677,0.796622455
arm_TAGAH1819Z18111Z180,Glycerolipid metabolism,A0A2K3DNL2_wild,O,1.090560675,-0.6161834,1.18495059
arm_TAGAH1819Z18111Z180,Glycerolipid metabolism,A0A2K3DNL2_wild,CCCCCCCC/C=C\CCCCCCCC(=O)OC[C@H](COC(=O)CCCCCCCCCCCCCCCCC)OC(=O)CCCCCCCCC/C=C\CCCCCC,-0.142218143,-1.416688681,1.231888652
arm_TAGAH1819Z18111Z180,Glycerolipid metabolism,A0A2K3DSP4_wild,O,1.604065537,0.430392563,0.748819232
arm_TAGAH1819Z18111Z180,Glycerolipid metabolism,A0A2K3DSP4_wild,CCCCCCCC/C=C\CCCCCCCC(=O)OC[C@H](COC(=O)CCCCCCCCCCCCCCCCC)OC(=O)CCCCCCCCC/C=C\CCCCCC,0.645124555,-0.306596667,0.751755595
arm_TAGAH1819Z18111Z180,Glycerolipid metabolism,A0A2K3DV73_wild,O,1.299811959,-0.627304137,1.012681723
arm_TAGAH1819Z18111Z180,Glycerolipid metabolism,A0A2K3DV73_wild,CCCCCCCC/C=C\CCCCCCCC(=O)OC[C@H](COC(=O)CCCCCCCCCCCCCCCCC)OC(=O)CCCCCCCCC/C=C\CCCCCC,-0.043025989,-1.391866922,0.959097505
arm_TAGAH1819Z18111Z180,Glycerolipid metabolism,A0A2K3DYG4_wild,O,1.518248558,-0.670566797,1.197124243
arm_TAGAH1819Z18111Z180,Glycerolipid metabolism,A0A2K3DYG4_wild,CCCCCCCC/C=C\CCCCCCCC(=O)OC[C@H](COC(=O)CCCCCCCCCCCCCCCCC)OC(=O)CCCCCCCCC/C=C\CCCCCC,0.357524127,-1.369900942,1.120460629
arm_TAGAH1819Z18111Z180,Glycerolipid metabolism,A0A2K3E4U8_wild,O,1.536249161,0.210874319,1.361546159
arm_TAGAH1819Z18111Z180,Glycerolipid metabolism,A0A2K3E4U8_wild,CCCCCCCC/C=C\CCCCCCCC(=O)OC[C@H](COC(=O)CCCCCCCCCCCCCCCCC)OC(=O)CCCCCCCCC/C=C\CCCCCC,0.533836246,-0.307939172,1.112110257
arm_TAGAH1819Z18111Z180,Glycerolipid metabolism,A8J056_wild,O,2.119389534,-0.033908162,1.762816668
arm_TAGAH1819Z18111Z180,Glycerolipid metabolism,A8J056_wild,CCCCCCCC/C=C\CCCCCCCC(=O)OC[C@H](COC(=O)CCCCCCCCCCCCCCCCC)OC(=O)CCCCCCCCC/C=C\CCCCCC,1.141654134,-0.336324036,1.50002265
arm_TAGAH1819Z18111Z18111Z,Glycerolipid metabolism,A0A2K3CNS0_wild,O,1.674396753,-0.391487539,1.393553734
arm_TAGAH1819Z18111Z18111Z,Glycerolipid metabolism,A0A2K3CNS0_wild,CCCCCCCC/C=C\CCCCCCCC(=O)OC[C@H](COC(=O)CCCCCCCCC/C=C\CCCCCC)OC(=O)CCCCCCCCC/C=C\CCCCCC,0.511521459,-1.515070677,1.455908895
arm_TAGAH1819Z18111Z18111Z,Glycerolipid metabolism,A0A2K3CNU4_wild,O,1.318306327,-0.347388625,0.713401675
arm_TAGAH1819Z18111Z18111Z,Glycerolipid metabolism,A0A2K3CNU4_wild,CCCCCCCC/C=C\CCCCCCCC(=O)OC[C@H](COC(=O)CCCCCCCCC/C=C\CCCCCC)OC(=O)CCCCCCCCC/C=C\CCCCCC,0.03054654,-1.240181684,0.902231395
arm_TAGAH1819Z18111Z18111Z,Glycerolipid metabolism,A0A2K3CX99_wild,O,1.983316779,0.080360517,1.200588346
arm_TAGAH1819Z18111Z18111Z,Glycerolipid metabolism,A0A2K3CX99_wild,CCCCCCCC/C=C\CCCCCCCC(=O)OC[C@H](COC(=O)CCCCCCCCC/C=C\CCCCCC)OC(=O)CCCCCCCCC/C=C\CCCCCC,1.049088359,-0.577829361,1.109700918
arm_TAGAH1819Z18111Z18111Z,Glycerolipid metabolism,A0A2K3CXJ3_wild,O,1.674777746,0.549110055,0.858112693
arm_TAGAH1819Z18111Z18111Z,Glycerolipid metabolism,A0A2K3CXJ3_wild,CCCCCCCC/C=C\CCCCCCCC(=O)OC[C@H](COC(=O)CCCCCCCCC/C=C\CCCCCC)OC(=O)CCCCCCCCC/C=C\CCCCCC,0.89891082,-0.277323186,0.767165303
arm_TAGAH1819Z18111Z18111Z,Glycerolipid metabolism,A0A2K3D3D3_wild,O,2.215553522,-0.069598481,1.319882751
arm_TAGAH1819Z18111Z18111Z,Glycerolipid metabolism,A0A2K3D3D3_wild,CCCCCCCC/C=C\CCCCCCCC(=O)OC[C@H](COC(=O)CCCCCCCCC/C=C\CCCCCC)OC(=O)CCCCCCCCC/C=C\CCCCCC,1.185815454,-1.074012637,1.458507776
arm_TAGAH1819Z18111Z18111Z,Glycerolipid metabolism,A0A2K3D710_wild,O,1.083993793,-0.499323994,0.597153485
arm_TAGAH1819Z18111Z18111Z,Glycerolipid metabolism,A0A2K3D710_wild,CCCCCCCC/C=C\CCCCCCCC(=O)OC[C@H](COC(=O)CCCCCCCCC/C=C\CCCCCC)OC(=O)CCCCCCCCC/C=C\CCCCCC,-0.057535939,-1.406154037,0.573925376
arm_TAGAH1819Z18111Z18111Z,Glycerolipid metabolism,A0A2K3D712_wild,O,1.086323023,-0.500079513,0.601320088
arm_TAGAH1819Z18111Z18111Z,Glycerolipid metabolism,A0A2K3D712_wild,CCCCCCCC/C=C\CCCCCCCC(=O)OC[C@H](COC(=O)CCCCCCCCC/C=C\CCCCCC)OC(=O)CCCCCCCCC/C=C\CCCCCC,-0.062073447,-1.410716653,0.582341313
arm_TAGAH1819Z18111Z18111Z,Glycerolipid metabolism,A0A2K3DJ66_wild,O,1.498929977,-0.405866474,1.3382442
arm_TAGAH1819Z18111Z18111Z,Glycerolipid metabolism,A0A2K3DJ66_wild,CCCCCCCC/C=C\CCCCCCCC(=O)OC[C@H](COC(=O)CCCCCCCCC/C=C\CCCCCC)OC(=O)CCCCCCCCC/C=C\CCCCCC,0.550064623,-1.126898646,1.358261585
arm_TAGAH1819Z18111Z18111Z,Glycerolipid metabolism,A0A2K3DJA9_wild,O,1.298353791,-0.23264727,0.978991866
arm_TAGAH1819Z18111Z18111Z,Glycerolipid metabolism,A0A2K3DJA9_wild,CCCCCCCC/C=C\CCCCCCCC(=O)OC[C@H](COC(=O)CCCCCCCCC/C=C\CCCCCC)OC(=O)CCCCCCCCC/C=C\CCCCCC,0.199261904,-0.990756035,0.924613476
arm_TAGAH1819Z18111Z18111Z,Glycerolipid metabolism,A0A2K3DNL2_wild,O,1.090560675,-0.6161834,1.18495059
arm_TAGAH1819Z18111Z18111Z,Glycerolipid metabolism,A0A2K3DNL2_wild,CCCCCCCC/C=C\CCCCCCCC(=O)OC[C@H](COC(=O)CCCCCCCCC/C=C\CCCCCC)OC(=O)CCCCCCCCC/C=C\CCCCCC,-0.111915208,-1.623283744,1.354630232
arm_TAGAH1819Z18111Z18111Z,Glycerolipid metabolism,A0A2K3DSP4_wild,O,1.604065537,0.430392563,0.748819232
arm_TAGAH1819Z18111Z18111Z,Glycerolipid metabolism,A0A2K3DSP4_wild,CCCCCCCC/C=C\CCCCCCCC(=O)OC[C@H](COC(=O)CCCCCCCCC/C=C\CCCCCC)OC(=O)CCCCCCCCC/C=C\CCCCCC,0.684955478,-0.561717033,0.901155174
arm_TAGAH1819Z18111Z18111Z,Glycerolipid metabolism,A0A2K3DV73_wild,O,1.299811959,-0.627304137,1.012681723
arm_TAGAH1819Z18111Z18111Z,Glycerolipid metabolism,A0A2K3DV73_wild,CCCCCCCC/C=C\CCCCCCCC(=O)OC[C@H](COC(=O)CCCCCCCCC/C=C\CCCCCC)OC(=O)CCCCCCCCC/C=C\CCCCCC,-0.021588894,-1.611070395,1.101639986
arm_TAGAH1819Z18111Z18111Z,Glycerolipid metabolism,A0A2K3DYG4_wild,O,1.518248558,-0.670566797,1.197124243
arm_TAGAH1819Z18111Z18111Z,Glycerolipid metabolism,A0A2K3DYG4_wild,CCCCCCCC/C=C\CCCCCCCC(=O)OC[C@H](COC(=O)CCCCCCCCC/C=C\CCCCCC)OC(=O)CCCCCCCCC/C=C\CCCCCC,0.379659474,-1.597335339,1.243656278
arm_TAGAH1819Z18111Z18111Z,Glycerolipid metabolism,A0A2K3E4U8_wild,O,1.536249161,0.210874319,1.361546159
arm_TAGAH1819Z18111Z18111Z,Glycerolipid metabolism,A0A2K3E4U8_wild,CCCCCCCC/C=C\CCCCCCCC(=O)OC[C@H](COC(=O)CCCCCCCCC/C=C\CCCCCC)OC(=O)CCCCCCCCC/C=C\CCCCCC,0.587741315,-0.502189994,1.26516223
arm_TAGAH1819Z18111Z18111Z,Glycerolipid metabolism,A8J056_wild,O,2.119389534,-0.033908162,1.762816668
arm_TAGAH1819Z18111Z18111Z,Glycerolipid metabolism,A8J056_wild,CCCCCCCC/C=C\CCCCCCCC(=O)OC[C@H](COC(=O)CCCCCCCCC/C=C\CCCCCC)OC(=O)CCCCCCCCC/C=C\CCCCCC,1.198024273,-0.518748939,1.639660597
arm_TAGAH1819Z18111Z1819Z,Glycerolipid metabolism,A0A2K3CNS0_wild,O,1.674396753,-0.391487539,1.393553734
arm_TAGAH1819Z18111Z1819Z,Glycerolipid metabolism,A0A2K3CNS0_wild,CCCCCCCC/C=C\CCCCCCCC(=O)OC[C@H](COC(=O)CCCCCCC/C=C\CCCCCCCC)OC(=O)CCCCCCCCC/C=C\CCCCCC,0.566011548,-1.543127775,1.502289057
arm_TAGAH1819Z18111Z1819Z,Glycerolipid metabolism,A0A2K3CNU4_wild,O,1.318306327,-0.347388625,0.713401675
arm_TAGAH1819Z18111Z1819Z,Glycerolipid metabolism,A0A2K3CNU4_wild,CCCCCCCC/C=C\CCCCCCCC(=O)OC[C@H](COC(=O)CCCCCCC/C=C\CCCCCCCC)OC(=O)CCCCCCCCC/C=C\CCCCCC,0.080022305,-1.269642353,0.952369392
arm_TAGAH1819Z18111Z1819Z,Glycerolipid metabolism,A0A2K3CX99_wild,O,1.983316779,0.080360517,1.200588346
arm_TAGAH1819Z18111Z1819Z,Glycerolipid metabolism,A0A2K3CX99_wild,CCCCCCCC/C=C\CCCCCCCC(=O)OC[C@H](COC(=O)CCCCCCC/C=C\CCCCCCCC)OC(=O)CCCCCCCCC/C=C\CCCCCC,1.086628199,-0.604467213,1.169802308
arm_TAGAH1819Z18111Z1819Z,Glycerolipid metabolism,A0A2K3CXJ3_wild,O,1.674777746,0.549110055,0.858112693
arm_TAGAH1819Z18111Z1819Z,Glycerolipid metabolism,A0A2K3CXJ3_wild,CCCCCCCC/C=C\CCCCCCCC(=O)OC[C@H](COC(=O)CCCCCCC/C=C\CCCCCCCC)OC(=O)CCCCCCCCC/C=C\CCCCCC,0.947680116,-0.317487955,0.826887727
arm_TAGAH1819Z18111Z1819Z,Glycerolipid metabolism,A0A2K3D3D3_wild,O,2.215553522,-0.069598481,1.319882751
arm_TAGAH1819Z18111Z1819Z,Glycerolipid metabolism,A0A2K3D3D3_wild,CCCCCCCC/C=C\CCCCCCCC(=O)OC[C@H](COC(=O)CCCCCCC/C=C\CCCCCCCC)OC(=O)CCCCCCCCC/C=C\CCCCCC,1.230529308,-1.105174541,1.511925459
arm_TAGAH1819Z18111Z1819Z,Glycerolipid metabolism,A0A2K3D710_wild,O,1.083993793,-0.499323994,0.597153485
arm_TAGAH1819Z18111Z1819Z,Glycerolipid metabolism,A0A2K3D710_wild,CCCCCCCC/C=C\CCCCCCCC(=O)OC[C@H](COC(=O)CCCCCCC/C=C\CCCCCCCC)OC(=O)CCCCCCCCC/C=C\CCCCCC,-0.007368907,-1.43961668,0.625217974
arm_TAGAH1819Z18111Z1819Z,Glycerolipid metabolism,A0A2K3D712_wild,O,1.086323023,-0.500079513,0.601320088
arm_TAGAH1819Z18111Z1819Z,Glycerolipid metabolism,A0A2K3D712_wild,CCCCCCCC/C=C\CCCCCCCC(=O)OC[C@H](COC(=O)CCCCCCC/C=C\CCCCCCCC)OC(=O)CCCCCCCCC/C=C\CCCCCC,-0.011689144,-1.444469929,0.633289933
arm_TAGAH1819Z18111Z1819Z,Glycerolipid metabolism,A0A2K3DJ66_wild,O,1.498929977,-0.405866474,1.3382442
arm_TAGAH1819Z18111Z1819Z,Glycerolipid metabolism,A0A2K3DJ66_wild,CCCCCCCC/C=C\CCCCCCCC(=O)OC[C@H](COC(=O)CCCCCCC/C=C\CCCCCCCC)OC(=O)CCCCCCCCC/C=C\CCCCCC,0.584493041,-1.160216808,1.407728791
arm_TAGAH1819Z18111Z1819Z,Glycerolipid metabolism,A0A2K3DJA9_wild,O,1.298353791,-0.23264727,0.978991866
arm_TAGAH1819Z18111Z1819Z,Glycerolipid metabolism,A0A2K3DJA9_wild,CCCCCCCC/C=C\CCCCCCCC(=O)OC[C@H](COC(=O)CCCCCCC/C=C\CCCCCCCC)OC(=O)CCCCCCCCC/C=C\CCCCCC,0.24491474,-1.014643669,0.978649616
arm_TAGAH1819Z18111Z1819Z,Glycerolipid metabolism,A0A2K3DNL2_wild,O,1.090560675,-0.6161834,1.18495059
arm_TAGAH1819Z18111Z1819Z,Glycerolipid metabolism,A0A2K3DNL2_wild,CCCCCCCC/C=C\CCCCCCCC(=O)OC[C@H](COC(=O)CCCCCCC/C=C\CCCCCCCC)OC(=O)CCCCCCCCC/C=C\CCCCCC,-0.060600348,-1.660286307,1.403712273
arm_TAGAH1819Z18111Z1819Z,Glycerolipid metabolism,A0A2K3DSP4_wild,O,1.604065537,0.430392563,0.748819232
arm_TAGAH1819Z18111Z1819Z,Glycerolipid metabolism,A0A2K3DSP4_wild,CCCCCCCC/C=C\CCCCCCCC(=O)OC[C@H](COC(=O)CCCCCCC/C=C\CCCCCCCC)OC(=O)CCCCCCCCC/C=C\CCCCCC,0.726269364,-0.585711598,0.962450862
arm_TAGAH1819Z18111Z1819Z,Glycerolipid metabolism,A0A2K3DV73_wild,O,1.299811959,-0.627304137,1.012681723
arm_TAGAH1819Z18111Z1819Z,Glycerolipid metabolism,A0A2K3DV73_wild,CCCCCCCC/C=C\CCCCCCCC(=O)OC[C@H](COC(=O)CCCCCCC/C=C\CCCCCCCC)OC(=O)CCCCCCCCC/C=C\CCCCCC,0.028045529,-1.650133491,1.15188241
arm_TAGAH1819Z18111Z1819Z,Glycerolipid metabolism,A0A2K3DYG4_wild,O,1.518248558,-0.670566797,1.197124243
arm_TAGAH1819Z18111Z1819Z,Glycerolipid metabolism,A0A2K3DYG4_wild,CCCCCCCC/C=C\CCCCCCCC(=O)OC[C@H](COC(=O)CCCCCCC/C=C\CCCCCCCC)OC(=O)CCCCCCCCC/C=C\CCCCCC,0.425392717,-1.633579254,1.285247087
arm_TAGAH1819Z18111Z1819Z,Glycerolipid metabolism,A0A2K3E4U8_wild,O,1.536249161,0.210874319,1.361546159
arm_TAGAH1819Z18111Z1819Z,Glycerolipid metabolism,A0A2K3E4U8_wild,CCCCCCCC/C=C\CCCCCCCC(=O)OC[C@H](COC(=O)CCCCCCC/C=C\CCCCCCCC)OC(=O)CCCCCCCCC/C=C\CCCCCC,0.62351054,-0.527546525,1.322333097
arm_TAGAH1819Z18111Z1819Z,Glycerolipid metabolism,A8J056_wild,O,2.119389534,-0.033908162,1.762816668
arm_TAGAH1819Z18111Z1819Z,Glycerolipid metabolism,A8J056_wild,CCCCCCCC/C=C\CCCCCCCC(=O)OC[C@H](COC(=O)CCCCCCC/C=C\CCCCCCCC)OC(=O)CCCCCCCCC/C=C\CCCCCC,1.228210092,-0.549631715,1.688114405
arm_TAGAH1819Z18111Z1835Z9Z12Z,Glycerolipid metabolism,A0A2K3CNS0_wild,O,1.674396753,-0.391487539,1.393553734
arm_TAGAH1819Z18111Z1835Z9Z12Z,Glycerolipid metabolism,A0A2K3CNS0_wild,CCCCCCCC/C=C\CCCCCCCC(=O)OC[C@H](COC(=O)CCC/C=C\CC/C=C\C/C=C\CCCCC)OC(=O)CCCCCCCCC/C=C\CCCCCC,0.326080739,-1.73493886,1.439543962
arm_TAGAH1819Z18111Z1835Z9Z12Z,Glycerolipid metabolism,A0A2K3CNU4_wild,O,1.318306327,-0.347388625,0.713401675
arm_TAGAH1819Z18111Z1835Z9Z12Z,Glycerolipid metabolism,A0A2K3CNU4_wild,CCCCCCCC/C=C\CCCCCCCC(=O)OC[C@H](COC(=O)CCC/C=C\CC/C=C\C/C=C\CCCCC)OC(=O)CCCCCCCCC/C=C\CCCCCC,-0.114576235,-1.519103408,0.88263309
arm_TAGAH1819Z18111Z1835Z9Z12Z,Glycerolipid metabolism,A0A2K3CX99_wild,O,1.983316779,0.080360517,1.200588346
arm_TAGAH1819Z18111Z1835Z9Z12Z,Glycerolipid metabolism,A0A2K3CX99_wild,CCCCCCCC/C=C\CCCCCCCC(=O)OC[C@H](COC(=O)CCC/C=C\CC/C=C\C/C=C\CCCCC)OC(=O)CCCCCCCCC/C=C\CCCCCC,0.835856438,-0.840539753,1.11200428
arm_TAGAH1819Z18111Z1835Z9Z12Z,Glycerolipid metabolism,A0A2K3CXJ3_wild,O,1.674777746,0.549110055,0.858112693
arm_TAGAH1819Z18111Z1835Z9Z12Z,Glycerolipid metabolism,A0A2K3CXJ3_wild,CCCCCCCC/C=C\CCCCCCCC(=O)OC[C@H](COC(=O)CCC/C=C\CC/C=C\C/C=C\CCCCC)OC(=O)CCCCCCCCC/C=C\CCCCCC,0.694658279,-0.496059835,0.774081111
arm_TAGAH1819Z18111Z1835Z9Z12Z,Glycerolipid metabolism,A0A2K3D3D3_wild,O,2.215553522,-0.069598481,1.319882751
arm_TAGAH1819Z18111Z1835Z9Z12Z,Glycerolipid metabolism,A0A2K3D3D3_wild,CCCCCCCC/C=C\CCCCCCCC(=O)OC[C@H](COC(=O)CCC/C=C\CC/C=C\C/C=C\CCCCC)OC(=O)CCCCCCCCC/C=C\CCCCCC,0.988094032,-1.337662458,1.455466747
arm_TAGAH1819Z18111Z1835Z9Z12Z,Glycerolipid metabolism,A0A2K3D710_wild,O,1.083993793,-0.499323994,0.597153485
arm_TAGAH1819Z18111Z1835Z9Z12Z,Glycerolipid metabolism,A0A2K3D710_wild,CCCCCCCC/C=C\CCCCCCCC(=O)OC[C@H](COC(=O)CCC/C=C\CC/C=C\C/C=C\CCCCC)OC(=O)CCCCCCCCC/C=C\CCCCCC,-0.209004968,-1.694248199,0.580542684
arm_TAGAH1819Z18111Z1835Z9Z12Z,Glycerolipid metabolism,A0A2K3D712_wild,O,1.086323023,-0.500079513,0.601320088
arm_TAGAH1819Z18111Z1835Z9Z12Z,Glycerolipid metabolism,A0A2K3D712_wild,CCCCCCCC/C=C\CCCCCCCC(=O)OC[C@H](COC(=O)CCC/C=C\CC/C=C\C/C=C\CCCCC)OC(=O)CCCCCCCCC/C=C\CCCCCC,-0.21415253,-1.700563669,0.588601291
arm_TAGAH1819Z18111Z1835Z9Z12Z,Glycerolipid metabolism,A0A2K3DJ66_wild,O,1.498929977,-0.405866474,1.3382442
arm_TAGAH1819Z18111Z1835Z9Z12Z,Glycerolipid metabolism,A0A2K3DJ66_wild,CCCCCCCC/C=C\CCCCCCCC(=O)OC[C@H](COC(=O)CCC/C=C\CC/C=C\C/C=C\CCCCC)OC(=O)CCCCCCCCC/C=C\CCCCCC,0.340686202,-1.404683828,1.341404319
arm_TAGAH1819Z18111Z1835Z9Z12Z,Glycerolipid metabolism,A0A2K3DJA9_wild,O,1.298353791,-0.23264727,0.978991866
arm_TAGAH1819Z18111Z1835Z9Z12Z,Glycerolipid metabolism,A0A2K3DJA9_wild,CCCCCCCC/C=C\CCCCCCCC(=O)OC[C@H](COC(=O)CCC/C=C\CC/C=C\C/C=C\CCCCC)OC(=O)CCCCCCCCC/C=C\CCCCCC,0.006959976,-1.25324297,0.924295425
arm_TAGAH1819Z18111Z1835Z9Z12Z,Glycerolipid metabolism,A0A2K3DNL2_wild,O,1.090560675,-0.6161834,1.18495059
arm_TAGAH1819Z18111Z1835Z9Z12Z,Glycerolipid metabolism,A0A2K3DNL2_wild,CCCCCCCC/C=C\CCCCCCCC(=O)OC[C@H](COC(=O)CCC/C=C\CC/C=C\C/C=C\CCCCC)OC(=O)CCCCCCCCC/C=C\CCCCCC,-0.288447082,-1.887954473,1.330617666
arm_TAGAH1819Z18111Z1835Z9Z12Z,Glycerolipid metabolism,A0A2K3DSP4_wild,O,1.604065537,0.430392563,0.748819232
arm_TAGAH1819Z18111Z1835Z9Z12Z,Glycerolipid metabolism,A0A2K3DSP4_wild,CCCCCCCC/C=C\CCCCCCCC(=O)OC[C@H](COC(=O)CCC/C=C\CC/C=C\C/C=C\CCCCC)OC(=O)CCCCCCCCC/C=C\CCCCCC,0.476421744,-0.796393514,0.885090947
arm_TAGAH1819Z18111Z1835Z9Z12Z,Glycerolipid metabolism,A0A2K3DV73_wild,O,1.299811959,-0.627304137,1.012681723
arm_TAGAH1819Z18111Z1835Z9Z12Z,Glycerolipid metabolism,A0A2K3DV73_wild,CCCCCCCC/C=C\CCCCCCCC(=O)OC[C@H](COC(=O)CCC/C=C\CC/C=C\C/C=C\CCCCC)OC(=O)CCCCCCCCC/C=C\CCCCCC,-0.190647155,-1.857568026,1.086621284
arm_TAGAH1819Z18111Z1835Z9Z12Z,Glycerolipid metabolism,A0A2K3DYG4_wild,O,1.518248558,-0.670566797,1.197124243
arm_TAGAH1819Z18111Z1835Z9Z12Z,Glycerolipid metabolism,A0A2K3DYG4_wild,CCCCCCCC/C=C\CCCCCCCC(=O)OC[C@H](COC(=O)CCC/C=C\CC/C=C\C/C=C\CCCCC)OC(=O)CCCCCCCCC/C=C\CCCCCC,0.191737622,-1.881379724,1.208174706
arm_TAGAH1819Z18111Z1835Z9Z12Z,Glycerolipid metabolism,A0A2K3E4U8_wild,O,1.536249161,0.210874319,1.361546159
arm_TAGAH1819Z18111Z1835Z9Z12Z,Glycerolipid metabolism,A0A2K3E4U8_wild,CCCCCCCC/C=C\CCCCCCCC(=O)OC[C@H](COC(=O)CCC/C=C\CC/C=C\C/C=C\CCCCC)OC(=O)CCCCCCCCC/C=C\CCCCCC,0.408052355,-0.752631724,1.2619133
arm_TAGAH1819Z18111Z1835Z9Z12Z,Glycerolipid metabolism,A8J056_wild,O,2.119389534,-0.033908162,1.762816668
arm_TAGAH1819Z18111Z1835Z9Z12Z,Glycerolipid metabolism,A8J056_wild,CCCCCCCC/C=C\CCCCCCCC(=O)OC[C@H](COC(=O)CCC/C=C\CC/C=C\C/C=C\CCCCC)OC(=O)CCCCCCCCC/C=C\CCCCCC,0.96386832,-0.782090247,1.618642211
arm_TAGAH1819Z18111Z1845Z9Z12Z15Z,Glycerolipid metabolism,A0A2K3CNS0_wild,O,1.674396753,-0.391487539,1.393553734
arm_TAGAH1819Z18111Z1845Z9Z12Z15Z,Glycerolipid metabolism,A0A2K3CNS0_wild,CCCCCCCC/C=C\CCCCCCCC(=O)OC[C@H](COC(=O)CCC/C=C\CC/C=C\C/C=C\C/C=C\CC)OC(=O)CCCCCCCCC/C=C\CCCCCC,0.311224729,-1.804657578,1.449868798
arm_TAGAH1819Z18111Z1845Z9Z12Z15Z,Glycerolipid metabolism,A0A2K3CNU4_wild,O,1.318306327,-0.347388625,0.713401675
arm_TAGAH1819Z18111Z1845Z9Z12Z15Z,Glycerolipid metabolism,A0A2K3CNU4_wild,CCCCCCCC/C=C\CCCCCCCC(=O)OC[C@H](COC(=O)CCC/C=C\CC/C=C\C/C=C\C/C=C\CC)OC(=O)CCCCCCCCC/C=C\CCCCCC,-0.096287623,-1.60505271,0.908349872
arm_TAGAH1819Z18111Z1845Z9Z12Z15Z,Glycerolipid metabolism,A0A2K3CX99_wild,O,1.983316779,0.080360517,1.200588346
arm_TAGAH1819Z18111Z1845Z9Z12Z15Z,Glycerolipid metabolism,A0A2K3CX99_wild,CCCCCCCC/C=C\CCCCCCCC(=O)OC[C@H](COC(=O)CCC/C=C\CC/C=C\C/C=C\C/C=C\CC)OC(=O)CCCCCCCCC/C=C\CCCCCC,0.789883375,-0.898982823,1.103448629
arm_TAGAH1819Z18111Z1845Z9Z12Z15Z,Glycerolipid metabolism,A0A2K3CXJ3_wild,O,1.674777746,0.549110055,0.858112693
arm_TAGAH1819Z18111Z1845Z9Z12Z15Z,Glycerolipid metabolism,A0A2K3CXJ3_wild,CCCCCCCC/C=C\CCCCCCCC(=O)OC[C@H](COC(=O)CCC/C=C\CC/C=C\C/C=C\C/C=C\CC)OC(=O)CCCCCCCCC/C=C\CCCCCC,0.668683469,-0.551846385,0.77598387
arm_TAGAH1819Z18111Z1845Z9Z12Z15Z,Glycerolipid metabolism,A0A2K3D3D3_wild,O,2.215553522,-0.069598481,1.319882751
arm_TAGAH1819Z18111Z1845Z9Z12Z15Z,Glycerolipid metabolism,A0A2K3D3D3_wild,CCCCCCCC/C=C\CCCCCCCC(=O)OC[C@H](COC(=O)CCC/C=C\CC/C=C\C/C=C\C/C=C\CC)OC(=O)CCCCCCCCC/C=C\CCCCCC,0.966392815,-1.388455391,1.465262651
arm_TAGAH1819Z18111Z1845Z9Z12Z15Z,Glycerolipid metabolism,A0A2K3D710_wild,O,1.083993793,-0.499323994,0.597153485
arm_TAGAH1819Z18111Z1845Z9Z12Z15Z,Glycerolipid metabolism,A0A2K3D710_wild,CCCCCCCC/C=C\CCCCCCCC(=O)OC[C@H](COC(=O)CCC/C=C\CC/C=C\C/C=C\C/C=C\CC)OC(=O)CCCCCCCCC/C=C\CCCCCC,-0.210400581,-1.750333548,0.613634586
arm_TAGAH1819Z18111Z1845Z9Z12Z15Z,Glycerolipid metabolism,A0A2K3D712_wild,O,1.086323023,-0.500079513,0.601320088
arm_TAGAH1819Z18111Z1845Z9Z12Z15Z,Glycerolipid metabolism,A0A2K3D712_wild,CCCCCCCC/C=C\CCCCCCCC(=O)OC[C@H](COC(=O)CCC/C=C\CC/C=C\C/C=C\C/C=C\CC)OC(=O)CCCCCCCCC/C=C\CCCCCC,-0.214978129,-1.755678892,0.621053576
arm_TAGAH1819Z18111Z1845Z9Z12Z15Z,Glycerolipid metabolism,A0A2K3DJ66_wild,O,1.498929977,-0.405866474,1.3382442
arm_TAGAH1819Z18111Z1845Z9Z12Z15Z,Glycerolipid metabolism,A0A2K3DJ66_wild,CCCCCCCC/C=C\CCCCCCCC(=O)OC[C@H](COC(=O)CCC/C=C\CC/C=C\C/C=C\C/C=C\CC)OC(=O)CCCCCCCCC/C=C\CCCCCC,0.325102746,-1.458861351,1.360175371
arm_TAGAH1819Z18111Z1845Z9Z12Z15Z,Glycerolipid metabolism,A0A2K3DJA9_wild,O,1.298353791,-0.23264727,0.978991866
arm_TAGAH1819Z18111Z1845Z9Z12Z15Z,Glycerolipid metabolism,A0A2K3DJA9_wild,CCCCCCCC/C=C\CCCCCCCC(=O)OC[C@H](COC(=O)CCC/C=C\CC/C=C\C/C=C\C/C=C\CC)OC(=O)CCCCCCCCC/C=C\CCCCCC,0.007989938,-1.313728094,0.954646587
arm_TAGAH1819Z18111Z1845Z9Z12Z15Z,Glycerolipid metabolism,A0A2K3DNL2_wild,O,1.090560675,-0.6161834,1.18495059
arm_TAGAH1819Z18111Z1845Z9Z12Z15Z,Glycerolipid metabolism,A0A2K3DNL2_wild,CCCCCCCC/C=C\CCCCCCCC(=O)OC[C@H](COC(=O)CCC/C=C\CC/C=C\C/C=C\C/C=C\CC)OC(=O)CCCCCCCCC/C=C\CCCCCC,-0.277481288,-1.938441873,1.369187713
arm_TAGAH1819Z18111Z1845Z9Z12Z15Z,Glycerolipid metabolism,A0A2K3DSP4_wild,O,1.604065537,0.430392563,0.748819232
arm_TAGAH1819Z18111Z1845Z9Z12Z15Z,Glycerolipid metabolism,A0A2K3DSP4_wild,CCCCCCCC/C=C\CCCCCCCC(=O)OC[C@H](COC(=O)CCC/C=C\CC/C=C\C/C=C\C/C=C\CC)OC(=O)CCCCCCCCC/C=C\CCCCCC,0.45230332,-0.858657002,0.887313366
arm_TAGAH1819Z18111Z1845Z9Z12Z15Z,Glycerolipid metabolism,A0A2K3DV73_wild,O,1.299811959,-0.627304137,1.012681723
arm_TAGAH1819Z18111Z1845Z9Z12Z15Z,Glycerolipid metabolism,A0A2K3DV73_wild,CCCCCCCC/C=C\CCCCCCCC(=O)OC[C@H](COC(=O)CCC/C=C\CC/C=C\C/C=C\C/C=C\CC)OC(=O)CCCCCCCCC/C=C\CCCCCC,-0.174168736,-1.915459871,1.112661004
arm_TAGAH1819Z18111Z1845Z9Z12Z15Z,Glycerolipid metabolism,A0A2K3DYG4_wild,O,1.518248558,-0.670566797,1.197124243
arm_TAGAH1819Z18111Z1845Z9Z12Z15Z,Glycerolipid metabolism,A0A2K3DYG4_wild,CCCCCCCC/C=C\CCCCCCCC(=O)OC[C@H](COC(=O)CCC/C=C\CC/C=C\C/C=C\C/C=C\CC)OC(=O)CCCCCCCCC/C=C\CCCCCC,0.204645202,-1.948562622,1.232334733
arm_TAGAH1819Z18111Z1845Z9Z12Z15Z,Glycerolipid metabolism,A0A2K3E4U8_wild,O,1.536249161,0.210874319,1.361546159
arm_TAGAH1819Z18111Z1845Z9Z12Z15Z,Glycerolipid metabolism,A0A2K3E4U8_wild,CCCCCCCC/C=C\CCCCCCCC(=O)OC[C@H](COC(=O)CCC/C=C\CC/C=C\C/C=C\C/C=C\CC)OC(=O)CCCCCCCCC/C=C\CCCCCC,0.37746188,-0.793524265,1.258332014
arm_TAGAH1819Z18111Z1845Z9Z12Z15Z,Glycerolipid metabolism,A8J056_wild,O,2.119389534,-0.033908162,1.762816668
arm_TAGAH1819Z18111Z1845Z9Z12Z15Z,Glycerolipid metabolism,A8J056_wild,CCCCCCCC/C=C\CCCCCCCC(=O)OC[C@H](COC(=O)CCC/C=C\CC/C=C\C/C=C\C/C=C\CC)OC(=O)CCCCCCCCC/C=C\CCCCCC,0.912751079,-0.851872444,1.610957503
arm_TAGAH1819Z1819Z160,Glycerolipid metabolism,A0A2K3CNS0_wild,O,1.674396753,-0.391487539,1.393553734
arm_TAGAH1819Z1819Z160,Glycerolipid metabolism,A0A2K3CNS0_wild,CCCCCCCC/C=C\CCCCCCCC(=O)OC[C@H](COC(=O)CCCCCCCCCCCCCCC)OC(=O)CCCCCCC/C=C\CCCCCCCC,0.478242308,-1.34271884,1.336131811
arm_TAGAH1819Z1819Z160,Glycerolipid metabolism,A0A2K3CNU4_wild,O,1.318306327,-0.347388625,0.713401675
arm_TAGAH1819Z1819Z160,Glycerolipid metabolism,A0A2K3CNU4_wild,CCCCCCCC/C=C\CCCCCCCC(=O)OC[C@H](COC(=O)CCCCCCCCCCCCCCC)OC(=O)CCCCCCC/C=C\CCCCCCCC,-3.79E-05,-1.086036921,0.807253063
arm_TAGAH1819Z1819Z160,Glycerolipid metabolism,A0A2K3CX99_wild,O,1.983316779,0.080360517,1.200588346
arm_TAGAH1819Z1819Z160,Glycerolipid metabolism,A0A2K3CX99_wild,CCCCCCCC/C=C\CCCCCCCC(=O)OC[C@H](COC(=O)CCCCCCCCCCCCCCC)OC(=O)CCCCCCC/C=C\CCCCCCCC,1.046099424,-0.401230037,1.023305655
arm_TAGAH1819Z1819Z160,Glycerolipid metabolism,A0A2K3CXJ3_wild,O,1.674777746,0.549110055,0.858112693
arm_TAGAH1819Z1819Z160,Glycerolipid metabolism,A0A2K3CXJ3_wild,CCCCCCCC/C=C\CCCCCCCC(=O)OC[C@H](COC(=O)CCCCCCCCCCCCCCC)OC(=O)CCCCCCC/C=C\CCCCCCCC,0.864407182,-0.146757513,0.656051755
arm_TAGAH1819Z1819Z160,Glycerolipid metabolism,A0A2K3D3D3_wild,O,2.215553522,-0.069598481,1.319882751
arm_TAGAH1819Z1819Z160,Glycerolipid metabolism,A0A2K3D3D3_wild,CCCCCCCC/C=C\CCCCCCCC(=O)OC[C@H](COC(=O)CCCCCCCCCCCCCCC)OC(=O)CCCCCCC/C=C\CCCCCCCC,1.163301229,-0.89145267,1.349784136
arm_TAGAH1819Z1819Z160,Glycerolipid metabolism,A0A2K3D710_wild,O,1.083993793,-0.499323994,0.597153485
arm_TAGAH1819Z1819Z160,Glycerolipid metabolism,A0A2K3D710_wild,CCCCCCCC/C=C\CCCCCCCC(=O)OC[C@H](COC(=O)CCCCCCCCCCCCCCC)OC(=O)CCCCCCC/C=C\CCCCCCCC,-0.073204875,-1.266792059,0.486403137
arm_TAGAH1819Z1819Z160,Glycerolipid metabolism,A0A2K3D712_wild,O,1.086323023,-0.500079513,0.601320088
arm_TAGAH1819Z1819Z160,Glycerolipid metabolism,A0A2K3D712_wild,CCCCCCCC/C=C\CCCCCCCC(=O)OC[C@H](COC(=O)CCCCCCCCCCCCCCC)OC(=O)CCCCCCC/C=C\CCCCCCCC,-0.076420113,-1.272263765,0.495150656
arm_TAGAH1819Z1819Z160,Glycerolipid metabolism,A0A2K3DJ66_wild,O,1.498929977,-0.405866474,1.3382442
arm_TAGAH1819Z1819Z160,Glycerolipid metabolism,A0A2K3DJ66_wild,CCCCCCCC/C=C\CCCCCCCC(=O)OC[C@H](COC(=O)CCCCCCCCCCCCCCC)OC(=O)CCCCCCC/C=C\CCCCCCCC,0.519354641,-0.98573029,1.246121883
arm_TAGAH1819Z1819Z160,Glycerolipid metabolism,A0A2K3DJA9_wild,O,1.298353791,-0.23264727,0.978991866
arm_TAGAH1819Z1819Z160,Glycerolipid metabolism,A0A2K3DJA9_wild,CCCCCCCC/C=C\CCCCCCCC(=O)OC[C@H](COC(=O)CCCCCCCCCCCCCCC)OC(=O)CCCCCCC/C=C\CCCCCCCC,0.174321458,-0.843085647,0.838233292
arm_TAGAH1819Z1819Z160,Glycerolipid metabolism,A0A2K3DNL2_wild,O,1.090560675,-0.6161834,1.18495059
arm_TAGAH1819Z1819Z160,Glycerolipid metabolism,A0A2K3DNL2_wild,CCCCCCCC/C=C\CCCCCCCC(=O)OC[C@H](COC(=O)CCCCCCCCCCCCCCC)OC(=O)CCCCCCC/C=C\CCCCCCCC,-0.126136452,-1.484946132,1.277073264
arm_TAGAH1819Z1819Z160,Glycerolipid metabolism,A0A2K3DSP4_wild,O,1.604065537,0.430392563,0.748819232
arm_TAGAH1819Z1819Z160,Glycerolipid metabolism,A0A2K3DSP4_wild,CCCCCCCC/C=C\CCCCCCCC(=O)OC[C@H](COC(=O)CCCCCCCCCCCCCCC)OC(=O)CCCCCCC/C=C\CCCCCCCC,0.651282549,-0.369743288,0.790080607
arm_TAGAH1819Z1819Z160,Glycerolipid metabolism,A0A2K3DV73_wild,O,1.299811959,-0.627304137,1.012681723
arm_TAGAH1819Z1819Z160,Glycerolipid metabolism,A0A2K3DV73_wild,CCCCCCCC/C=C\CCCCCCCC(=O)OC[C@H](COC(=O)CCCCCCCCCCCCCCC)OC(=O)CCCCCCC/C=C\CCCCCCCC,-0.02081362,-1.46105504,1.001849771
arm_TAGAH1819Z1819Z160,Glycerolipid metabolism,A0A2K3DYG4_wild,O,1.518248558,-0.670566797,1.197124243
arm_TAGAH1819Z1819Z160,Glycerolipid metabolism,A0A2K3DYG4_wild,CCCCCCCC/C=C\CCCCCCCC(=O)OC[C@H](COC(=O)CCCCCCCCCCCCCCC)OC(=O)CCCCCCC/C=C\CCCCCCCC,0.365073442,-1.435821295,1.15188086
arm_TAGAH1819Z1819Z160,Glycerolipid metabolism,A0A2K3E4U8_wild,O,1.536249161,0.210874319,1.361546159
arm_TAGAH1819Z1819Z160,Glycerolipid metabolism,A0A2K3E4U8_wild,CCCCCCCC/C=C\CCCCCCCC(=O)OC[C@H](COC(=O)CCCCCCCCCCCCCCC)OC(=O)CCCCCCC/C=C\CCCCCCCC,0.547361195,-0.365800947,1.158189535
arm_TAGAH1819Z1819Z160,Glycerolipid metabolism,A8J056_wild,O,2.119389534,-0.033908162,1.762816668
arm_TAGAH1819Z1819Z160,Glycerolipid metabolism,A8J056_wild,CCCCCCCC/C=C\CCCCCCCC(=O)OC[C@H](COC(=O)CCCCCCCCCCCCCCC)OC(=O)CCCCCCC/C=C\CCCCCCCC,1.154551268,-0.396316081,1.537118793
arm_TAGAH1819Z1819Z180,Glycerolipid metabolism,A0A2K3CNS0_wild,O,1.674396753,-0.391487539,1.393553734
arm_TAGAH1819Z1819Z180,Glycerolipid metabolism,A0A2K3CNS0_wild,CCCCCCCC/C=C\CCCCCCCC(=O)OC[C@H](COC(=O)CCCCCCCCCCCCCCCCC)OC(=O)CCCCCCC/C=C\CCCCCCCC,0.508473277,-1.270371437,1.327996492
arm_TAGAH1819Z1819Z180,Glycerolipid metabolism,A0A2K3CNU4_wild,O,1.318306327,-0.347388625,0.713401675
arm_TAGAH1819Z1819Z180,Glycerolipid metabolism,A0A2K3CNU4_wild,CCCCCCCC/C=C\CCCCCCCC(=O)OC[C@H](COC(=O)CCCCCCCCCCCCCCCCC)OC(=O)CCCCCCC/C=C\CCCCCCCC,0.021179056,-1.001543283,0.799178779
arm_TAGAH1819Z1819Z180,Glycerolipid metabolism,A0A2K3CX99_wild,O,1.983316779,0.080360517,1.200588346
arm_TAGAH1819Z1819Z180,Glycerolipid metabolism,A0A2K3CX99_wild,CCCCCCCC/C=C\CCCCCCCC(=O)OC[C@H](COC(=O)CCCCCCCCCCCCCCCCC)OC(=O)CCCCCCC/C=C\CCCCCCCC,1.078236818,-0.330649078,1.026643872
arm_TAGAH1819Z1819Z180,Glycerolipid metabolism,A0A2K3CXJ3_wild,O,1.674777746,0.549110055,0.858112693
arm_TAGAH1819Z1819Z180,Glycerolipid metabolism,A0A2K3CXJ3_wild,CCCCCCCC/C=C\CCCCCCCC(=O)OC[C@H](COC(=O)CCCCCCCCCCCCCCCCC)OC(=O)CCCCCCC/C=C\CCCCCCCC,0.890150666,-0.071980536,0.654178262
arm_TAGAH1819Z1819Z180,Glycerolipid metabolism,A0A2K3D3D3_wild,O,2.215553522,-0.069598481,1.319882751
arm_TAGAH1819Z1819Z180,Glycerolipid metabolism,A0A2K3D3D3_wild,CCCCCCCC/C=C\CCCCCCCC(=O)OC[C@H](COC(=O)CCCCCCCCCCCCCCCCC)OC(=O)CCCCCCC/C=C\CCCCCCCC,1.197698593,-0.824176013,1.344606519
arm_TAGAH1819Z1819Z180,Glycerolipid metabolism,A0A2K3D710_wild,O,1.083993793,-0.499323994,0.597153485
arm_TAGAH1819Z1819Z180,Glycerolipid metabolism,A0A2K3D710_wild,CCCCCCCC/C=C\CCCCCCCC(=O)OC[C@H](COC(=O)CCCCCCCCCCCCCCCCC)OC(=O)CCCCCCC/C=C\CCCCCCCC,-0.048248682,-1.179990053,0.482252508
arm_TAGAH1819Z1819Z180,Glycerolipid metabolism,A0A2K3D712_wild,O,1.086323023,-0.500079513,0.601320088
arm_TAGAH1819Z1819Z180,Glycerolipid metabolism,A0A2K3D712_wild,CCCCCCCC/C=C\CCCCCCCC(=O)OC[C@H](COC(=O)CCCCCCCCCCCCCCCCC)OC(=O)CCCCCCC/C=C\CCCCCCCC,-0.051599395,-1.185343742,0.49083963
arm_TAGAH1819Z1819Z180,Glycerolipid metabolism,A0A2K3DJ66_wild,O,1.498929977,-0.405866474,1.3382442
arm_TAGAH1819Z1819Z180,Glycerolipid metabolism,A0A2K3DJ66_wild,CCCCCCCC/C=C\CCCCCCCC(=O)OC[C@H](COC(=O)CCCCCCCCCCCCCCCCC)OC(=O)CCCCCCC/C=C\CCCCCCCC,0.530878186,-0.913454056,1.237120271
arm_TAGAH1819Z1819Z180,Glycerolipid metabolism,A0A2K3DJA9_wild,O,1.298353791,-0.23264727,0.978991866
arm_TAGAH1819Z1819Z180,Glycerolipid metabolism,A0A2K3DJA9_wild,CCCCCCCC/C=C\CCCCCCCC(=O)OC[C@H](COC(=O)CCCCCCCCCCCCCCCCC)OC(=O)CCCCCCC/C=C\CCCCCCCC,0.19482258,-0.771011651,0.829857826
arm_TAGAH1819Z1819Z180,Glycerolipid metabolism,A0A2K3DNL2_wild,O,1.090560675,-0.6161834,1.18495059
arm_TAGAH1819Z1819Z180,Glycerolipid metabolism,A0A2K3DNL2_wild,CCCCCCCC/C=C\CCCCCCCC(=O)OC[C@H](COC(=O)CCCCCCCCCCCCCCCCC)OC(=O)CCCCCCC/C=C\CCCCCCCC,-0.109946944,-1.406475306,1.264416456
arm_TAGAH1819Z1819Z180,Glycerolipid metabolism,A0A2K3DSP4_wild,O,1.604065537,0.430392563,0.748819232
arm_TAGAH1819Z1819Z180,Glycerolipid metabolism,A0A2K3DSP4_wild,CCCCCCCC/C=C\CCCCCCCC(=O)OC[C@H](COC(=O)CCCCCCCCCCCCCCCCC)OC(=O)CCCCCCC/C=C\CCCCCCCC,0.679172218,-0.293749899,0.782320976
arm_TAGAH1819Z1819Z180,Glycerolipid metabolism,A0A2K3DV73_wild,O,1.299811959,-0.627304137,1.012681723
arm_TAGAH1819Z1819Z180,Glycerolipid metabolism,A0A2K3DV73_wild,CCCCCCCC/C=C\CCCCCCCC(=O)OC[C@H](COC(=O)CCCCCCCCCCCCCCCCC)OC(=O)CCCCCCC/C=C\CCCCCCCC,-0.005457861,-1.38267982,0.987333655
arm_TAGAH1819Z1819Z180,Glycerolipid metabolism,A0A2K3DYG4_wild,O,1.518248558,-0.670566797,1.197124243
arm_TAGAH1819Z1819Z180,Glycerolipid metabolism,A0A2K3DYG4_wild,CCCCCCCC/C=C\CCCCCCCC(=O)OC[C@H](COC(=O)CCCCCCCCCCCCCCCCC)OC(=O)CCCCCCC/C=C\CCCCCCCC,0.390655011,-1.35635674,1.146053553
arm_TAGAH1819Z1819Z180,Glycerolipid metabolism,A0A2K3E4U8_wild,O,1.536249161,0.210874319,1.361546159
arm_TAGAH1819Z1819Z180,Glycerolipid metabolism,A0A2K3E4U8_wild,CCCCCCCC/C=C\CCCCCCCC(=O)OC[C@H](COC(=O)CCCCCCCCCCCCCCCCC)OC(=O)CCCCCCC/C=C\CCCCCCCC,0.573857367,-0.303968906,1.152323008
arm_TAGAH1819Z1819Z180,Glycerolipid metabolism,A8J056_wild,O,2.119389534,-0.033908162,1.762816668
arm_TAGAH1819Z1819Z180,Glycerolipid metabolism,A8J056_wild,CCCCCCCC/C=C\CCCCCCCC(=O)OC[C@H](COC(=O)CCCCCCCCCCCCCCCCC)OC(=O)CCCCCCC/C=C\CCCCCCCC,1.170718908,-0.334882438,1.536812901
arm_TAGAH1819Z1819Z18111Z,Glycerolipid metabolism,A0A2K3CNS0_wild,O,1.674396753,-0.391487539,1.393553734
arm_TAGAH1819Z1819Z18111Z,Glycerolipid metabolism,A0A2K3CNS0_wild,CCCCCCCC/C=C\CCCCCCCC(=O)OC[C@H](COC(=O)CCCCCCCCC/C=C\CCCCCC)OC(=O)CCCCCCC/C=C\CCCCCCCC,0.537382782,-1.540634871,1.491526961
arm_TAGAH1819Z1819Z18111Z,Glycerolipid metabolism,A0A2K3CNU4_wild,O,1.318306327,-0.347388625,0.713401675
arm_TAGAH1819Z1819Z18111Z,Glycerolipid metabolism,A0A2K3CNU4_wild,CCCCCCCC/C=C\CCCCCCCC(=O)OC[C@H](COC(=O)CCCCCCCCC/C=C\CCCCCC)OC(=O)CCCCCCC/C=C\CCCCCCCC,0.059298981,-1.275601864,0.940652728
arm_TAGAH1819Z1819Z18111Z,Glycerolipid metabolism,A0A2K3CX99_wild,O,1.983316779,0.080360517,1.200588346
arm_TAGAH1819Z1819Z18111Z,Glycerolipid metabolism,A0A2K3CX99_wild,CCCCCCCC/C=C\CCCCCCCC(=O)OC[C@H](COC(=O)CCCCCCCCC/C=C\CCCCCC)OC(=O)CCCCCCC/C=C\CCCCCCCC,1.069777608,-0.603687882,1.154451132
arm_TAGAH1819Z1819Z18111Z,Glycerolipid metabolism,A0A2K3CXJ3_wild,O,1.674777746,0.549110055,0.858112693
arm_TAGAH1819Z1819Z18111Z,Glycerolipid metabolism,A0A2K3CXJ3_wild,CCCCCCCC/C=C\CCCCCCCC(=O)OC[C@H](COC(=O)CCCCCCCCC/C=C\CCCCCC)OC(=O)CCCCCCC/C=C\CCCCCCCC,0.927292466,-0.312951654,0.812060475
arm_TAGAH1819Z1819Z18111Z,Glycerolipid metabolism,A0A2K3D3D3_wild,O,2.215553522,-0.069598481,1.319882751
arm_TAGAH1819Z1819Z18111Z,Glycerolipid metabolism,A0A2K3D3D3_wild,CCCCCCCC/C=C\CCCCCCCC(=O)OC[C@H](COC(=O)CCCCCCCCC/C=C\CCCCCC)OC(=O)CCCCCCC/C=C\CCCCCCCC,1.205982924,-1.097086191,1.498375297
arm_TAGAH1819Z1819Z18111Z,Glycerolipid metabolism,A0A2K3D710_wild,O,1.083993793,-0.499323994,0.597153485
arm_TAGAH1819Z1819Z18111Z,Glycerolipid metabolism,A0A2K3D710_wild,CCCCCCCC/C=C\CCCCCCCC(=O)OC[C@H](COC(=O)CCCCCCCCC/C=C\CCCCCC)OC(=O)CCCCCCC/C=C\CCCCCCCC,-0.028865173,-1.439550757,0.616791725
arm_TAGAH1819Z1819Z18111Z,Glycerolipid metabolism,A0A2K3D712_wild,O,1.086323023,-0.500079513,0.601320088
arm_TAGAH1819Z1819Z18111Z,Glycerolipid metabolism,A0A2K3D712_wild,CCCCCCCC/C=C\CCCCCCCC(=O)OC[C@H](COC(=O)CCCCCCCCC/C=C\CCCCCC)OC(=O)CCCCCCC/C=C\CCCCCCCC,-0.032981984,-1.443981528,0.624954998
arm_TAGAH1819Z1819Z18111Z,Glycerolipid metabolism,A0A2K3DJ66_wild,O,1.498929977,-0.405866474,1.3382442
arm_TAGAH1819Z1819Z18111Z,Glycerolipid metabolism,A0A2K3DJ66_wild,CCCCCCCC/C=C\CCCCCCCC(=O)OC[C@H](COC(=O)CCCCCCCCC/C=C\CCCCCC)OC(=O)CCCCCCC/C=C\CCCCCCCC,0.573396742,-1.157865882,1.396019578
arm_TAGAH1819Z1819Z18111Z,Glycerolipid metabolism,A0A2K3DJA9_wild,O,1.298353791,-0.23264727,0.978991866
arm_TAGAH1819Z1819Z18111Z,Glycerolipid metabolism,A0A2K3DJA9_wild,CCCCCCCC/C=C\CCCCCCCC(=O)OC[C@H](COC(=O)CCCCCCCCC/C=C\CCCCCC)OC(=O)CCCCCCC/C=C\CCCCCCCC,0.227767825,-1.019055963,0.964687526
arm_TAGAH1819Z1819Z18111Z,Glycerolipid metabolism,A0A2K3DNL2_wild,O,1.090560675,-0.6161834,1.18495059
arm_TAGAH1819Z1819Z18111Z,Glycerolipid metabolism,A0A2K3DNL2_wild,CCCCCCCC/C=C\CCCCCCCC(=O)OC[C@H](COC(=O)CCCCCCCCC/C=C\CCCCCC)OC(=O)CCCCCCC/C=C\CCCCCCCC,-0.078883931,-1.650537848,1.393595934
arm_TAGAH1819Z1819Z18111Z,Glycerolipid metabolism,A0A2K3DSP4_wild,O,1.604065537,0.430392563,0.748819232
arm_TAGAH1819Z1819Z18111Z,Glycerolipid metabolism,A0A2K3DSP4_wild,CCCCCCCC/C=C\CCCCCCCC(=O)OC[C@H](COC(=O)CCCCCCCCC/C=C\CCCCCC)OC(=O)CCCCCCC/C=C\CCCCCCCC,0.707431793,-0.577035308,0.943654239
arm_TAGAH1819Z1819Z18111Z,Glycerolipid metabolism,A0A2K3DV73_wild,O,1.299811959,-0.627304137,1.012681723
arm_TAGAH1819Z1819Z18111Z,Glycerolipid metabolism,A0A2K3DV73_wild,CCCCCCCC/C=C\CCCCCCCC(=O)OC[C@H](COC(=O)CCCCCCCCC/C=C\CCCCCC)OC(=O)CCCCCCC/C=C\CCCCCCCC,0.014685553,-1.647534966,1.140056133
arm_TAGAH1819Z1819Z18111Z,Glycerolipid metabolism,A0A2K3DYG4_wild,O,1.518248558,-0.670566797,1.197124243
arm_TAGAH1819Z1819Z18111Z,Glycerolipid metabolism,A0A2K3DYG4_wild,CCCCCCCC/C=C\CCCCCCCC(=O)OC[C@H](COC(=O)CCCCCCCCC/C=C\CCCCCC)OC(=O)CCCCCCC/C=C\CCCCCCCC,0.408172369,-1.630344987,1.276474237
arm_TAGAH1819Z1819Z18111Z,Glycerolipid metabolism,A0A2K3E4U8_wild,O,1.536249161,0.210874319,1.361546159
arm_TAGAH1819Z1819Z18111Z,Glycerolipid metabolism,A0A2K3E4U8_wild,CCCCCCCC/C=C\CCCCCCCC(=O)OC[C@H](COC(=O)CCCCCCCCC/C=C\CCCCCC)OC(=O)CCCCCCC/C=C\CCCCCCCC,0.618469596,-0.528862774,1.316570163
arm_TAGAH1819Z1819Z18111Z,Glycerolipid metabolism,A8J056_wild,O,2.119389534,-0.033908162,1.762816668
arm_TAGAH1819Z1819Z18111Z,Glycerolipid metabolism,A8J056_wild,CCCCCCCC/C=C\CCCCCCCC(=O)OC[C@H](COC(=O)CCCCCCCCC/C=C\CCCCCC)OC(=O)CCCCCCC/C=C\CCCCCCCC,1.222397327,-0.554960847,1.6812222
arm_TAGAH1819Z1819Z1819Z,Glycerolipid metabolism,A0A2K3CNS0_wild,O,1.674396753,-0.391487539,1.393553734
arm_TAGAH1819Z1819Z1819Z,Glycerolipid metabolism,A0A2K3CNS0_wild,CCCCCCCC/C=C\CCCCCCCC(=O)OC[C@H](COC(=O)CCCCCCC/C=C\CCCCCCCC)OC(=O)CCCCCCC/C=C\CCCCCCCC,0.574302316,-1.535165787,1.528407335
arm_TAGAH1819Z1819Z1819Z,Glycerolipid metabolism,A0A2K3CNU4_wild,O,1.318306327,-0.347388625,0.713401675
arm_TAGAH1819Z1819Z1819Z,Glycerolipid metabolism,A0A2K3CNU4_wild,CCCCCCCC/C=C\CCCCCCCC(=O)OC[C@H](COC(=O)CCCCCCC/C=C\CCCCCCCC)OC(=O)CCCCCCC/C=C\CCCCCCCC,0.093449436,-1.275725484,0.975826859
arm_TAGAH1819Z1819Z1819Z,Glycerolipid metabolism,A0A2K3CX99_wild,O,1.983316779,0.080360517,1.200588346
arm_TAGAH1819Z1819Z1819Z,Glycerolipid metabolism,A0A2K3CX99_wild,CCCCCCCC/C=C\CCCCCCCC(=O)OC[C@H](COC(=O)CCCCCCC/C=C\CCCCCCCC)OC(=O)CCCCCCC/C=C\CCCCCCCC,1.090117216,-0.606705546,1.202591181
arm_TAGAH1819Z1819Z1819Z,Glycerolipid metabolism,A0A2K3CXJ3_wild,O,1.674777746,0.549110055,0.858112693
arm_TAGAH1819Z1819Z1819Z,Glycerolipid metabolism,A0A2K3CXJ3_wild,CCCCCCCC/C=C\CCCCCCCC(=O)OC[C@H](COC(=O)CCCCCCC/C=C\CCCCCCCC)OC(=O)CCCCCCC/C=C\CCCCCCCC,0.954420269,-0.325124025,0.860982597
arm_TAGAH1819Z1819Z1819Z,Glycerolipid metabolism,A0A2K3D3D3_wild,O,2.215553522,-0.069598481,1.319882751
arm_TAGAH1819Z1819Z1819Z,Glycerolipid metabolism,A0A2K3D3D3_wild,CCCCCCCC/C=C\CCCCCCCC(=O)OC[C@H](COC(=O)CCCCCCC/C=C\CCCCCCCC)OC(=O)CCCCCCC/C=C\CCCCCCCC,1.233289719,-1.095903635,1.539910555
arm_TAGAH1819Z1819Z1819Z,Glycerolipid metabolism,A0A2K3D710_wild,O,1.083993793,-0.499323994,0.597153485
arm_TAGAH1819Z1819Z1819Z,Glycerolipid metabolism,A0A2K3D710_wild,CCCCCCCC/C=C\CCCCCCCC(=O)OC[C@H](COC(=O)CCCCCCC/C=C\CCCCCCCC)OC(=O)CCCCCCC/C=C\CCCCCCCC,-0.00244329,-1.439837337,0.655717492
arm_TAGAH1819Z1819Z1819Z,Glycerolipid metabolism,A0A2K3D712_wild,O,1.086323023,-0.500079513,0.601320088
arm_TAGAH1819Z1819Z1819Z,Glycerolipid metabolism,A0A2K3D712_wild,CCCCCCCC/C=C\CCCCCCCC(=O)OC[C@H](COC(=O)CCCCCCC/C=C\CCCCCCCC)OC(=O)CCCCCCC/C=C\CCCCCCCC,-0.006501266,-1.444572926,0.663822055
arm_TAGAH1819Z1819Z1819Z,Glycerolipid metabolism,A0A2K3DJ66_wild,O,1.498929977,-0.405866474,1.3382442
arm_TAGAH1819Z1819Z1819Z,Glycerolipid metabolism,A0A2K3DJ66_wild,CCCCCCCC/C=C\CCCCCCCC(=O)OC[C@H](COC(=O)CCCCCCC/C=C\CCCCCCCC)OC(=O)CCCCCCC/C=C\CCCCCCCC,0.591593742,-1.158974886,1.435801148
arm_TAGAH1819Z1819Z1819Z,Glycerolipid metabolism,A0A2K3DJA9_wild,O,1.298353791,-0.23264727,0.978991866
arm_TAGAH1819Z1819Z1819Z,Glycerolipid metabolism,A0A2K3DJA9_wild,CCCCCCCC/C=C\CCCCCCCC(=O)OC[C@H](COC(=O)CCCCCCC/C=C\CCCCCCCC)OC(=O)CCCCCCC/C=C\CCCCCCCC,0.259002566,-1.016226053,1.005747437
arm_TAGAH1819Z1819Z1819Z,Glycerolipid metabolism,A0A2K3DNL2_wild,O,1.090560675,-0.6161834,1.18495059
arm_TAGAH1819Z1819Z1819Z,Glycerolipid metabolism,A0A2K3DNL2_wild,CCCCCCCC/C=C\CCCCCCCC(=O)OC[C@H](COC(=O)CCCCCCC/C=C\CCCCCCCC)OC(=O)CCCCCCC/C=C\CCCCCCCC,-0.049472906,-1.654975533,1.429235816
arm_TAGAH1819Z1819Z1819Z,Glycerolipid metabolism,A0A2K3DSP4_wild,O,1.604065537,0.430392563,0.748819232
arm_TAGAH1819Z1819Z1819Z,Glycerolipid metabolism,A0A2K3DSP4_wild,CCCCCCCC/C=C\CCCCCCCC(=O)OC[C@H](COC(=O)CCCCCCC/C=C\CCCCCCCC)OC(=O)CCCCCCC/C=C\CCCCCCCC,0.73185575,-0.577721179,0.992250144
arm_TAGAH1819Z1819Z1819Z,Glycerolipid metabolism,A0A2K3DV73_wild,O,1.299811959,-0.627304137,1.012681723
arm_TAGAH1819Z1819Z1819Z,Glycerolipid metabolism,A0A2K3DV73_wild,CCCCCCCC/C=C\CCCCCCCC(=O)OC[C@H](COC(=O)CCCCCCC/C=C\CCCCCCCC)OC(=O)CCCCCCC/C=C\CCCCCCCC,0.047869839,-1.653615236,1.175570726
arm_TAGAH1819Z1819Z1819Z,Glycerolipid metabolism,A0A2K3DYG4_wild,O,1.518248558,-0.670566797,1.197124243
arm_TAGAH1819Z1819Z1819Z,Glycerolipid metabolism,A0A2K3DYG4_wild,CCCCCCCC/C=C\CCCCCCCC(=O)OC[C@H](COC(=O)CCCCCCC/C=C\CCCCCCCC)OC(=O)CCCCCCC/C=C\CCCCCCCC,0.439154804,-1.631955743,1.30632472
arm_TAGAH1819Z1819Z1819Z,Glycerolipid metabolism,A0A2K3E4U8_wild,O,1.536249161,0.210874319,1.361546159
arm_TAGAH1819Z1819Z1819Z,Glycerolipid metabolism,A0A2K3E4U8_wild,CCCCCCCC/C=C\CCCCCCCC(=O)OC[C@H](COC(=O)CCCCCCC/C=C\CCCCCCCC)OC(=O)CCCCCCC/C=C\CCCCCCCC,0.638326287,-0.528349042,1.364328623
arm_TAGAH1819Z1819Z1819Z,Glycerolipid metabolism,A8J056_wild,O,2.119389534,-0.033908162,1.762816668
arm_TAGAH1819Z1819Z1819Z,Glycerolipid metabolism,A8J056_wild,CCCCCCCC/C=C\CCCCCCCC(=O)OC[C@H](COC(=O)CCCCCCC/C=C\CCCCCCCC)OC(=O)CCCCCCC/C=C\CCCCCCCC,1.239092588,-0.562354445,1.728302717
arm_TAGAH1819Z1819Z1835Z9Z12Z,Glycerolipid metabolism,A0A2K3CNS0_wild,O,1.674396753,-0.391487539,1.393553734
arm_TAGAH1819Z1819Z1835Z9Z12Z,Glycerolipid metabolism,A0A2K3CNS0_wild,CCCCCCCC/C=C\CCCCCCCC(=O)OC[C@H](COC(=O)CCC/C=C\CC/C=C\C/C=C\CCCCC)OC(=O)CCCCCCC/C=C\CCCCCCCC,0.287669122,-1.724387527,1.419968367
arm_TAGAH1819Z1819Z1835Z9Z12Z,Glycerolipid metabolism,A0A2K3CNU4_wild,O,1.318306327,-0.347388625,0.713401675
arm_TAGAH1819Z1819Z1835Z9Z12Z,Glycerolipid metabolism,A0A2K3CNU4_wild,CCCCCCCC/C=C\CCCCCCCC(=O)OC[C@H](COC(=O)CCC/C=C\CC/C=C\C/C=C\CCCCC)OC(=O)CCCCCCC/C=C\CCCCCCCC,-0.15004833,-1.523029804,0.872003734
arm_TAGAH1819Z1819Z1835Z9Z12Z,Glycerolipid metabolism,A0A2K3CX99_wild,O,1.983316779,0.080360517,1.200588346
arm_TAGAH1819Z1819Z1835Z9Z12Z,Glycerolipid metabolism,A0A2K3CX99_wild,CCCCCCCC/C=C\CCCCCCCC(=O)OC[C@H](COC(=O)CCC/C=C\CC/C=C\C/C=C\CCCCC)OC(=O)CCCCCCC/C=C\CCCCCCCC,0.77702868,-0.835385978,1.099894524
arm_TAGAH1819Z1819Z1835Z9Z12Z,Glycerolipid metabolism,A0A2K3CXJ3_wild,O,1.674777746,0.549110055,0.858112693
arm_TAGAH1819Z1819Z1835Z9Z12Z,Glycerolipid metabolism,A0A2K3CXJ3_wild,CCCCCCCC/C=C\CCCCCCCC(=O)OC[C@H](COC(=O)CCC/C=C\CC/C=C\C/C=C\CCCCC)OC(=O)CCCCCCC/C=C\CCCCCCCC,0.640779793,-0.498496681,0.764326096
arm_TAGAH1819Z1819Z1835Z9Z12Z,Glycerolipid metabolism,A0A2K3D3D3_wild,O,2.215553522,-0.069598481,1.319882751
arm_TAGAH1819Z1819Z1835Z9Z12Z,Glycerolipid metabolism,A0A2K3D3D3_wild,CCCCCCCC/C=C\CCCCCCCC(=O)OC[C@H](COC(=O)CCC/C=C\CC/C=C\C/C=C\CCCCC)OC(=O)CCCCCCC/C=C\CCCCCCCC,0.9439255,-1.320547104,1.444090247
arm_TAGAH1819Z1819Z1835Z9Z12Z,Glycerolipid metabolism,A0A2K3D710_wild,O,1.083993793,-0.499323994,0.597153485
arm_TAGAH1819Z1819Z1835Z9Z12Z,Glycerolipid metabolism,A0A2K3D710_wild,CCCCCCCC/C=C\CCCCCCCC(=O)OC[C@H](COC(=O)CCC/C=C\CC/C=C\C/C=C\CCCCC)OC(=O)CCCCCCC/C=C\CCCCCCCC,-0.252631247,-1.683343887,0.574115455
arm_TAGAH1819Z1819Z1835Z9Z12Z,Glycerolipid metabolism,A0A2K3D712_wild,O,1.086323023,-0.500079513,0.601320088
arm_TAGAH1819Z1819Z1835Z9Z12Z,Glycerolipid metabolism,A0A2K3D712_wild,CCCCCCCC/C=C\CCCCCCCC(=O)OC[C@H](COC(=O)CCC/C=C\CC/C=C\C/C=C\CCCCC)OC(=O)CCCCCCC/C=C\CCCCCCCC,-0.257992238,-1.68929863,0.58198148
arm_TAGAH1819Z1819Z1835Z9Z12Z,Glycerolipid metabolism,A0A2K3DJ66_wild,O,1.498929977,-0.405866474,1.3382442
arm_TAGAH1819Z1819Z1835Z9Z12Z,Glycerolipid metabolism,A0A2K3DJ66_wild,CCCCCCCC/C=C\CCCCCCCC(=O)OC[C@H](COC(=O)CCC/C=C\CC/C=C\C/C=C\CCCCC)OC(=O)CCCCCCC/C=C\CCCCCCCC,0.293324858,-1.391194582,1.324511886
arm_TAGAH1819Z1819Z1835Z9Z12Z,Glycerolipid metabolism,A0A2K3DJA9_wild,O,1.298353791,-0.23264727,0.978991866
arm_TAGAH1819Z1819Z1835Z9Z12Z,Glycerolipid metabolism,A0A2K3DJA9_wild,CCCCCCCC/C=C\CCCCCCCC(=O)OC[C@H](COC(=O)CCC/C=C\CC/C=C\C/C=C\CCCCC)OC(=O)CCCCCCC/C=C\CCCCCCCC,-0.026236469,-1.245110035,0.91277808
arm_TAGAH1819Z1819Z1835Z9Z12Z,Glycerolipid metabolism,A0A2K3DNL2_wild,O,1.090560675,-0.6161834,1.18495059
arm_TAGAH1819Z1819Z1835Z9Z12Z,Glycerolipid metabolism,A0A2K3DNL2_wild,CCCCCCCC/C=C\CCCCCCCC(=O)OC[C@H](COC(=O)CCC/C=C\CC/C=C\C/C=C\CCCCC)OC(=O)CCCCCCC/C=C\CCCCCCCC,-0.326034009,-1.879294634,1.322516203
arm_TAGAH1819Z1819Z1835Z9Z12Z,Glycerolipid metabolism,A0A2K3DSP4_wild,O,1.604065537,0.430392563,0.748819232
arm_TAGAH1819Z1819Z1835Z9Z12Z,Glycerolipid metabolism,A0A2K3DSP4_wild,CCCCCCCC/C=C\CCCCCCCC(=O)OC[C@H](COC(=O)CCC/C=C\CC/C=C\C/C=C\CCCCC)OC(=O)CCCCCCC/C=C\CCCCCCCC,0.432026446,-0.78861618,0.874716163
arm_TAGAH1819Z1819Z1835Z9Z12Z,Glycerolipid metabolism,A0A2K3DV73_wild,O,1.299811959,-0.627304137,1.012681723
arm_TAGAH1819Z1819Z1835Z9Z12Z,Glycerolipid metabolism,A0A2K3DV73_wild,CCCCCCCC/C=C\CCCCCCCC(=O)OC[C@H](COC(=O)CCC/C=C\CC/C=C\C/C=C\CCCCC)OC(=O)CCCCCCC/C=C\CCCCCCCC,-0.220054239,-1.854263544,1.072769165
arm_TAGAH1819Z1819Z1835Z9Z12Z,Glycerolipid metabolism,A0A2K3DYG4_wild,O,1.518248558,-0.670566797,1.197124243
arm_TAGAH1819Z1819Z1835Z9Z12Z,Glycerolipid metabolism,A0A2K3DYG4_wild,CCCCCCCC/C=C\CCCCCCCC(=O)OC[C@H](COC(=O)CCC/C=C\CC/C=C\C/C=C\CCCCC)OC(=O)CCCCCCC/C=C\CCCCCCCC,0.15455927,-1.879481316,1.192236066
arm_TAGAH1819Z1819Z1835Z9Z12Z,Glycerolipid metabolism,A0A2K3E4U8_wild,O,1.536249161,0.210874319,1.361546159
arm_TAGAH1819Z1819Z1835Z9Z12Z,Glycerolipid metabolism,A0A2K3E4U8_wild,CCCCCCCC/C=C\CCCCCCCC(=O)OC[C@H](COC(=O)CCC/C=C\CC/C=C\C/C=C\CCCCC)OC(=O)CCCCCCC/C=C\CCCCCCCC,0.351609647,-0.73841399,1.241343975
arm_TAGAH1819Z1819Z1835Z9Z12Z,Glycerolipid metabolism,A8J056_wild,O,2.119389534,-0.033908162,1.762816668
arm_TAGAH1819Z1819Z1835Z9Z12Z,Glycerolipid metabolism,A8J056_wild,CCCCCCCC/C=C\CCCCCCCC(=O)OC[C@H](COC(=O)CCC/C=C\CC/C=C\C/C=C\CCCCC)OC(=O)CCCCCCC/C=C\CCCCCCCC,0.902791023,-0.769406021,1.599510908
arm_TAGAH1819Z1819Z1845Z9Z12Z15Z,Glycerolipid metabolism,A0A2K3CNS0_wild,O,1.674396753,-0.391487539,1.393553734
arm_TAGAH1819Z1819Z1845Z9Z12Z15Z,Glycerolipid metabolism,A0A2K3CNS0_wild,CCCCCCCC/C=C\CCCCCCCC(=O)OC[C@H](COC(=O)CCC/C=C\CC/C=C\C/C=C\C/C=C\CC)OC(=O)CCCCCCC/C=C\CCCCCCCC,0.263404459,-1.79903388,1.428681254
arm_TAGAH1819Z1819Z1845Z9Z12Z15Z,Glycerolipid metabolism,A0A2K3CNU4_wild,O,1.318306327,-0.347388625,0.713401675
arm_TAGAH1819Z1819Z1845Z9Z12Z15Z,Glycerolipid metabolism,A0A2K3CNU4_wild,CCCCCCCC/C=C\CCCCCCCC(=O)OC[C@H](COC(=O)CCC/C=C\CC/C=C\C/C=C\C/C=C\CC)OC(=O)CCCCCCC/C=C\CCCCCCCC,-0.136663184,-1.615449905,0.900255024
arm_TAGAH1819Z1819Z1845Z9Z12Z15Z,Glycerolipid metabolism,A0A2K3CX99_wild,O,1.983316779,0.080360517,1.200588346
arm_TAGAH1819Z1819Z1845Z9Z12Z15Z,Glycerolipid metabolism,A0A2K3CX99_wild,CCCCCCCC/C=C\CCCCCCCC(=O)OC[C@H](COC(=O)CCC/C=C\CC/C=C\C/C=C\C/C=C\CC)OC(=O)CCCCCCC/C=C\CCCCCCCC,0.724520326,-0.901156127,1.092189312
arm_TAGAH1819Z1819Z1845Z9Z12Z15Z,Glycerolipid metabolism,A0A2K3CXJ3_wild,O,1.674777746,0.549110055,0.858112693
arm_TAGAH1819Z1819Z1845Z9Z12Z15Z,Glycerolipid metabolism,A0A2K3CXJ3_wild,CCCCCCCC/C=C\CCCCCCCC(=O)OC[C@H](COC(=O)CCC/C=C\CC/C=C\C/C=C\C/C=C\CC)OC(=O)CCCCCCC/C=C\CCCCCCCC,0.608755231,-0.558408737,0.770608485
arm_TAGAH1819Z1819Z1845Z9Z12Z15Z,Glycerolipid metabolism,A0A2K3D3D3_wild,O,2.215553522,-0.069598481,1.319882751
arm_TAGAH1819Z1819Z1845Z9Z12Z15Z,Glycerolipid metabolism,A0A2K3D3D3_wild,CCCCCCCC/C=C\CCCCCCCC(=O)OC[C@H](COC(=O)CCC/C=C\CC/C=C\C/C=C\C/C=C\CC)OC(=O)CCCCCCC/C=C\CCCCCCCC,0.914654374,-1.377977967,1.452517152
arm_TAGAH1819Z1819Z1845Z9Z12Z15Z,Glycerolipid metabolism,A0A2K3D710_wild,O,1.083993793,-0.499323994,0.597153485
arm_TAGAH1819Z1819Z1845Z9Z12Z15Z,Glycerolipid metabolism,A0A2K3D710_wild,CCCCCCCC/C=C\CCCCCCCC(=O)OC[C@H](COC(=O)CCC/C=C\CC/C=C\C/C=C\C/C=C\CC)OC(=O)CCCCCCC/C=C\CCCCCCCC,-0.261972427,-1.747719765,0.609693885
arm_TAGAH1819Z1819Z1845Z9Z12Z15Z,Glycerolipid metabolism,A0A2K3D712_wild,O,1.086323023,-0.500079513,0.601320088
arm_TAGAH1819Z1819Z1845Z9Z12Z15Z,Glycerolipid metabolism,A0A2K3D712_wild,CCCCCCCC/C=C\CCCCCCCC(=O)OC[C@H](COC(=O)CCC/C=C\CC/C=C\C/C=C\C/C=C\CC)OC(=O)CCCCCCC/C=C\CCCCCCCC,-0.266323686,-1.752999544,0.617356181
arm_TAGAH1819Z1819Z1845Z9Z12Z15Z,Glycerolipid metabolism,A0A2K3DJ66_wild,O,1.498929977,-0.405866474,1.3382442
arm_TAGAH1819Z1819Z1845Z9Z12Z15Z,Glycerolipid metabolism,A0A2K3DJ66_wild,CCCCCCCC/C=C\CCCCCCCC(=O)OC[C@H](COC(=O)CCC/C=C\CC/C=C\C/C=C\C/C=C\CC)OC(=O)CCCCCCC/C=C\CCCCCCCC,0.267870098,-1.455794573,1.343621373
arm_TAGAH1819Z1819Z1845Z9Z12Z15Z,Glycerolipid metabolism,A0A2K3DJA9_wild,O,1.298353791,-0.23264727,0.978991866
arm_TAGAH1819Z1819Z1845Z9Z12Z15Z,Glycerolipid metabolism,A0A2K3DJA9_wild,CCCCCCCC/C=C\CCCCCCCC(=O)OC[C@H](COC(=O)CCC/C=C\CC/C=C\C/C=C\C/C=C\CC)OC(=O)CCCCCCC/C=C\CCCCCCCC,-0.031022942,-1.310094953,0.944310367
arm_TAGAH1819Z1819Z1845Z9Z12Z15Z,Glycerolipid metabolism,A0A2K3DNL2_wild,O,1.090560675,-0.6161834,1.18495059
arm_TAGAH1819Z1819Z1845Z9Z12Z15Z,Glycerolipid metabolism,A0A2K3DNL2_wild,CCCCCCCC/C=C\CCCCCCCC(=O)OC[C@H](COC(=O)CCC/C=C\CC/C=C\C/C=C\C/C=C\CC)OC(=O)CCCCCCC/C=C\CCCCCCCC,-0.321196377,-1.942191362,1.360695481
arm_TAGAH1819Z1819Z1845Z9Z12Z15Z,Glycerolipid metabolism,A0A2K3DSP4_wild,O,1.604065537,0.430392563,0.748819232
arm_TAGAH1819Z1819Z1845Z9Z12Z15Z,Glycerolipid metabolism,A0A2K3DSP4_wild,CCCCCCCC/C=C\CCCCCCCC(=O)OC[C@H](COC(=O)CCC/C=C\CC/C=C\C/C=C\C/C=C\CC)OC(=O)CCCCCCC/C=C\CCCCCCCC,0.404604048,-0.859076023,0.878069103
arm_TAGAH1819Z1819Z1845Z9Z12Z15Z,Glycerolipid metabolism,A0A2K3DV73_wild,O,1.299811959,-0.627304137,1.012681723
arm_TAGAH1819Z1819Z1845Z9Z12Z15Z,Glycerolipid metabolism,A0A2K3DV73_wild,CCCCCCCC/C=C\CCCCCCCC(=O)OC[C@H](COC(=O)CCC/C=C\CC/C=C\C/C=C\C/C=C\CC)OC(=O)CCCCCCC/C=C\CCCCCCCC,-0.211960435,-1.916967392,1.098144293
arm_TAGAH1819Z1819Z1845Z9Z12Z15Z,Glycerolipid metabolism,A0A2K3DYG4_wild,O,1.518248558,-0.670566797,1.197124243
arm_TAGAH1819Z1819Z1845Z9Z12Z15Z,Glycerolipid metabolism,A0A2K3DYG4_wild,CCCCCCCC/C=C\CCCCCCCC(=O)OC[C@H](COC(=O)CCC/C=C\CC/C=C\C/C=C\C/C=C\CC)OC(=O)CCCCCCC/C=C\CCCCCCCC,0.160923094,-1.955007195,1.217139363
arm_TAGAH1819Z1819Z1845Z9Z12Z15Z,Glycerolipid metabolism,A0A2K3E4U8_wild,O,1.536249161,0.210874319,1.361546159
arm_TAGAH1819Z1819Z1845Z9Z12Z15Z,Glycerolipid metabolism,A0A2K3E4U8_wild,CCCCCCCC/C=C\CCCCCCCC(=O)OC[C@H](COC(=O)CCC/C=C\CC/C=C\C/C=C\C/C=C\CC)OC(=O)CCCCCCC/C=C\CCCCCCCC,0.314196378,-0.787788212,1.23962152
arm_TAGAH1819Z1819Z1845Z9Z12Z15Z,Glycerolipid metabolism,A8J056_wild,O,2.119389534,-0.033908162,1.762816668
arm_TAGAH1819Z1819Z1845Z9Z12Z15Z,Glycerolipid metabolism,A8J056_wild,CCCCCCCC/C=C\CCCCCCCC(=O)OC[C@H](COC(=O)CCC/C=C\CC/C=C\C/C=C\C/C=C\CC)OC(=O)CCCCCCC/C=C\CCCCCCCC,0.842314839,-0.848942876,1.591126323
DHPD,Pyrimidine metabolism,A0A2K3E1X8_wild,C1CNC(=O)NC1=O,0.799659133,-0.208485126,0.968446136
DHPD,Pyrimidine metabolism,A0A2K3E1X8_wild,O,1.871541977,0.387397856,1.122509122
BUPN,Pyrimidine metabolism,A8HPY4_wild,C(CNC(=O)N)C(=O)O,0.671681643,-0.587331951,1.064334989
BUPN,Pyrimidine metabolism,A8HPY4_wild,[H+],1.534175515,0.053904749,1.162765265
BUPN,Pyrimidine metabolism,A8HPY4_wild,O,1.796446204,-0.1180856,1.583938956
DHRO,Pyrimidine metabolism,A0A2K3DQ79_wild,C1[C@H](NC(=O)NC1=O)C(=O)O,0.31087938,-1.245353103,1.389189959
DHRO,Pyrimidine metabolism,A0A2K3DQ79_wild,O=O,0.054737367,-1.405908585,1.326989889
UPRT,Pyrimidine metabolism,A0A2K3D7Z5_wild,[O-]P(=O)([O-])OP(=O)([O-])[O-],0.860510945,-1.210033178,1.617155075
UPRT,Pyrimidine metabolism,A0A2K3D7Z5_wild,C1=CN(C(=O)NC1=O)[C@H]2[C@@H]([C@@H]([C@H](O2)COP(=O)(O)O)O)O,0.717621207,-1.409084082,1.444428682
CDDA,Pyrimidine metabolism,A0A2K3CZM2_wild,C1=CN(C(=O)N=C1N)[C@H]2[C@@H]([C@@H]([C@H](O2)CO)O)O,1.884325385,-0.56885165,1.551448107
CDDA,Pyrimidine metabolism,A0A2K3CZM2_wild,[H+],1.993149161,0.201859787,1.26331687
CDDA,Pyrimidine metabolism,A0A2K3CZM2_wild,O,2.345102787,0.088462651,1.607247353
CDPPH,Pyrimidine metabolism,A0A2K3DJV4_wild,C1=CN(C(=O)N=C1N)[C@H]2[C@@H]([C@@H]([C@H](O2)COP(=O)(O)OP(=O)(O)O)O)O,0.778086364,-1.173082352,1.246964097
CDPPH,Pyrimidine metabolism,A0A2K3DJV4_wild,O,1.741823912,-0.547164083,1.286037683
CDPPH,Pyrimidine metabolism,A0A2K3DNI0_wild,C1=CN(C(=O)N=C1N)[C@H]2[C@@H]([C@@H]([C@H](O2)COP(=O)(O)OP(=O)(O)O)O)O,1.72564733,-0.690381229,1.73624289
CDPPH,Pyrimidine metabolism,A0A2K3DNI0_wild,O,2.662275791,-0.054737568,2.056675434
CDPPH,Pyrimidine metabolism,A0A2K3DNJ4_wild,C1=CN(C(=O)N=C1N)[C@H]2[C@@H]([C@@H]([C@H](O2)COP(=O)(O)OP(=O)(O)O)O)O,1.769111872,-0.714747965,1.78828454
CDPPH,Pyrimidine metabolism,A0A2K3DNJ4_wild,O,2.656994581,-0.078556545,2.075592279
CMP,Pyrimidine metabolism,A0A2K3CZW1_wild,C1=CN(C(=O)N=C1N)[C@H]2[C@@H]([C@@H]([C@H](O2)COP(=O)(O)O)O)O,0.544961035,-0.916338146,0.917220116
CMP,Pyrimidine metabolism,A0A2K3CZW1_wild,O,1.396656275,-0.013265978,0.858496845
CMP,Pyrimidine metabolism,A0A2K3DBK2_wild,C1=CN(C(=O)N=C1N)[C@H]2[C@@H]([C@@H]([C@H](O2)COP(=O)(O)O)O)O,0.518455863,-0.673760951,0.808930755
CMP,Pyrimidine metabolism,A0A2K3DBK2_wild,O,1.497414351,0.309650004,0.77198571
CSDA,Pyrimidine metabolism,A0A2K3D2N1_wild,C1=C(NC(=O)N=C1)N,1.02714026,-0.619464934,1.452109694
CSDA,Pyrimidine metabolism,A0A2K3D2N1_wild,[H+],1.679342031,0.141174585,1.313741922
CSDA,Pyrimidine metabolism,A0A2K3D2N1_wild,O,2.065025806,0.064353287,1.777451277
CTPH,Pyrimidine metabolism,A0A2K3DJV4_wild,C1=CN(C(=O)N=C1N)[C@H]2[C@@H]([C@@H]([C@H](O2)COP(=O)(O)OP(=O)(O)OP(=O)(O)O)O)O,0.742091537,-1.158499837,1.240491033
CTPH,Pyrimidine metabolism,A0A2K3DJV4_wild,O,1.741823912,-0.547164083,1.286037683
CTPH,Pyrimidine metabolism,A0A2K3DNI0_wild,C1=CN(C(=O)N=C1N)[C@H]2[C@@H]([C@@H]([C@H](O2)COP(=O)(O)OP(=O)(O)OP(=O)(O)O)O)O,1.727908373,-0.593426466,1.695455551
CTPH,Pyrimidine metabolism,A0A2K3DNI0_wild,O,2.662275791,-0.054737568,2.056675434
CTPH,Pyrimidine metabolism,A0A2K3DNJ4_wild,C1=CN(C(=O)N=C1N)[C@H]2[C@@H]([C@@H]([C@H](O2)COP(=O)(O)OP(=O)(O)OP(=O)(O)O)O)O,1.770926833,-0.620811582,1.743367434
CTPH,Pyrimidine metabolism,A0A2K3DNJ4_wild,O,2.656994581,-0.078556545,2.075592279
CYRH,Pyrimidine metabolism,A0A2K3DUF4_wild,C1=CN(C(=O)N=C1N)[C@H]2[C@@H]([C@@H]([C@H](O2)CO)O)O,0.837049782,-0.567839384,0.97661382
CYRH,Pyrimidine metabolism,A0A2K3DUF4_wild,O,1.430035591,-0.089527808,0.957186341
DCAH,Pyrimidine metabolism,A0A2K3CZM2_wild,C1[C@@H]([C@H](O[C@H]1N2C=CC(=NC2=O)N)CO)O,1.473713756,-0.702651322,1.462540627
DCAH,Pyrimidine metabolism,A0A2K3CZM2_wild,[H+],1.993149161,0.201859787,1.26331687
DCAH,Pyrimidine metabolism,A0A2K3CZM2_wild,O,2.345102787,0.088462651,1.607247353
DCMAH,Pyrimidine metabolism,A0A2K3CNF2_wild,C1[C@@H]([C@H](O[C@H]1N2C=CC(=NC2=O)N)COP(=O)(O)O)O,-0.464648545,-1.34857595,0.378758579
DCMAH,Pyrimidine metabolism,A0A2K3CNF2_wild,[H+],-0.063502401,-0.345190436,-0.374201655
DCMAH,Pyrimidine metabolism,A0A2K3CNF2_wild,O,0.737502754,-0.421503395,0.235242695
DCMAH,Pyrimidine metabolism,A0A2K3CNF8_wild,C1[C@@H]([C@H](O[C@H]1N2C=CC(=NC2=O)N)COP(=O)(O)O)O,-0.517746091,-1.357173681,0.319555342
DCMAH,Pyrimidine metabolism,A0A2K3CNF8_wild,[H+],-0.117235348,-0.309139431,-0.438055217
DCMAH,Pyrimidine metabolism,A0A2K3CNF8_wild,O,0.676751733,-0.405341804,0.190404147
DCMP,Pyrimidine metabolism,A0A2K3CZW1_wild,C1[C@@H]([C@H](O[C@H]1N2C=CC(=NC2=O)N)COP(=O)(O)O)O,0.240416199,-0.990545094,0.874415755
DCMP,Pyrimidine metabolism,A0A2K3CZW1_wild,O,1.396656275,-0.013265978,0.858496845
DCMP,Pyrimidine metabolism,A0A2K3DBK2_wild,C1[C@@H]([C@H](O[C@H]1N2C=CC(=NC2=O)N)COP(=O)(O)O)O,0.204837635,-0.754064679,0.760612249
DCMP,Pyrimidine metabolism,A0A2K3DBK2_wild,O,1.497414351,0.309650004,0.77198571
DTNH,Pyrimidine metabolism,A0A2K3DJV4_wild,CC1=CN(C(=O)NC1=O)[C@H]2C[C@@H]([C@H](O2)COP(=O)(O)OP(=O)(O)OP(=O)(O)O)O,0.422630161,-1.240729094,1.154634714
DTNH,Pyrimidine metabolism,A0A2K3DJV4_wild,O,1.741823912,-0.547164083,1.286037683
DTNH,Pyrimidine metabolism,A0A2K3DNI0_wild,CC1=CN(C(=O)NC1=O)[C@H]2C[C@@H]([C@H](O2)COP(=O)(O)OP(=O)(O)OP(=O)(O)O)O,1.388993621,-0.632771611,1.556289434
DTNH,Pyrimidine metabolism,A0A2K3DNI0_wild,O,2.662275791,-0.054737568,2.056675434
DTNH,Pyrimidine metabolism,A0A2K3DNJ4_wild,CC1=CN(C(=O)NC1=O)[C@H]2C[C@@H]([C@H](O2)COP(=O)(O)OP(=O)(O)OP(=O)(O)O)O,1.432693839,-0.669222236,1.603222251
DTNH,Pyrimidine metabolism,A0A2K3DNJ4_wild,O,2.656994581,-0.078556545,2.075592279
DTPH,Pyrimidine metabolism,A0A2K3DJV4_wild,CC1=CN(C(=O)NC1=O)[C@H]2C[C@@H]([C@H](O2)COP(=O)(O)OP(=O)(O)O)O,0.505367935,-1.276612401,1.227998972
DTPH,Pyrimidine metabolism,A0A2K3DJV4_wild,O,1.741823912,-0.547164083,1.286037683
DTPH,Pyrimidine metabolism,A0A2K3DNI0_wild,CC1=CN(C(=O)NC1=O)[C@H]2C[C@@H]([C@H](O2)COP(=O)(O)OP(=O)(O)O)O,1.452911496,-0.753570735,1.67545855
DTPH,Pyrimidine metabolism,A0A2K3DNI0_wild,O,2.662275791,-0.054737568,2.056675434
DTPH,Pyrimidine metabolism,A0A2K3DNJ4_wild,CC1=CN(C(=O)NC1=O)[C@H]2C[C@@H]([C@H](O2)COP(=O)(O)OP(=O)(O)O)O,1.491126418,-0.79299593,1.728529334
DTPH,Pyrimidine metabolism,A0A2K3DNJ4_wild,O,2.656994581,-0.078556545,2.075592279
NTD1,Pyrimidine metabolism,A0A2K3CZW1_wild,C1[C@@H]([C@H](O[C@H]1N2C=CC(=O)NC2=O)COP(=O)(O)O)O,0.365495741,-0.934768975,0.84029901
NTD1,Pyrimidine metabolism,A0A2K3CZW1_wild,O,1.396656275,-0.013265978,0.858496845
NTD1,Pyrimidine metabolism,A0A2K3DBK2_wild,C1[C@@H]([C@H](O[C@H]1N2C=CC(=O)NC2=O)COP(=O)(O)O)O,0.320029259,-0.670643985,0.732328594
NTD1,Pyrimidine metabolism,A0A2K3DBK2_wild,O,1.497414351,0.309650004,0.77198571
TPH,Pyrimidine metabolism,A0A2K3CZW1_wild,CC1=CN(C(=O)NC1=O)[C@H]2C[C@@H]([C@H](O2)COP(=O)(O)O)O,0.289689273,-0.925409138,0.869327366
TPH,Pyrimidine metabolism,A0A2K3CZW1_wild,O,1.396656275,-0.013265978,0.858496845
TPH,Pyrimidine metabolism,A0A2K3DBK2_wild,CC1=CN(C(=O)NC1=O)[C@H]2C[C@@H]([C@H](O2)COP(=O)(O)O)O,0.229909346,-0.699061811,0.778114676
TPH,Pyrimidine metabolism,A0A2K3DBK2_wild,O,1.497414351,0.309650004,0.77198571
UDPGP,Pyrimidine metabolism,A0A2K3D761_wild,O,1.972872496,-0.400863349,1.756925821
UDPGP,Pyrimidine metabolism,A0A2K3D761_wild,C1=CN(C(=O)NC1=O)[C@H]2[C@@H]([C@@H]([C@H](O2)COP(=O)(O)OP(=O)(O)O[C@@H]3[C@@H]([C@H]([C@@H]([C@H](O3)CO)O)O)O)O)O,1.232483387,-0.906913161,1.634163618
UMPP,Pyrimidine metabolism,A0A2K3CZW1_wild,O,1.396656275,-0.013265978,0.858496845
UMPP,Pyrimidine metabolism,A0A2K3CZW1_wild,C1=CN(C(=O)NC1=O)[C@H]2[C@@H]([C@@H]([C@H](O2)COP(=O)(O)O)O)O,0.441004455,-0.979254723,0.871013284
UMPP,Pyrimidine metabolism,A0A2K3DBK2_wild,O,1.497414351,0.309650004,0.77198571
UMPP,Pyrimidine metabolism,A0A2K3DBK2_wild,C1=CN(C(=O)NC1=O)[C@H]2[C@@H]([C@@H]([C@H](O2)COP(=O)(O)O)O)O,0.424057096,-0.740912318,0.785632491
UPH,Pyrimidine metabolism,A0A2K3DJV4_wild,O,1.741823912,-0.547164083,1.286037683
UPH,Pyrimidine metabolism,A0A2K3DJV4_wild,C1=CN(C(=O)NC1=O)[C@H]2[C@@H]([C@@H]([C@H](O2)COP(=O)(O)OP(=O)(O)O)O)O,0.756285906,-1.236967087,1.281815529
UPH,Pyrimidine metabolism,A0A2K3DNI0_wild,O,2.662275791,-0.054737568,2.056675434
UPH,Pyrimidine metabolism,A0A2K3DNI0_wild,C1=CN(C(=O)NC1=O)[C@H]2[C@@H]([C@@H]([C@H](O2)COP(=O)(O)OP(=O)(O)O)O)O,1.697301507,-0.737273216,1.728080392
UPH,Pyrimidine metabolism,A0A2K3DNJ4_wild,O,2.656994581,-0.078556545,2.075592279
UPH,Pyrimidine metabolism,A0A2K3DNJ4_wild,C1=CN(C(=O)NC1=O)[C@H]2[C@@H]([C@@H]([C@H](O2)COP(=O)(O)OP(=O)(O)O)O)O,1.738828301,-0.761740208,1.775415778
UTPH,Pyrimidine metabolism,A0A2K3DJV4_wild,O,1.741823912,-0.547164083,1.286037683
UTPH,Pyrimidine metabolism,A0A2K3DJV4_wild,C1=CN(C(=O)NC1=O)[C@H]2[C@@H]([C@@H]([C@H](O2)COP(=O)(O)OP(=O)(O)OP(=O)(O)O)O)O,0.703196347,-1.194417834,1.244739294
UTPH,Pyrimidine metabolism,A0A2K3DNI0_wild,O,2.662275791,-0.054737568,2.056675434
UTPH,Pyrimidine metabolism,A0A2K3DNI0_wild,C1=CN(C(=O)NC1=O)[C@H]2[C@@H]([C@@H]([C@H](O2)COP(=O)(O)OP(=O)(O)OP(=O)(O)O)O)O,1.686771989,-0.627121687,1.673950553
UTPH,Pyrimidine metabolism,A0A2K3DNJ4_wild,O,2.656994581,-0.078556545,2.075592279
UTPH,Pyrimidine metabolism,A0A2K3DNJ4_wild,C1=CN(C(=O)NC1=O)[C@H]2[C@@H]([C@@H]([C@H](O2)COP(=O)(O)OP(=O)(O)OP(=O)(O)O)O)O,1.733353019,-0.652325928,1.716806054
DHPD_REV,Pyrimidine metabolism,A0A2K3E1X8_wild,C(CNC(=O)N)C(=O)O,0.537998259,0.217917636,0.542670131
DHRO_REV,Pyrimidine metabolism,A0A2K3DQ79_wild,OO,0.395980209,-1.066444159,1.355235457
DHRO_REV,Pyrimidine metabolism,A0A2K3DQ79_wild,C1=C(NC(=O)NC1=O)C(=O)[O-],0.031292032,-1.62084353,1.459444404
UPRT_REV,Pyrimidine metabolism,A0A2K3D7Z5_wild,C([C@@H]1[C@H]([C@H]([C@H](O1)OP(=O)(O)OP(=O)(O)O)O)O)OP(=O)(O)O,0.563525975,-1.151199222,1.195963264
UPRT_REV,Pyrimidine metabolism,A0A2K3D7Z5_wild,C1=CNC(=O)NC1=O,0.287380993,-1.535112858,1.547725439
arm_DHROm,Pyrimidine metabolism,A0A2K3DQ79_wild,C1[C@H](NC(=O)NC1=O)C(=O)O,0.31087938,-1.245353103,1.389189959
arm_DHROm,Pyrimidine metabolism,A0A2K3DQ79_wild,[H+],0.40364185,-0.40763396,0.52782464
arm_DHROm,Pyrimidine metabolism,A0A2K3DQ79_wild,O=O,0.054737367,-1.405908585,1.326989889
arm_DHROm,Pyrimidine metabolism,A0A2K3DZJ5_wild,C1[C@H](NC(=O)NC1=O)C(=O)O,0.318010032,-1.223117948,1.461239457
arm_DHROm,Pyrimidine metabolism,A0A2K3DZJ5_wild,[H+],0.475939572,-0.250008821,0.622068703
arm_DHROm,Pyrimidine metabolism,A0A2K3DZJ5_wild,O=O,0.01870602,-1.367299318,1.44118166
arm_ATCD,Pyrimidine metabolism,A0A2K3DJF1_wild,C1=NC(=C2C(=N1)N(C=N2)[C@H]3[C@@H]([C@@H]([C@H](O3)COP(=O)(O)OP(=O)(O)OP(=O)(O)O)O)O)N,2.199182749,-0.939463317,2.399306774
arm_ATCD,Pyrimidine metabolism,A0A2K3DJF1_wild,C1=CN(C(=O)N=C1N)[C@H]2[C@@H]([C@@H]([C@H](O2)COP(=O)(O)OP(=O)(O)O)O)O,2.137499094,-0.956206799,2.206236124
arm_ATCD,Pyrimidine metabolism,A8J9H8_wild,C1=NC(=C2C(=N1)N(C=N2)[C@H]3[C@@H]([C@@H]([C@H](O3)COP(=O)(O)OP(=O)(O)OP(=O)(O)O)O)O)N,2.578581095,-0.648589969,2.645225763
arm_ATCD,Pyrimidine metabolism,A8J9H8_wild,C1=CN(C(=O)N=C1N)[C@H]2[C@@H]([C@@H]([C@H](O2)COP(=O)(O)OP(=O)(O)O)O)O,2.465426683,-0.638508797,2.419234514
arm_ATCD,Pyrimidine metabolism,A8JGW5_wild,C1=NC(=C2C(=N1)N(C=N2)[C@H]3[C@@H]([C@@H]([C@H](O3)COP(=O)(O)OP(=O)(O)OP(=O)(O)O)O)O)N,1.742598295,-0.821828246,2.07487154
arm_ATCD,Pyrimidine metabolism,A8JGW5_wild,C1=CN(C(=O)N=C1N)[C@H]2[C@@H]([C@@H]([C@H](O2)COP(=O)(O)OP(=O)(O)O)O)O,1.730555296,-0.927944779,1.963782549
arm_ATCD,Pyrimidine metabolism,Q69B19_wild,C1=NC(=C2C(=N1)N(C=N2)[C@H]3[C@@H]([C@@H]([C@H](O3)COP(=O)(O)OP(=O)(O)OP(=O)(O)O)O)O)N,0.822672486,-0.930246234,1.577830553
arm_ATCD,Pyrimidine metabolism,Q69B19_wild,C1=CN(C(=O)N=C1N)[C@H]2[C@@H]([C@@H]([C@H](O2)COP(=O)(O)OP(=O)(O)O)O)O,0.883467019,-1.053248405,1.543241262
arm_ATCY,Pyrimidine metabolism,A0A2K3CV13_wild,C1=NC(=C2C(=N1)N(C=N2)[C@H]3[C@@H]([C@@H]([C@H](O3)COP(=O)(O)OP(=O)(O)OP(=O)(O)O)O)O)N,-0.173006177,-1.076230645,0.975976467
arm_ATCY,Pyrimidine metabolism,A0A2K3CV13_wild,C1=CN(C(=O)N=C1N)[C@H]2[C@@H]([C@@H]([C@H](O2)CO)O)O,0.205772609,-0.791205466,0.964897037
arm_ATCY,Pyrimidine metabolism,A0A2K3CZU9_wild,C1=NC(=C2C(=N1)N(C=N2)[C@H]3[C@@H]([C@@H]([C@H](O3)COP(=O)(O)OP(=O)(O)OP(=O)(O)O)O)O)N,-0.036259212,-1.115928411,1.17867136
arm_ATCY,Pyrimidine metabolism,A0A2K3CZU9_wild,C1=CN(C(=O)N=C1N)[C@H]2[C@@H]([C@@H]([C@H](O2)CO)O)O,0.307804614,-0.89601028,1.157194495
arm_ATCY,Pyrimidine metabolism,A0A2K3D121_wild,C1=NC(=C2C(=N1)N(C=N2)[C@H]3[C@@H]([C@@H]([C@H](O3)COP(=O)(O)OP(=O)(O)OP(=O)(O)O)O)O)N,-0.21476832,-0.828068912,0.732155383
arm_ATCY,Pyrimidine metabolism,A0A2K3D121_wild,C1=CN(C(=O)N=C1N)[C@H]2[C@@H]([C@@H]([C@H](O2)CO)O)O,0.241822332,-0.67887342,0.687675953
arm_ATCY,Pyrimidine metabolism,A0A2K3E2B0_wild,C1=NC(=C2C(=N1)N(C=N2)[C@H]3[C@@H]([C@@H]([C@H](O3)COP(=O)(O)OP(=O)(O)OP(=O)(O)O)O)O)N,0.473493516,-1.642057657,1.371775627
arm_ATCY,Pyrimidine metabolism,A0A2K3E2B0_wild,C1=CN(C(=O)N=C1N)[C@H]2[C@@H]([C@@H]([C@H](O2)CO)O)O,0.874026477,-1.369040847,1.242619753
arm_ATDCD,Pyrimidine metabolism,A0A2K3DJF1_wild,C1=NC(=C2C(=N1)N(C=N2)[C@H]3[C@@H]([C@@H]([C@H](O3)COP(=O)(O)OP(=O)(O)OP(=O)(O)O)O)O)N,2.199182749,-0.939463317,2.399306774
arm_ATDCD,Pyrimidine metabolism,A0A2K3DJF1_wild,C1[C@@H]([C@H](O[C@H]1N2C=CC(=NC2=O)N)COP(=O)(O)OP(=O)(O)O)O,1.834035873,-1.034526467,2.021970272
arm_ATDCD,Pyrimidine metabolism,A8J9H8_wild,C1=NC(=C2C(=N1)N(C=N2)[C@H]3[C@@H]([C@@H]([C@H](O3)COP(=O)(O)OP(=O)(O)OP(=O)(O)O)O)O)N,2.578581095,-0.648589969,2.645225763
arm_ATDCD,Pyrimidine metabolism,A8J9H8_wild,C1[C@@H]([C@H](O[C@H]1N2C=CC(=NC2=O)N)COP(=O)(O)OP(=O)(O)O)O,2.161144972,-0.674845695,2.200612783
arm_ATDCD,Pyrimidine metabolism,A8JGW5_wild,C1=NC(=C2C(=N1)N(C=N2)[C@H]3[C@@H]([C@@H]([C@H](O3)COP(=O)(O)OP(=O)(O)OP(=O)(O)O)O)O)N,1.742598295,-0.821828246,2.07487154
arm_ATDCD,Pyrimidine metabolism,A8JGW5_wild,C1[C@@H]([C@H](O[C@H]1N2C=CC(=NC2=O)N)COP(=O)(O)OP(=O)(O)O)O,1.356549263,-1.014122486,1.806346655
arm_ATDCD,Pyrimidine metabolism,Q69B19_wild,C1=NC(=C2C(=N1)N(C=N2)[C@H]3[C@@H]([C@@H]([C@H](O3)COP(=O)(O)OP(=O)(O)OP(=O)(O)O)O)O)N,0.822672486,-0.930246234,1.577830553
arm_ATDCD,Pyrimidine metabolism,Q69B19_wild,C1[C@@H]([C@H](O[C@H]1N2C=CC(=NC2=O)N)COP(=O)(O)OP(=O)(O)O)O,0.519699037,-1.100801349,1.355430603
arm_ATDTD,Pyrimidine metabolism,A0A2K3DJF1_wild,C1=NC(=C2C(=N1)N(C=N2)[C@H]3[C@@H]([C@@H]([C@H](O3)COP(=O)(O)OP(=O)(O)OP(=O)(O)O)O)O)N,2.199182749,-0.939463317,2.399306774
arm_ATDTD,Pyrimidine metabolism,A0A2K3DJF1_wild,CC1=CN(C(=O)NC1=O)[C@H]2C[C@@H]([C@H](O2)COP(=O)(O)OP(=O)(O)O)O,1.93593502,-1.04933095,2.190623522
arm_ATDTD,Pyrimidine metabolism,A8J9H8_wild,C1=NC(=C2C(=N1)N(C=N2)[C@H]3[C@@H]([C@@H]([C@H](O3)COP(=O)(O)OP(=O)(O)OP(=O)(O)O)O)O)N,2.578581095,-0.648589969,2.645225763
arm_ATDTD,Pyrimidine metabolism,A8J9H8_wild,CC1=CN(C(=O)NC1=O)[C@H]2C[C@@H]([C@H](O2)COP(=O)(O)OP(=O)(O)O)O,2.266652107,-0.721633732,2.403515339
arm_ATDTD,Pyrimidine metabolism,A8JGW5_wild,C1=NC(=C2C(=N1)N(C=N2)[C@H]3[C@@H]([C@@H]([C@H](O3)COP(=O)(O)OP(=O)(O)OP(=O)(O)O)O)O)N,1.742598295,-0.821828246,2.07487154
arm_ATDTD,Pyrimidine metabolism,A8JGW5_wild,CC1=CN(C(=O)NC1=O)[C@H]2C[C@@H]([C@H](O2)COP(=O)(O)OP(=O)(O)O)O,1.443423152,-1.000363946,1.907583237
arm_ATDTD,Pyrimidine metabolism,Q69B19_wild,C1=NC(=C2C(=N1)N(C=N2)[C@H]3[C@@H]([C@@H]([C@H](O3)COP(=O)(O)OP(=O)(O)OP(=O)(O)O)O)O)N,0.822672486,-0.930246234,1.577830553
arm_ATDTD,Pyrimidine metabolism,Q69B19_wild,CC1=CN(C(=O)NC1=O)[C@H]2C[C@@H]([C@H](O2)COP(=O)(O)OP(=O)(O)O)O,0.63670814,-1.129625082,1.494071841
arm_ATDTM,Pyrimidine metabolism,A0A2K3DYD5_wild,C1=NC(=C2C(=N1)N(C=N2)[C@H]3[C@@H]([C@@H]([C@H](O3)COP(=O)(O)OP(=O)(O)OP(=O)(O)O)O)O)N,0.450092971,-1.338829875,1.464951038
arm_ATDTM,Pyrimidine metabolism,A0A2K3DYD5_wild,CC1=CN(C(=O)NC1=O)[C@H]2C[C@@H]([C@H](O2)COP(=O)(O)O)O,0.294662565,-1.575678349,1.421105981
arm_ATDTM,Pyrimidine metabolism,A0A2K3DYE3_wild,C1=NC(=C2C(=N1)N(C=N2)[C@H]3[C@@H]([C@@H]([C@H](O3)COP(=O)(O)OP(=O)(O)OP(=O)(O)O)O)O)N,0.675351024,-1.342435837,1.45573926
arm_ATDTM,Pyrimidine metabolism,A0A2K3DYE3_wild,CC1=CN(C(=O)NC1=O)[C@H]2C[C@@H]([C@H](O2)COP(=O)(O)O)O,0.549111247,-1.519520521,1.401682377
arm_ATDUD,Pyrimidine metabolism,A0A2K3DJF1_wild,C1=NC(=C2C(=N1)N(C=N2)[C@H]3[C@@H]([C@@H]([C@H](O3)COP(=O)(O)OP(=O)(O)OP(=O)(O)O)O)O)N,2.199182749,-0.939463317,2.399306774
arm_ATDUD,Pyrimidine metabolism,A0A2K3DJF1_wild,C1[C@@H]([C@H](O[C@H]1N2C=CC(=O)NC2=O)COP(=O)(O)OP(=O)(O)O)O,1.843744516,-0.975037754,1.998912215
arm_ATDUD,Pyrimidine metabolism,A8J9H8_wild,C1=NC(=C2C(=N1)N(C=N2)[C@H]3[C@@H]([C@@H]([C@H](O3)COP(=O)(O)OP(=O)(O)OP(=O)(O)O)O)O)N,2.578581095,-0.648589969,2.645225763
arm_ATDUD,Pyrimidine metabolism,A8J9H8_wild,C1[C@@H]([C@H](O[C@H]1N2C=CC(=O)NC2=O)COP(=O)(O)OP(=O)(O)O)O,2.195263386,-0.633260965,2.212506056
arm_ATDUD,Pyrimidine metabolism,A8JGW5_wild,C1=NC(=C2C(=N1)N(C=N2)[C@H]3[C@@H]([C@@H]([C@H](O3)COP(=O)(O)OP(=O)(O)OP(=O)(O)O)O)O)N,1.742598295,-0.821828246,2.07487154
arm_ATDUD,Pyrimidine metabolism,A8JGW5_wild,C1[C@@H]([C@H](O[C@H]1N2C=CC(=O)NC2=O)COP(=O)(O)OP(=O)(O)O)O,1.387110949,-0.98825568,1.794430494
arm_ATDUD,Pyrimidine metabolism,Q69B19_wild,C1=NC(=C2C(=N1)N(C=N2)[C@H]3[C@@H]([C@@H]([C@H](O3)COP(=O)(O)OP(=O)(O)OP(=O)(O)O)O)O)N,0.822672486,-0.930246234,1.577830553
arm_ATDUD,Pyrimidine metabolism,Q69B19_wild,C1[C@@H]([C@H](O[C@H]1N2C=CC(=O)NC2=O)COP(=O)(O)OP(=O)(O)O)O,0.616937041,-1.103075624,1.369498491
arm_ATUD,Pyrimidine metabolism,A0A2K3DJF1_wild,C1=NC(=C2C(=N1)N(C=N2)[C@H]3[C@@H]([C@@H]([C@H](O3)COP(=O)(O)OP(=O)(O)OP(=O)(O)O)O)O)N,2.199182749,-0.939463317,2.399306774
arm_ATUD,Pyrimidine metabolism,A0A2K3DJF1_wild,C1=CN(C(=O)NC1=O)[C@H]2[C@@H]([C@@H]([C@H](O2)COP(=O)(O)OP(=O)(O)O)O)O,2.118337154,-1.02992487,2.229485989
arm_ATUD,Pyrimidine metabolism,A8J9H8_wild,C1=NC(=C2C(=N1)N(C=N2)[C@H]3[C@@H]([C@@H]([C@H](O3)COP(=O)(O)OP(=O)(O)OP(=O)(O)O)O)O)N,2.578581095,-0.648589969,2.645225763
arm_ATUD,Pyrimidine metabolism,A8J9H8_wild,C1=CN(C(=O)NC1=O)[C@H]2[C@@H]([C@@H]([C@H](O2)COP(=O)(O)OP(=O)(O)O)O)O,2.461237907,-0.712983668,2.467160225
arm_ATUD,Pyrimidine metabolism,A8JGW5_wild,C1=NC(=C2C(=N1)N(C=N2)[C@H]3[C@@H]([C@@H]([C@H](O3)COP(=O)(O)OP(=O)(O)OP(=O)(O)O)O)O)N,1.742598295,-0.821828246,2.07487154
arm_ATUD,Pyrimidine metabolism,A8JGW5_wild,C1=CN(C(=O)NC1=O)[C@H]2[C@@H]([C@@H]([C@H](O2)COP(=O)(O)OP(=O)(O)O)O)O,1.714028597,-0.964739799,1.984817147
arm_ATUD,Pyrimidine metabolism,Q69B19_wild,C1=NC(=C2C(=N1)N(C=N2)[C@H]3[C@@H]([C@@H]([C@H](O3)COP(=O)(O)OP(=O)(O)OP(=O)(O)O)O)O)N,0.822672486,-0.930246234,1.577830553
arm_ATUD,Pyrimidine metabolism,Q69B19_wild,C1=CN(C(=O)NC1=O)[C@H]2[C@@H]([C@@H]([C@H](O2)COP(=O)(O)OP(=O)(O)O)O)O,0.858346641,-1.127606153,1.575748205
arm_AUPT,Pyrimidine metabolism,A0A2K3CV13_wild,C1=NC(=C2C(=N1)N(C=N2)[C@H]3[C@@H]([C@@H]([C@H](O3)COP(=O)(O)OP(=O)(O)OP(=O)(O)O)O)O)N,-0.173006177,-1.076230645,0.975976467
arm_AUPT,Pyrimidine metabolism,A0A2K3CV13_wild,C1=CN(C(=O)NC1=O)[C@H]2[C@@H]([C@@H]([C@H](O2)CO)O)O,0.142314643,-0.837722957,0.989135861
arm_AUPT,Pyrimidine metabolism,A0A2K3CZU9_wild,C1=NC(=C2C(=N1)N(C=N2)[C@H]3[C@@H]([C@@H]([C@H](O3)COP(=O)(O)OP(=O)(O)OP(=O)(O)O)O)O)N,-0.036259212,-1.115928411,1.17867136
arm_AUPT,Pyrimidine metabolism,A0A2K3CZU9_wild,C1=CN(C(=O)NC1=O)[C@H]2[C@@H]([C@@H]([C@H](O2)CO)O)O,0.255342901,-0.922686219,1.184064507
arm_AUPT,Pyrimidine metabolism,A0A2K3D121_wild,C1=NC(=C2C(=N1)N(C=N2)[C@H]3[C@@H]([C@@H]([C@H](O3)COP(=O)(O)OP(=O)(O)OP(=O)(O)O)O)O)N,-0.21476832,-0.828068912,0.732155383
arm_AUPT,Pyrimidine metabolism,A0A2K3D121_wild,C1=CN(C(=O)NC1=O)[C@H]2[C@@H]([C@@H]([C@H](O2)CO)O)O,0.216692954,-0.762983978,0.718674362
arm_AUPT,Pyrimidine metabolism,A0A2K3E2B0_wild,C1=NC(=C2C(=N1)N(C=N2)[C@H]3[C@@H]([C@@H]([C@H](O3)COP(=O)(O)OP(=O)(O)OP(=O)(O)O)O)O)N,0.473493516,-1.642057657,1.371775627
arm_AUPT,Pyrimidine metabolism,A0A2K3E2B0_wild,C1=CN(C(=O)NC1=O)[C@H]2[C@@H]([C@@H]([C@H](O2)CO)O)O,0.814840019,-1.405597925,1.278716207
arm_DATCY,Pyrimidine metabolism,A0A2K3CV13_wild,C1=CN(C(=O)N=C1N)[C@H]2[C@@H]([C@@H]([C@H](O2)CO)O)O,0.205772609,-0.791205466,0.964897037
arm_DATCY,Pyrimidine metabolism,A0A2K3CV13_wild,C1[C@@H]([C@H](O[C@H]1N2C=NC3=C(N=CN=C32)N)COP(=O)(O)OP(=O)(O)OP(=O)(O)O)O,-0.41601786,-0.932085633,0.939312756
arm_DATCY,Pyrimidine metabolism,A0A2K3CZU9_wild,C1=CN(C(=O)N=C1N)[C@H]2[C@@H]([C@@H]([C@H](O2)CO)O)O,0.307804614,-0.89601028,1.157194495
arm_DATCY,Pyrimidine metabolism,A0A2K3CZU9_wild,C1[C@@H]([C@H](O[C@H]1N2C=NC3=C(N=CN=C32)N)COP(=O)(O)OP(=O)(O)OP(=O)(O)O)O,-0.276445985,-1.003827929,1.121153116
arm_DATCY,Pyrimidine metabolism,A0A2K3D121_wild,C1=CN(C(=O)N=C1N)[C@H]2[C@@H]([C@@H]([C@H](O2)CO)O)O,0.241822332,-0.67887342,0.687675953
arm_DATCY,Pyrimidine metabolism,A0A2K3D121_wild,C1[C@@H]([C@H](O[C@H]1N2C=NC3=C(N=CN=C32)N)COP(=O)(O)OP(=O)(O)OP(=O)(O)O)O,-0.413926214,-0.836283565,0.739252627
arm_DATCY,Pyrimidine metabolism,A0A2K3E2B0_wild,C1=CN(C(=O)N=C1N)[C@H]2[C@@H]([C@@H]([C@H](O2)CO)O)O,0.874026477,-1.369040847,1.242619753
arm_DATCY,Pyrimidine metabolism,A0A2K3E2B0_wild,C1[C@@H]([C@H](O[C@H]1N2C=NC3=C(N=CN=C32)N)COP(=O)(O)OP(=O)(O)OP(=O)(O)O)O,0.290131509,-1.689630866,1.380972624
arm_DATUP,Pyrimidine metabolism,A0A2K3CV13_wild,C1[C@@H]([C@H](O[C@H]1N2C=NC3=C(N=CN=C32)N)COP(=O)(O)OP(=O)(O)OP(=O)(O)O)O,-0.41601786,-0.932085633,0.939312756
arm_DATUP,Pyrimidine metabolism,A0A2K3CV13_wild,C1=CN(C(=O)NC1=O)[C@H]2[C@@H]([C@@H]([C@H](O2)CO)O)O,0.142314643,-0.837722957,0.989135861
arm_DATUP,Pyrimidine metabolism,A0A2K3CZU9_wild,C1[C@@H]([C@H](O[C@H]1N2C=NC3=C(N=CN=C32)N)COP(=O)(O)OP(=O)(O)OP(=O)(O)O)O,-0.276445985,-1.003827929,1.121153116
arm_DATUP,Pyrimidine metabolism,A0A2K3CZU9_wild,C1=CN(C(=O)NC1=O)[C@H]2[C@@H]([C@@H]([C@H](O2)CO)O)O,0.255342901,-0.922686219,1.184064507
arm_DATUP,Pyrimidine metabolism,A0A2K3D121_wild,C1[C@@H]([C@H](O[C@H]1N2C=NC3=C(N=CN=C32)N)COP(=O)(O)OP(=O)(O)OP(=O)(O)O)O,-0.413926214,-0.836283565,0.739252627
arm_DATUP,Pyrimidine metabolism,A0A2K3D121_wild,C1=CN(C(=O)NC1=O)[C@H]2[C@@H]([C@@H]([C@H](O2)CO)O)O,0.216692954,-0.762983978,0.718674362
arm_DATUP,Pyrimidine metabolism,A0A2K3E2B0_wild,C1[C@@H]([C@H](O[C@H]1N2C=NC3=C(N=CN=C32)N)COP(=O)(O)OP(=O)(O)OP(=O)(O)O)O,0.290131509,-1.689630866,1.380972624
arm_DATUP,Pyrimidine metabolism,A0A2K3E2B0_wild,C1=CN(C(=O)NC1=O)[C@H]2[C@@H]([C@@H]([C@H](O2)CO)O)O,0.814840019,-1.405597925,1.278716207
arm_DCDT,Pyrimidine metabolism,A8IKH1_wild,C1=CN(C(=O)N=C1N)[C@H]2[C@@H]([C@@H]([C@H](O2)COP(=O)(O)OP(=O)(O)O)O)O,0.475443453,-1.021551132,1.179645181
arm_DCDT,Pyrimidine metabolism,A8IKH1_wild,C[N+](C)(C)[C@@H](CC1=CNC(=S)N1)C(=O)O,0.097114302,-0.964252174,0.795710504
arm_DCDT,Pyrimidine metabolism,A8ILR9_wild,C1=CN(C(=O)N=C1N)[C@H]2[C@@H]([C@@H]([C@H](O2)COP(=O)(O)OP(=O)(O)O)O)O,1.035270095,-1.098044157,1.754505515
arm_DCDT,Pyrimidine metabolism,A8ILR9_wild,C[N+](C)(C)[C@@H](CC1=CNC(=S)N1)C(=O)O,0.712643325,-1.146866083,1.464319825
arm_DCDT,Pyrimidine metabolism,A8IYP5_wild,C1=CN(C(=O)N=C1N)[C@H]2[C@@H]([C@@H]([C@H](O2)COP(=O)(O)OP(=O)(O)O)O)O,0.631346166,-0.748112142,1.42843008
arm_DCDT,Pyrimidine metabolism,A8IYP5_wild,C[N+](C)(C)[C@@H](CC1=CNC(=S)N1)C(=O)O,0.266665041,-0.68040508,1.094905496
arm_DCDT,Pyrimidine metabolism,A8IZR5_wild,C1=CN(C(=O)N=C1N)[C@H]2[C@@H]([C@@H]([C@H](O2)COP(=O)(O)OP(=O)(O)O)O)O,1.391980648,-0.860159278,2.113577843
arm_DCDT,Pyrimidine metabolism,A8IZR5_wild,C[N+](C)(C)[C@@H](CC1=CNC(=S)N1)C(=O)O,1.03800559,-0.863260388,1.826474428
arm_DCDT,Pyrimidine metabolism,A8JDR3_wild,C1=CN(C(=O)N=C1N)[C@H]2[C@@H]([C@@H]([C@H](O2)COP(=O)(O)OP(=O)(O)O)O)O,0.022202021,-1.497970343,1.49387455
arm_DCDT,Pyrimidine metabolism,A8JDR3_wild,C[N+](C)(C)[C@@H](CC1=CNC(=S)N1)C(=O)O,-0.45495218,-1.545891285,1.124659657
arm_DCTCP,Pyrimidine metabolism,A0A2K3CV13_wild,C1=CN(C(=O)N=C1N)[C@H]2[C@@H]([C@@H]([C@H](O2)CO)O)O,0.205772609,-0.791205466,0.964897037
arm_DCTCP,Pyrimidine metabolism,A0A2K3CV13_wild,C1[C@@H]([C@H](O[C@H]1N2C=CC(=NC2=O)N)COP(=O)(O)OP(=O)(O)OP(=O)(O)O)O,-0.564861119,-1.015315652,0.668203473
arm_DCTCP,Pyrimidine metabolism,A0A2K3CZU9_wild,C1=CN(C(=O)N=C1N)[C@H]2[C@@H]([C@@H]([C@H](O2)CO)O)O,0.307804614,-0.89601028,1.157194495
arm_DCTCP,Pyrimidine metabolism,A0A2K3CZU9_wild,C1[C@@H]([C@H](O[C@H]1N2C=CC(=NC2=O)N)COP(=O)(O)OP(=O)(O)OP(=O)(O)O)O,-0.434774965,-1.085202932,0.868397057
arm_DCTCP,Pyrimidine metabolism,A0A2K3D121_wild,C1=CN(C(=O)N=C1N)[C@H]2[C@@H]([C@@H]([C@H](O2)CO)O)O,0.241822332,-0.67887342,0.687675953
arm_DCTCP,Pyrimidine metabolism,A0A2K3D121_wild,C1[C@@H]([C@H](O[C@H]1N2C=CC(=NC2=O)N)COP(=O)(O)OP(=O)(O)OP(=O)(O)O)O,-0.428840101,-0.941955268,0.555192709
arm_DCTCP,Pyrimidine metabolism,A0A2K3E2B0_wild,C1=CN(C(=O)N=C1N)[C@H]2[C@@H]([C@@H]([C@H](O2)CO)O)O,0.874026477,-1.369040847,1.242619753
arm_DCTCP,Pyrimidine metabolism,A0A2K3E2B0_wild,C1[C@@H]([C@H](O[C@H]1N2C=CC(=NC2=O)N)COP(=O)(O)OP(=O)(O)OP(=O)(O)O)O,0.224243954,-1.749845505,1.140070558
arm_DCTUP,Pyrimidine metabolism,A0A2K3CV13_wild,C1[C@@H]([C@H](O[C@H]1N2C=CC(=NC2=O)N)COP(=O)(O)OP(=O)(O)OP(=O)(O)O)O,-0.564861119,-1.015315652,0.668203473
arm_DCTUP,Pyrimidine metabolism,A0A2K3CV13_wild,C1=CN(C(=O)NC1=O)[C@H]2[C@@H]([C@@H]([C@H](O2)CO)O)O,0.142314643,-0.837722957,0.989135861
arm_DCTUP,Pyrimidine metabolism,A0A2K3CZU9_wild,C1[C@@H]([C@H](O[C@H]1N2C=CC(=NC2=O)N)COP(=O)(O)OP(=O)(O)OP(=O)(O)O)O,-0.434774965,-1.085202932,0.868397057
arm_DCTUP,Pyrimidine metabolism,A0A2K3CZU9_wild,C1=CN(C(=O)NC1=O)[C@H]2[C@@H]([C@@H]([C@H](O2)CO)O)O,0.255342901,-0.922686219,1.184064507
arm_DCTUP,Pyrimidine metabolism,A0A2K3D121_wild,C1[C@@H]([C@H](O[C@H]1N2C=CC(=NC2=O)N)COP(=O)(O)OP(=O)(O)OP(=O)(O)O)O,-0.428840101,-0.941955268,0.555192709
arm_DCTUP,Pyrimidine metabolism,A0A2K3D121_wild,C1=CN(C(=O)NC1=O)[C@H]2[C@@H]([C@@H]([C@H](O2)CO)O)O,0.216692954,-0.762983978,0.718674362
arm_DCTUP,Pyrimidine metabolism,A0A2K3E2B0_wild,C1[C@@H]([C@H](O[C@H]1N2C=CC(=NC2=O)N)COP(=O)(O)OP(=O)(O)OP(=O)(O)O)O,0.224243954,-1.749845505,1.140070558
arm_DCTUP,Pyrimidine metabolism,A0A2K3E2B0_wild,C1=CN(C(=O)NC1=O)[C@H]2[C@@H]([C@@H]([C@H](O2)CO)O)O,0.814840019,-1.405597925,1.278716207
arm_DGTCY,Pyrimidine metabolism,A0A2K3CV13_wild,C1=CN(C(=O)N=C1N)[C@H]2[C@@H]([C@@H]([C@H](O2)CO)O)O,0.205772609,-0.791205466,0.964897037
arm_DGTCY,Pyrimidine metabolism,A0A2K3CV13_wild,C1[C@@H]([C@H](O[C@H]1N2C=NC3=C2N=C(NC3=O)N)COP(=O)(O)OP(=O)(O)OP(=O)(O)O)O,-0.57186842,-1.009589553,0.739447653
arm_DGTCY,Pyrimidine metabolism,A0A2K3CZU9_wild,C1=CN(C(=O)N=C1N)[C@H]2[C@@H]([C@@H]([C@H](O2)CO)O)O,0.307804614,-0.89601028,1.157194495
arm_DGTCY,Pyrimidine metabolism,A0A2K3CZU9_wild,C1[C@@H]([C@H](O[C@H]1N2C=NC3=C2N=C(NC3=O)N)COP(=O)(O)OP(=O)(O)OP(=O)(O)O)O,-0.443057865,-1.078953028,0.94832623
arm_DGTCY,Pyrimidine metabolism,A0A2K3D121_wild,C1=CN(C(=O)N=C1N)[C@H]2[C@@H]([C@@H]([C@H](O2)CO)O)O,0.241822332,-0.67887342,0.687675953
arm_DGTCY,Pyrimidine metabolism,A0A2K3D121_wild,C1[C@@H]([C@H](O[C@H]1N2C=NC3=C2N=C(NC3=O)N)COP(=O)(O)OP(=O)(O)OP(=O)(O)O)O,-0.524311423,-0.929938614,0.605648994
arm_DGTCY,Pyrimidine metabolism,A0A2K3E2B0_wild,C1=CN(C(=O)N=C1N)[C@H]2[C@@H]([C@@H]([C@H](O2)CO)O)O,0.874026477,-1.369040847,1.242619753
arm_DGTCY,Pyrimidine metabolism,A0A2K3E2B0_wild,C1[C@@H]([C@H](O[C@H]1N2C=NC3=C2N=C(NC3=O)N)COP(=O)(O)OP(=O)(O)OP(=O)(O)O)O,0.196025684,-1.789622664,1.28837502
arm_DGTUP,Pyrimidine metabolism,A0A2K3CV13_wild,C1[C@@H]([C@H](O[C@H]1N2C=NC3=C2N=C(NC3=O)N)COP(=O)(O)OP(=O)(O)OP(=O)(O)O)O,-0.57186842,-1.009589553,0.739447653
arm_DGTUP,Pyrimidine metabolism,A0A2K3CV13_wild,C1=CN(C(=O)NC1=O)[C@H]2[C@@H]([C@@H]([C@H](O2)CO)O)O,0.142314643,-0.837722957,0.989135861
arm_DGTUP,Pyrimidine metabolism,A0A2K3CZU9_wild,C1[C@@H]([C@H](O[C@H]1N2C=NC3=C2N=C(NC3=O)N)COP(=O)(O)OP(=O)(O)OP(=O)(O)O)O,-0.443057865,-1.078953028,0.94832623
arm_DGTUP,Pyrimidine metabolism,A0A2K3CZU9_wild,C1=CN(C(=O)NC1=O)[C@H]2[C@@H]([C@@H]([C@H](O2)CO)O)O,0.255342901,-0.922686219,1.184064507
arm_DGTUP,Pyrimidine metabolism,A0A2K3D121_wild,C1[C@@H]([C@H](O[C@H]1N2C=NC3=C2N=C(NC3=O)N)COP(=O)(O)OP(=O)(O)OP(=O)(O)O)O,-0.524311423,-0.929938614,0.605648994
arm_DGTUP,Pyrimidine metabolism,A0A2K3D121_wild,C1=CN(C(=O)NC1=O)[C@H]2[C@@H]([C@@H]([C@H](O2)CO)O)O,0.216692954,-0.762983978,0.718674362
arm_DGTUP,Pyrimidine metabolism,A0A2K3E2B0_wild,C1[C@@H]([C@H](O[C@H]1N2C=NC3=C2N=C(NC3=O)N)COP(=O)(O)OP(=O)(O)OP(=O)(O)O)O,0.196025684,-1.789622664,1.28837502
arm_DGTUP,Pyrimidine metabolism,A0A2K3E2B0_wild,C1=CN(C(=O)NC1=O)[C@H]2[C@@H]([C@@H]([C@H](O2)CO)O)O,0.814840019,-1.405597925,1.278716207
arm_DTMPK,Pyrimidine metabolism,A0A2K3DYD5_wild,C1=NC(=C2C(=N1)N(C=N2)[C@H]3[C@@H]([C@@H]([C@H](O3)COP(=O)(O)OP(=O)(O)OP(=O)(O)O)O)O)N,0.450092971,-1.338829875,1.464951038
arm_DTMPK,Pyrimidine metabolism,A0A2K3DYD5_wild,C1[C@@H]([C@H](O[C@H]1N2C=CC(=O)NC2=O)COP(=O)(O)O)O,0.364572436,-1.492128491,1.339616537
arm_DTMPK,Pyrimidine metabolism,A0A2K3DYE3_wild,C1=NC(=C2C(=N1)N(C=N2)[C@H]3[C@@H]([C@@H]([C@H](O3)COP(=O)(O)OP(=O)(O)OP(=O)(O)O)O)O)N,0.675351024,-1.342435837,1.45573926
arm_DTMPK,Pyrimidine metabolism,A0A2K3DYE3_wild,C1[C@@H]([C@H](O[C@H]1N2C=CC(=O)NC2=O)COP(=O)(O)O)O,0.639116585,-1.42448175,1.32152915
arm_DTTGY,Pyrimidine metabolism,A0A2K3CV13_wild,C1=CN(C(=O)N=C1N)[C@H]2[C@@H]([C@@H]([C@H](O2)CO)O)O,0.205772609,-0.791205466,0.964897037
arm_DTTGY,Pyrimidine metabolism,A0A2K3CV13_wild,CC1=CN(C(=O)NC1=O)[C@H]2C[C@@H]([C@H](O2)COP(=O)(O)OP(=O)(O)OP(=O)(O)O)O,-0.595719934,-1.072115898,0.638243377
arm_DTTGY,Pyrimidine metabolism,A0A2K3CZU9_wild,C1=CN(C(=O)N=C1N)[C@H]2[C@@H]([C@@H]([C@H](O2)CO)O)O,0.307804614,-0.89601028,1.157194495
arm_DTTGY,Pyrimidine metabolism,A0A2K3CZU9_wild,CC1=CN(C(=O)NC1=O)[C@H]2C[C@@H]([C@H](O2)COP(=O)(O)OP(=O)(O)OP(=O)(O)O)O,-0.474321038,-1.112277389,0.84746933
arm_DTTGY,Pyrimidine metabolism,A0A2K3D121_wild,C1=CN(C(=O)N=C1N)[C@H]2[C@@H]([C@@H]([C@H](O2)CO)O)O,0.241822332,-0.67887342,0.687675953
arm_DTTGY,Pyrimidine metabolism,A0A2K3D121_wild,CC1=CN(C(=O)NC1=O)[C@H]2C[C@@H]([C@H](O2)COP(=O)(O)OP(=O)(O)OP(=O)(O)O)O,-0.419716269,-0.942629337,0.562933505
arm_DTTGY,Pyrimidine metabolism,A0A2K3E2B0_wild,C1=CN(C(=O)N=C1N)[C@H]2[C@@H]([C@@H]([C@H](O2)CO)O)O,0.874026477,-1.369040847,1.242619753
arm_DTTGY,Pyrimidine metabolism,A0A2K3E2B0_wild,CC1=CN(C(=O)NC1=O)[C@H]2C[C@@H]([C@H](O2)COP(=O)(O)OP(=O)(O)OP(=O)(O)O)O,0.138607174,-1.707913637,1.100642681
arm_DTTUP,Pyrimidine metabolism,A0A2K3CV13_wild,CC1=CN(C(=O)NC1=O)[C@H]2C[C@@H]([C@H](O2)COP(=O)(O)OP(=O)(O)OP(=O)(O)O)O,-0.595719934,-1.072115898,0.638243377
arm_DTTUP,Pyrimidine metabolism,A0A2K3CV13_wild,C1=CN(C(=O)NC1=O)[C@H]2[C@@H]([C@@H]([C@H](O2)CO)O)O,0.142314643,-0.837722957,0.989135861
arm_DTTUP,Pyrimidine metabolism,A0A2K3CZU9_wild,CC1=CN(C(=O)NC1=O)[C@H]2C[C@@H]([C@H](O2)COP(=O)(O)OP(=O)(O)OP(=O)(O)O)O,-0.474321038,-1.112277389,0.84746933
arm_DTTUP,Pyrimidine metabolism,A0A2K3CZU9_wild,C1=CN(C(=O)NC1=O)[C@H]2[C@@H]([C@@H]([C@H](O2)CO)O)O,0.255342901,-0.922686219,1.184064507
arm_DTTUP,Pyrimidine metabolism,A0A2K3D121_wild,CC1=CN(C(=O)NC1=O)[C@H]2C[C@@H]([C@H](O2)COP(=O)(O)OP(=O)(O)OP(=O)(O)O)O,-0.419716269,-0.942629337,0.562933505
arm_DTTUP,Pyrimidine metabolism,A0A2K3D121_wild,C1=CN(C(=O)NC1=O)[C@H]2[C@@H]([C@@H]([C@H](O2)CO)O)O,0.216692954,-0.762983978,0.718674362
arm_DTTUP,Pyrimidine metabolism,A0A2K3E2B0_wild,CC1=CN(C(=O)NC1=O)[C@H]2C[C@@H]([C@H](O2)COP(=O)(O)OP(=O)(O)OP(=O)(O)O)O,0.138607174,-1.707913637,1.100642681
arm_DTTUP,Pyrimidine metabolism,A0A2K3E2B0_wild,C1=CN(C(=O)NC1=O)[C@H]2[C@@H]([C@@H]([C@H](O2)CO)O)O,0.814840019,-1.405597925,1.278716207
arm_DUDT,Pyrimidine metabolism,A8IKH1_wild,C[N+](C)(C)[C@@H](CC1=CNC(=S)N1)C(=O)O,0.097114302,-0.964252174,0.795710504
arm_DUDT,Pyrimidine metabolism,A8IKH1_wild,C1=CN(C(=O)NC1=O)[C@H]2[C@@H]([C@@H]([C@H](O2)COP(=O)(O)OP(=O)(O)O)O)O,0.423522085,-1.086908579,1.131223917
arm_DUDT,Pyrimidine metabolism,A8ILR9_wild,C[N+](C)(C)[C@@H](CC1=CNC(=S)N1)C(=O)O,0.712643325,-1.146866083,1.464319825
arm_DUDT,Pyrimidine metabolism,A8ILR9_wild,C1=CN(C(=O)NC1=O)[C@H]2[C@@H]([C@@H]([C@H](O2)COP(=O)(O)OP(=O)(O)O)O)O,0.976676822,-1.18770957,1.728288651
arm_DUDT,Pyrimidine metabolism,A8IYP5_wild,C[N+](C)(C)[C@@H](CC1=CNC(=S)N1)C(=O)O,0.266665041,-0.68040508,1.094905496
arm_DUDT,Pyrimidine metabolism,A8IYP5_wild,C1=CN(C(=O)NC1=O)[C@H]2[C@@H]([C@@H]([C@H](O2)COP(=O)(O)OP(=O)(O)O)O)O,0.604471743,-0.806176841,1.385071993
arm_DUDT,Pyrimidine metabolism,A8IZR5_wild,C[N+](C)(C)[C@@H](CC1=CNC(=S)N1)C(=O)O,1.03800559,-0.863260388,1.826474428
arm_DUDT,Pyrimidine metabolism,A8IZR5_wild,C1=CN(C(=O)NC1=O)[C@H]2[C@@H]([C@@H]([C@H](O2)COP(=O)(O)OP(=O)(O)O)O)O,1.349461317,-0.920795798,2.056554079
arm_DUDT,Pyrimidine metabolism,A8JDR3_wild,C[N+](C)(C)[C@@H](CC1=CNC(=S)N1)C(=O)O,-0.45495218,-1.545891285,1.124659657
arm_DUDT,Pyrimidine metabolism,A8JDR3_wild,C1=CN(C(=O)NC1=O)[C@H]2[C@@H]([C@@H]([C@H](O2)COP(=O)(O)OP(=O)(O)O)O)O,0.03385026,-1.601588249,1.509303927
arm_DUTCP,Pyrimidine metabolism,A0A2K3CV13_wild,C1=CN(C(=O)N=C1N)[C@H]2[C@@H]([C@@H]([C@H](O2)CO)O)O,0.205772609,-0.791205466,0.964897037
arm_DUTCP,Pyrimidine metabolism,A0A2K3CV13_wild,C1[C@@H]([C@H](O[C@H]1N2C=CC(=O)NC2=O)COP(=O)(O)OP(=O)(O)OP(=O)(O)O)O,-0.577444434,-0.963814139,0.610384464
arm_DUTCP,Pyrimidine metabolism,A0A2K3CZU9_wild,C1=CN(C(=O)N=C1N)[C@H]2[C@@H]([C@@H]([C@H](O2)CO)O)O,0.307804614,-0.89601028,1.157194495
arm_DUTCP,Pyrimidine metabolism,A0A2K3CZU9_wild,C1[C@@H]([C@H](O[C@H]1N2C=CC(=O)NC2=O)COP(=O)(O)OP(=O)(O)OP(=O)(O)O)O,-0.434163958,-1.021343112,0.812964737
arm_DUTCP,Pyrimidine metabolism,A0A2K3D121_wild,C1=CN(C(=O)N=C1N)[C@H]2[C@@H]([C@@H]([C@H](O2)CO)O)O,0.241822332,-0.67887342,0.687675953
arm_DUTCP,Pyrimidine metabolism,A0A2K3D121_wild,C1[C@@H]([C@H](O[C@H]1N2C=CC(=O)NC2=O)COP(=O)(O)OP(=O)(O)OP(=O)(O)O)O,-0.360886544,-0.898176551,0.572654188
arm_DUTCP,Pyrimidine metabolism,A0A2K3E2B0_wild,C1=CN(C(=O)N=C1N)[C@H]2[C@@H]([C@@H]([C@H](O2)CO)O)O,0.874026477,-1.369040847,1.242619753
arm_DUTCP,Pyrimidine metabolism,A0A2K3E2B0_wild,C1[C@@H]([C@H](O[C@H]1N2C=CC(=O)NC2=O)COP(=O)(O)OP(=O)(O)OP(=O)(O)O)O,0.266733587,-1.690232635,1.129456401
arm_DUTNH,Pyrimidine metabolism,A0A2K3CUF8_wild,C1[C@@H]([C@H](O[C@H]1N2C=CC(=O)NC2=O)COP(=O)(O)OP(=O)(O)OP(=O)(O)O)O,1.26061976,-1.606477737,2.247519255
arm_DUTNH,Pyrimidine metabolism,A0A2K3CUF8_wild,O,2.503924131,-0.276653081,2.445652485
arm_DUTNH,Pyrimidine metabolism,A8JEL2_wild,C1[C@@H]([C@H](O[C@H]1N2C=CC(=O)NC2=O)COP(=O)(O)OP(=O)(O)OP(=O)(O)O)O,0.815370381,-0.843705356,1.314313889
arm_DUTNH,Pyrimidine metabolism,A8JEL2_wild,O,1.678095818,-0.191368416,1.588181019
arm_DUTUP,Pyrimidine metabolism,A0A2K3CV13_wild,C1[C@@H]([C@H](O[C@H]1N2C=CC(=O)NC2=O)COP(=O)(O)OP(=O)(O)OP(=O)(O)O)O,-0.577444434,-0.963814139,0.610384464
arm_DUTUP,Pyrimidine metabolism,A0A2K3CV13_wild,C1=CN(C(=O)NC1=O)[C@H]2[C@@H]([C@@H]([C@H](O2)CO)O)O,0.142314643,-0.837722957,0.989135861
arm_DUTUP,Pyrimidine metabolism,A0A2K3CZU9_wild,C1[C@@H]([C@H](O[C@H]1N2C=CC(=O)NC2=O)COP(=O)(O)OP(=O)(O)OP(=O)(O)O)O,-0.434163958,-1.021343112,0.812964737
arm_DUTUP,Pyrimidine metabolism,A0A2K3CZU9_wild,C1=CN(C(=O)NC1=O)[C@H]2[C@@H]([C@@H]([C@H](O2)CO)O)O,0.255342901,-0.922686219,1.184064507
arm_DUTUP,Pyrimidine metabolism,A0A2K3D121_wild,C1[C@@H]([C@H](O[C@H]1N2C=CC(=O)NC2=O)COP(=O)(O)OP(=O)(O)OP(=O)(O)O)O,-0.360886544,-0.898176551,0.572654188
arm_DUTUP,Pyrimidine metabolism,A0A2K3D121_wild,C1=CN(C(=O)NC1=O)[C@H]2[C@@H]([C@@H]([C@H](O2)CO)O)O,0.216692954,-0.762983978,0.718674362
arm_DUTUP,Pyrimidine metabolism,A0A2K3E2B0_wild,C1[C@@H]([C@H](O[C@H]1N2C=CC(=O)NC2=O)COP(=O)(O)OP(=O)(O)OP(=O)(O)O)O,0.266733587,-1.690232635,1.129456401
arm_DUTUP,Pyrimidine metabolism,A0A2K3E2B0_wild,C1=CN(C(=O)NC1=O)[C@H]2[C@@H]([C@@H]([C@H](O2)CO)O)O,0.814840019,-1.405597925,1.278716207
arm_GTCY,Pyrimidine metabolism,A0A2K3CV13_wild,C1=CN(C(=O)N=C1N)[C@H]2[C@@H]([C@@H]([C@H](O2)CO)O)O,0.205772609,-0.791205466,0.964897037
arm_GTCY,Pyrimidine metabolism,A0A2K3CV13_wild,C1=NC2=C(N1[C@H]3[C@@H]([C@@H]([C@H](O3)COP(=O)(O)OP(=O)(O)OP(=O)(O)O)O)O)N=C(NC2=O)N,-0.393879026,-0.968507767,0.80897063
arm_GTCY,Pyrimidine metabolism,A0A2K3CZU9_wild,C1=CN(C(=O)N=C1N)[C@H]2[C@@H]([C@@H]([C@H](O2)CO)O)O,0.307804614,-0.89601028,1.157194495
arm_GTCY,Pyrimidine metabolism,A0A2K3CZU9_wild,C1=NC2=C(N1[C@H]3[C@@H]([C@@H]([C@H](O3)COP(=O)(O)OP(=O)(O)OP(=O)(O)O)O)O)N=C(NC2=O)N,-0.258984864,-1.020121574,1.03196466
arm_GTCY,Pyrimidine metabolism,A0A2K3D121_wild,C1=CN(C(=O)N=C1N)[C@H]2[C@@H]([C@@H]([C@H](O2)CO)O)O,0.241822332,-0.67887342,0.687675953
arm_GTCY,Pyrimidine metabolism,A0A2K3D121_wild,C1=NC2=C(N1[C@H]3[C@@H]([C@@H]([C@H](O3)COP(=O)(O)OP(=O)(O)OP(=O)(O)O)O)O)N=C(NC2=O)N,-0.312307,-0.850127697,0.665938914
arm_GTCY,Pyrimidine metabolism,A0A2K3E2B0_wild,C1=CN(C(=O)N=C1N)[C@H]2[C@@H]([C@@H]([C@H](O2)CO)O)O,0.874026477,-1.369040847,1.242619753
arm_GTCY,Pyrimidine metabolism,A0A2K3E2B0_wild,C1=NC2=C(N1[C@H]3[C@@H]([C@@H]([C@H](O3)COP(=O)(O)OP(=O)(O)OP(=O)(O)O)O)O)N=C(NC2=O)N,0.350046933,-1.683739066,1.325367212
arm_GTUP,Pyrimidine metabolism,A0A2K3CV13_wild,C1=NC2=C(N1[C@H]3[C@@H]([C@@H]([C@H](O3)COP(=O)(O)OP(=O)(O)OP(=O)(O)O)O)O)N=C(NC2=O)N,-0.393879026,-0.968507767,0.80897063
arm_GTUP,Pyrimidine metabolism,A0A2K3CV13_wild,C1=CN(C(=O)NC1=O)[C@H]2[C@@H]([C@@H]([C@H](O2)CO)O)O,0.142314643,-0.837722957,0.989135861
arm_GTUP,Pyrimidine metabolism,A0A2K3CZU9_wild,C1=NC2=C(N1[C@H]3[C@@H]([C@@H]([C@H](O3)COP(=O)(O)OP(=O)(O)OP(=O)(O)O)O)O)N=C(NC2=O)N,-0.258984864,-1.020121574,1.03196466
arm_GTUP,Pyrimidine metabolism,A0A2K3CZU9_wild,C1=CN(C(=O)NC1=O)[C@H]2[C@@H]([C@@H]([C@H](O2)CO)O)O,0.255342901,-0.922686219,1.184064507
arm_GTUP,Pyrimidine metabolism,A0A2K3D121_wild,C1=NC2=C(N1[C@H]3[C@@H]([C@@H]([C@H](O3)COP(=O)(O)OP(=O)(O)OP(=O)(O)O)O)O)N=C(NC2=O)N,-0.312307,-0.850127697,0.665938914
arm_GTUP,Pyrimidine metabolism,A0A2K3D121_wild,C1=CN(C(=O)NC1=O)[C@H]2[C@@H]([C@@H]([C@H](O2)CO)O)O,0.216692954,-0.762983978,0.718674362
arm_GTUP,Pyrimidine metabolism,A0A2K3E2B0_wild,C1=NC2=C(N1[C@H]3[C@@H]([C@@H]([C@H](O3)COP(=O)(O)OP(=O)(O)OP(=O)(O)O)O)O)N=C(NC2=O)N,0.350046933,-1.683739066,1.325367212
arm_GTUP,Pyrimidine metabolism,A0A2K3E2B0_wild,C1=CN(C(=O)NC1=O)[C@H]2[C@@H]([C@@H]([C@H](O2)CO)O)O,0.814840019,-1.405597925,1.278716207
arm_ITCY,Pyrimidine metabolism,A0A2K3CV13_wild,C1=CN(C(=O)N=C1N)[C@H]2[C@@H]([C@@H]([C@H](O2)CO)O)O,0.205772609,-0.791205466,0.964897037
arm_ITCY,Pyrimidine metabolism,A0A2K3CV13_wild,C1=NC2=C(C(=O)N1)N=CN2[C@H]3[C@@H]([C@@H]([C@H](O3)COP(=O)(O)OP(=O)(O)OP(=O)(O)O)O)O,-0.369921684,-1.068890572,0.892885506
arm_ITCY,Pyrimidine metabolism,A0A2K3CZU9_wild,C1=CN(C(=O)N=C1N)[C@H]2[C@@H]([C@@H]([C@H](O2)CO)O)O,0.307804614,-0.89601028,1.157194495
arm_ITCY,Pyrimidine metabolism,A0A2K3CZU9_wild,C1=NC2=C(C(=O)N1)N=CN2[C@H]3[C@@H]([C@@H]([C@H](O3)COP(=O)(O)OP(=O)(O)OP(=O)(O)O)O)O,-0.248358458,-1.124612093,1.109414339
arm_ITCY,Pyrimidine metabolism,A0A2K3D121_wild,C1=CN(C(=O)N=C1N)[C@H]2[C@@H]([C@@H]([C@H](O2)CO)O)O,0.241822332,-0.67887342,0.687675953
arm_ITCY,Pyrimidine metabolism,A0A2K3D121_wild,C1=NC2=C(C(=O)N1)N=CN2[C@H]3[C@@H]([C@@H]([C@H](O3)COP(=O)(O)OP(=O)(O)OP(=O)(O)O)O)O,-0.264129996,-0.922172725,0.787055612
arm_ITCY,Pyrimidine metabolism,A0A2K3E2B0_wild,C1=CN(C(=O)N=C1N)[C@H]2[C@@H]([C@@H]([C@H](O2)CO)O)O,0.874026477,-1.369040847,1.242619753
arm_ITCY,Pyrimidine metabolism,A0A2K3E2B0_wild,C1=NC2=C(C(=O)N1)N=CN2[C@H]3[C@@H]([C@@H]([C@H](O3)COP(=O)(O)OP(=O)(O)OP(=O)(O)O)O)O,0.359480649,-1.700639963,1.386815548
arm_ITUP,Pyrimidine metabolism,A0A2K3CV13_wild,C1=NC2=C(C(=O)N1)N=CN2[C@H]3[C@@H]([C@@H]([C@H](O3)COP(=O)(O)OP(=O)(O)OP(=O)(O)O)O)O,-0.369921684,-1.068890572,0.892885506
arm_ITUP,Pyrimidine metabolism,A0A2K3CV13_wild,C1=CN(C(=O)NC1=O)[C@H]2[C@@H]([C@@H]([C@H](O2)CO)O)O,0.142314643,-0.837722957,0.989135861
arm_ITUP,Pyrimidine metabolism,A0A2K3CZU9_wild,C1=NC2=C(C(=O)N1)N=CN2[C@H]3[C@@H]([C@@H]([C@H](O3)COP(=O)(O)OP(=O)(O)OP(=O)(O)O)O)O,-0.248358458,-1.124612093,1.109414339
arm_ITUP,Pyrimidine metabolism,A0A2K3CZU9_wild,C1=CN(C(=O)NC1=O)[C@H]2[C@@H]([C@@H]([C@H](O2)CO)O)O,0.255342901,-0.922686219,1.184064507
arm_ITUP,Pyrimidine metabolism,A0A2K3D121_wild,C1=NC2=C(C(=O)N1)N=CN2[C@H]3[C@@H]([C@@H]([C@H](O3)COP(=O)(O)OP(=O)(O)OP(=O)(O)O)O)O,-0.264129996,-0.922172725,0.787055612
arm_ITUP,Pyrimidine metabolism,A0A2K3D121_wild,C1=CN(C(=O)NC1=O)[C@H]2[C@@H]([C@@H]([C@H](O2)CO)O)O,0.216692954,-0.762983978,0.718674362
arm_ITUP,Pyrimidine metabolism,A0A2K3E2B0_wild,C1=NC2=C(C(=O)N1)N=CN2[C@H]3[C@@H]([C@@H]([C@H](O3)COP(=O)(O)OP(=O)(O)OP(=O)(O)O)O)O,0.359480649,-1.700639963,1.386815548
arm_ITUP,Pyrimidine metabolism,A0A2K3E2B0_wild,C1=CN(C(=O)NC1=O)[C@H]2[C@@H]([C@@H]([C@H](O2)CO)O)O,0.814840019,-1.405597925,1.278716207
arm_TDSR,Pyrimidine metabolism,A0A2K3DH08_wild,[H+],1.988120675,-0.125672042,1.681263566
arm_TDSR,Pyrimidine metabolism,A0A2K3DH08_wild,C1C=CN(C=C1C(=O)N)[C@H]2[C@@H]([C@@H]([C@H](O2)COP(=O)(O)OP(=O)(O)OC[C@@H]3[C@H]([C@H]([C@@H](O3)N4C=NC5=C(N=CN=C54)N)OP(=O)(O)O)O)O)O,1.340135455,-1.55535233,2.635529757
arm_TDSR,Pyrimidine metabolism,A0A2K3DLM9_wild,[H+],1.833686113,-0.100700401,1.47284627
arm_TDSR,Pyrimidine metabolism,A0A2K3DLM9_wild,C1C=CN(C=C1C(=O)N)[C@H]2[C@@H]([C@@H]([C@H](O2)COP(=O)(O)OP(=O)(O)OC[C@@H]3[C@H]([C@H]([C@@H](O3)N4C=NC5=C(N=CN=C54)N)OP(=O)(O)O)O)O)O,1.236286163,-1.384846449,2.196711302
arm_TDSR,Pyrimidine metabolism,A8I208_wild,[H+],1.412218451,-0.179015189,1.096085906
arm_TDSR,Pyrimidine metabolism,A8I208_wild,C1C=CN(C=C1C(=O)N)[C@H]2[C@@H]([C@@H]([C@H](O2)COP(=O)(O)OP(=O)(O)OC[C@@H]3[C@H]([C@H]([C@@H](O3)N4C=NC5=C(N=CN=C54)N)OP(=O)(O)O)O)O)O,1.02598536,-1.374484062,1.950810671
arm_TDSR,Pyrimidine metabolism,A8IYP5_wild,[H+],1.426431894,0.215417221,1.439236879
arm_TDSR,Pyrimidine metabolism,A8IYP5_wild,C1C=CN(C=C1C(=O)N)[C@H]2[C@@H]([C@@H]([C@H](O2)COP(=O)(O)OP(=O)(O)OC[C@@H]3[C@H]([C@H]([C@@H](O3)N4C=NC5=C(N=CN=C54)N)OP(=O)(O)O)O)O)O,0.696393371,-1.432467461,2.082762241
arm_TDSR,Pyrimidine metabolism,A8IZR5_wild,[H+],2.177950382,-0.109385535,2.182478428
arm_TDSR,Pyrimidine metabolism,A8IZR5_wild,C1C=CN(C=C1C(=O)N)[C@H]2[C@@H]([C@@H]([C@H](O2)COP(=O)(O)OP(=O)(O)OC[C@@H]3[C@H]([C@H]([C@@H](O3)N4C=NC5=C(N=CN=C54)N)OP(=O)(O)O)O)O)O,1.545622587,-1.57618463,2.893934011
arm_TDSRh,Pyrimidine metabolism,A0A2K3DH08_wild,[H+],1.988120675,-0.125672042,1.681263566
arm_TDSRh,Pyrimidine metabolism,A0A2K3DH08_wild,C1C=CN(C=C1C(=O)N)[C@H]2[C@@H]([C@@H]([C@H](O2)COP(=O)(O)OP(=O)(O)OC[C@@H]3[C@H]([C@H]([C@@H](O3)N4C=NC5=C(N=CN=C54)N)OP(=O)(O)O)O)O)O,1.340135455,-1.55535233,2.635529757
arm_TDSRh,Pyrimidine metabolism,A0A2K3DLM9_wild,[H+],1.833686113,-0.100700401,1.47284627
arm_TDSRh,Pyrimidine metabolism,A0A2K3DLM9_wild,C1C=CN(C=C1C(=O)N)[C@H]2[C@@H]([C@@H]([C@H](O2)COP(=O)(O)OP(=O)(O)OC[C@@H]3[C@H]([C@H]([C@@H](O3)N4C=NC5=C(N=CN=C54)N)OP(=O)(O)O)O)O)O,1.236286163,-1.384846449,2.196711302
arm_TDSRh,Pyrimidine metabolism,A0A2K3DSC9_wild,[H+],1.912432432,-0.134308949,1.499700785
arm_TDSRh,Pyrimidine metabolism,A0A2K3DSC9_wild,C1C=CN(C=C1C(=O)N)[C@H]2[C@@H]([C@@H]([C@H](O2)COP(=O)(O)OP(=O)(O)OC[C@@H]3[C@H]([C@H]([C@@H](O3)N4C=NC5=C(N=CN=C54)N)OP(=O)(O)O)O)O)O,1.059136391,-1.620452881,2.0192523
arm_TDSRh,Pyrimidine metabolism,A0A2K3E888_wild,[H+],1.538538694,-0.390973926,1.207226992
arm_TDSRh,Pyrimidine metabolism,A0A2K3E888_wild,C1C=CN(C=C1C(=O)N)[C@H]2[C@@H]([C@@H]([C@H](O2)COP(=O)(O)OP(=O)(O)OC[C@@H]3[C@H]([C@H]([C@@H](O3)N4C=NC5=C(N=CN=C54)N)OP(=O)(O)O)O)O)O,0.899498582,-1.708137274,2.013134956
arm_TDSRh,Pyrimidine metabolism,A8I208_wild,[H+],1.412218451,-0.179015189,1.096085906
arm_TDSRh,Pyrimidine metabolism,A8I208_wild,C1C=CN(C=C1C(=O)N)[C@H]2[C@@H]([C@@H]([C@H](O2)COP(=O)(O)OP(=O)(O)OC[C@@H]3[C@H]([C@H]([C@@H](O3)N4C=NC5=C(N=CN=C54)N)OP(=O)(O)O)O)O)O,1.02598536,-1.374484062,1.950810671
arm_TDSRh,Pyrimidine metabolism,Q84XR8_wild,[H+],1.33144784,-0.408542216,0.720068812
arm_TDSRh,Pyrimidine metabolism,Q84XR8_wild,C1C=CN(C=C1C(=O)N)[C@H]2[C@@H]([C@@H]([C@H](O2)COP(=O)(O)OP(=O)(O)OC[C@@H]3[C@H]([C@H]([C@@H](O3)N4C=NC5=C(N=CN=C54)N)OP(=O)(O)O)O)O)O,0.61969614,-1.875541329,1.493969202
arm_TDSRh,Pyrimidine metabolism,Q84XS2_wild,[H+],0.86885345,-0.325368136,0.608162582
arm_TDSRh,Pyrimidine metabolism,Q84XS2_wild,C1C=CN(C=C1C(=O)N)[C@H]2[C@@H]([C@@H]([C@H](O2)COP(=O)(O)OP(=O)(O)OC[C@@H]3[C@H]([C@H]([C@@H](O3)N4C=NC5=C(N=CN=C54)N)OP(=O)(O)O)O)O)O,0.266252905,-1.766121268,1.359659433
arm_UMPK,Pyrimidine metabolism,A0A2K3DAD1_wild,C1=NC(=C2C(=N1)N(C=N2)[C@H]3[C@@H]([C@@H]([C@H](O3)COP(=O)(O)OP(=O)(O)OP(=O)(O)O)O)O)N,1.418976665,-0.738042474,1.640283942
arm_UMPK,Pyrimidine metabolism,A0A2K3DAD1_wild,C1=CN(C(=O)NC1=O)[C@H]2[C@@H]([C@@H]([C@H](O2)COP(=O)(O)O)O)O,1.422851563,-0.829012871,1.513721824
arm_UMPK,Pyrimidine metabolism,A0A2K3E1F3_wild,C1=NC(=C2C(=N1)N(C=N2)[C@H]3[C@@H]([C@@H]([C@H](O3)COP(=O)(O)OP(=O)(O)OP(=O)(O)O)O)O)N,0.610598445,-0.565602183,0.829961777
arm_UMPK,Pyrimidine metabolism,A0A2K3E1F3_wild,C1=CN(C(=O)NC1=O)[C@H]2[C@@H]([C@@H]([C@H](O2)COP(=O)(O)O)O)O,0.621168077,-0.709998012,0.756605983
arm_UTCY,Pyrimidine metabolism,A0A2K3CV13_wild,C1=CN(C(=O)N=C1N)[C@H]2[C@@H]([C@@H]([C@H](O2)CO)O)O,0.205772609,-0.791205466,0.964897037
arm_UTCY,Pyrimidine metabolism,A0A2K3CV13_wild,C1=CN(C(=O)NC1=O)[C@H]2[C@@H]([C@@H]([C@H](O2)COP(=O)(O)OP(=O)(O)OP(=O)(O)O)O)O,-0.353717774,-1.002402544,0.74370271
arm_UTCY,Pyrimidine metabolism,A0A2K3CZU9_wild,C1=CN(C(=O)N=C1N)[C@H]2[C@@H]([C@@H]([C@H](O2)CO)O)O,0.307804614,-0.89601028,1.157194495
arm_UTCY,Pyrimidine metabolism,A0A2K3CZU9_wild,C1=CN(C(=O)NC1=O)[C@H]2[C@@H]([C@@H]([C@H](O2)COP(=O)(O)OP(=O)(O)OP(=O)(O)O)O)O,-0.207859561,-1.044614434,0.959216893
arm_UTCY,Pyrimidine metabolism,A0A2K3D121_wild,C1=CN(C(=O)N=C1N)[C@H]2[C@@H]([C@@H]([C@H](O2)CO)O)O,0.241822332,-0.67887342,0.687675953
arm_UTCY,Pyrimidine metabolism,A0A2K3D121_wild,C1=CN(C(=O)NC1=O)[C@H]2[C@@H]([C@@H]([C@H](O2)COP(=O)(O)OP(=O)(O)OP(=O)(O)O)O)O,-0.194301367,-0.916752458,0.643306077
arm_UTCY,Pyrimidine metabolism,A0A2K3E2B0_wild,C1=CN(C(=O)N=C1N)[C@H]2[C@@H]([C@@H]([C@H](O2)CO)O)O,0.874026477,-1.369040847,1.242619753
arm_UTCY,Pyrimidine metabolism,A0A2K3E2B0_wild,C1=CN(C(=O)NC1=O)[C@H]2[C@@H]([C@@H]([C@H](O2)COP(=O)(O)OP(=O)(O)OP(=O)(O)O)O)O,0.383010447,-1.635014176,1.18862474
arm_UTUP,Pyrimidine metabolism,A0A2K3CV13_wild,C1=CN(C(=O)NC1=O)[C@H]2[C@@H]([C@@H]([C@H](O2)CO)O)O,0.142314643,-0.837722957,0.989135861
arm_UTUP,Pyrimidine metabolism,A0A2K3CV13_wild,C1=CN(C(=O)NC1=O)[C@H]2[C@@H]([C@@H]([C@H](O2)COP(=O)(O)OP(=O)(O)OP(=O)(O)O)O)O,-0.353717774,-1.002402544,0.74370271
arm_UTUP,Pyrimidine metabolism,A0A2K3CZU9_wild,C1=CN(C(=O)NC1=O)[C@H]2[C@@H]([C@@H]([C@H](O2)CO)O)O,0.255342901,-0.922686219,1.184064507
arm_UTUP,Pyrimidine metabolism,A0A2K3CZU9_wild,C1=CN(C(=O)NC1=O)[C@H]2[C@@H]([C@@H]([C@H](O2)COP(=O)(O)OP(=O)(O)OP(=O)(O)O)O)O,-0.207859561,-1.044614434,0.959216893
arm_UTUP,Pyrimidine metabolism,A0A2K3D121_wild,C1=CN(C(=O)NC1=O)[C@H]2[C@@H]([C@@H]([C@H](O2)CO)O)O,0.216692954,-0.762983978,0.718674362
arm_UTUP,Pyrimidine metabolism,A0A2K3D121_wild,C1=CN(C(=O)NC1=O)[C@H]2[C@@H]([C@@H]([C@H](O2)COP(=O)(O)OP(=O)(O)OP(=O)(O)O)O)O,-0.194301367,-0.916752458,0.643306077
arm_UTUP,Pyrimidine metabolism,A0A2K3E2B0_wild,C1=CN(C(=O)NC1=O)[C@H]2[C@@H]([C@@H]([C@H](O2)CO)O)O,0.814840019,-1.405597925,1.278716207
arm_UTUP,Pyrimidine metabolism,A0A2K3E2B0_wild,C1=CN(C(=O)NC1=O)[C@H]2[C@@H]([C@@H]([C@H](O2)COP(=O)(O)OP(=O)(O)OP(=O)(O)O)O)O,0.383010447,-1.635014176,1.18862474
arm_DHROm_REV,Pyrimidine metabolism,A0A2K3DQ79_wild,OO,0.395980209,-1.066444159,1.355235457
arm_DHROm_REV,Pyrimidine metabolism,A0A2K3DQ79_wild,C1=C(NC(=O)NC1=O)C(=O)[O-],0.031292032,-1.62084353,1.459444404
arm_DHROm_REV,Pyrimidine metabolism,A0A2K3DZJ5_wild,OO,0.540578723,-0.959102988,1.447998762
arm_DHROm_REV,Pyrimidine metabolism,A0A2K3DZJ5_wild,C1=C(NC(=O)NC1=O)C(=O)[O-],-0.153600946,-1.628920913,1.38060832